{
  "F008A": {
    "code_full": "F008A",
    "code_short": "F 08",
    "blok_display": "F008A",
    "tt": "2008",
    "age": 18,
    "luas": 29.6,
    "total_trees": 3770,
    "merah": 1,
    "oranye": 1104,
    "kuning": 2663,
    "hijau": 2,
    "spread_ratio": 1104.0,
    "infection_pct": 29.310344827586203,
    "severity_score": 10279.224137931034,
    "real_ton": 628.16,
    "potensi_ton": 577.6643356643357,
    "real_ton_ha": 21.22162162162162,
    "potensi_ton_ha": 19.515687015687014,
    "gap_ton_ha": 1.705934605934604,
    "gap_pct": 8.74135050722707,
    "pkk_stadium_12": 158,
    "pkk_stadium_34": 46,
    "pkk_total": 204,
    "pkk_pct": 5.411140583554377,
    "loss_per_year_million": 0.0,
    "loss_per_year_juta": 0.0,
    "sph": 127
  },
  "D001A": {
    "code_full": "D001A",
    "code_short": "D 01",
    "blok_display": "D001A",
    "tt": "2009",
    "age": 17,
    "luas": 25.8,
    "total_trees": 3486,
    "merah": 1,
    "oranye": 887,
    "kuning": 2586,
    "hijau": 12,
    "spread_ratio": 887.0,
    "infection_pct": 25.47332185886403,
    "severity_score": 8259.589328743547,
    "real_ton": 449.32,
    "potensi_ton": 570.9580419580419,
    "real_ton_ha": 17.41550387596899,
    "potensi_ton_ha": 22.130156665040385,
    "gap_ton_ha": -4.714652789071392,
    "gap_pct": -21.304199786887448,
    "pkk_stadium_12": 93,
    "pkk_stadium_34": 13,
    "pkk_total": 106,
    "pkk_pct": 3.040734366035571,
    "loss_per_year_million": 0.18245706293706287,
    "loss_per_year_juta": 182.4570629370629,
    "sph": 135
  },
  "combined": {
    "total_luas": 55.400000000000006,
    "total_loss_million": 0.18245706293706287,
    "total_loss_juta": 182.4570629370629,
    "total_trees": 7256,
    "total_infected": 1993,
    "avg_infection_pct": 27.391833343225116
  }
}