blok,total_trees,merah,oranye,kuning,hijau,spread_ratio,infection_pct,severity_score
F08,3770,1,1104,2663,2,1104.0,29.310344827586203,10279.224137931034
D01,3486,1,887,2586,12,887.0,25.47332185886403,8259.589328743547
