0,1,2,3,4,5,6,7,8,9,10,11,12,13,14,15,16,17,18,19,20,21,22,23,24,25,26,27,28,29,30,31,32,33,34,35,36,37,38,39,40,41,42,43,44,45,46,47,48,49,50,51,52,53,54,55,56,57,58,59,60,61,62,63,64,65,66,67,68,69,70,71,72,73,74,75,76,77,78,79,80,81,82,83,84,85,86,87,88,89,90,91,92,93,94,95,96,97,98,99,100,101,102,103,104,105,106,107,108,109,110,111,112,113,114,115,116,117,118,119,120,121,122,123,124,125,126,127,128,129,130,131,132,133,134,135,136,137,138,139,140,141,142,143,144,145,146,147,148,149,150,151,152,153,154,155,156,157,158,159,160,161,162,163,164,165,166,167,168,169,170,171,172,173,174,175,176
,,REAL TANAM INTI,,,,,,,,,,,,,,,,,,,,,,,,,,,,,,,,,,,,,,,,,,,,,,,,,,,,,,,,,,,,,,,,,,,,,,,,,,,,,,,,,,,,,,,,,,,,,,,,,,,,,,,,,,,,,,,,,,,,,,,,,,,,,,,,,,,,,,,,,,,,,,,,,,,,,,,,,,,,,,,,,,,,,,,,,,,,,,
,,UPDATE NOVEMBER 2025,,,,,,,,,,,,,,,,,,,,,,,,,,,,,,,,,,,,,,,,,,,,,,,,,,,,,,,,,,,,,,,,,,,,,,,,,,,,,,,,,,,,,,,,,,,,,,,,,,,,,,,,,,,,,,,,,,,,,,,,,,,,,,,,,,,,,,,,,,,,,,,,,,,,,,,,,,,,,,,,,,,,,,,,,,,,,,
,,,,,,,,,,,,,,,,,,,,,,,,,,,,,,,,,,,,,,,,,,,,,,,,,,,,,,,,,,,,,,,,,,,,,,,,,,,,,,,,,,,,,,,,,,,,,,,,,,,,,,,,,,,,,,,,,,,,,,,,,,,,,,,,,,,,,,,,,,,,,,,,,,,,,,,,,,,,,,,,,,,,,,,,,,,,,,,,
,,,ESTATE,,DIVISI,,BLOK,,TT,VARIETAS BIBIT,HA STATEMENT,,,,,,,,,REALISASI TANAM SD NOVEMBER 2025,,,,,,,,,,,,,,,,,,,,,,,,,,,,,,,,,,,SERANGAN GANODERMA (PKK),,,,,,,Estate,BLOK,Ha,TT SISIP,Pokok,TT,SPH,2014,,,,,,,,,2015,,,,,,,,,2016,,,,,,,,,2017,,,,,,,,,2018,,,,,,,,,2019,,,,,,,,,2020,,,,,,,,,2021,,,,,,,,,2022,,,,,,,,,2023,,,,,,,,,2024,,,,,,,,,2025,,,,,,,,
,,,LAMA,BARU,LAMA,BARU,LAMA,BARU,,,LUAS TANAM,,,EMPLS,BBT,PKS,JLN/PARIT,AREAL CDG,TOTAL,KOMPOSISI POKOK,,,,,,,,,,,,SD THN 2019,,THN 2020,,THN 2021,,THN 2022,,THN 2023,,,THN 2024,,,,THN 2025,,,TOTAL,,,TOTAL PKK,SPH,STADIUM 1&2,STADIUM 3&4,TOTAL,%SERANGAN,,,,,,,,,,,Real,,,Potensi,,,Real vs Potensi,,,Real,,,Potensi,,,Real vs Potensi,,,Real,,,Potensi,,,Real vs Potensi,,,Real,,,Potensi,,,Real vs Potensi,,,Real,,,Potensi,,,Real vs Potensi,,,Real,,,Potensi,,,Real vs Potensi,,,Real,,,Potensi,,,Real vs Potensi,,,Real,,,Potensi,,,Real vs Potensi,,,Real,,,Potensi,,,Real vs Potensi,,,Real,,,Potensi,,,Real vs Potensi,,,Real,,,Potensi,,,Real vs Potensi,,,Real,,,Potensi,,,Real vs Potensi,,
,,,,,,,,,,,SD THN 2024,PENAMBAHAN,SD 2025,,,,,,,2008,2009,2010,2011,2012,2013,2014,2015,2016,2017,2018,2019,PKK,SPH,TANAM,SISIP,TANAM,SISIP,TANAM,SISIP,TANAM,SISIP,SISIP KENTOSAN,TANAM,SISIP,SISIP KENTOSAN,SISIP KENTOSAN,TANAM,SISIP,SISIP KENTOSAN,TANAM,SISIP,SISIP KENTOSAN,,,,,,,,,,,,,,,,,BJR Kg,Jum JJg,Ton,BJR Kg,Jum JJg,Ton,BJR Kg,Jum JJg,Ton,BJR Kg,Jum JJg,Ton,BJR Kg,Jum JJg,Ton,BJR Kg,Jum JJg,Ton,BJR Kg,Jum JJg,Ton,BJR Kg,Jum JJg,Ton,BJR Kg,Jum JJg,Ton,BJR Kg,Jum JJg,Ton,BJR Kg,Jum JJg,Ton,BJR Kg,Jum JJg,Ton,BJR Kg,Jum JJg,Ton,BJR Kg,Jum JJg,Ton,BJR Kg,Jum JJg,Ton,BJR Kg,Jum JJg,Ton,BJR Kg,Jum JJg,Ton,BJR Kg,Jum JJg,Ton,BJR Kg,Jum JJg,Ton,BJR Kg,Jum JJg,Ton,BJR Kg,Jum JJg,Ton,BJR Kg,Jum JJg,Ton,BJR Kg,Jum JJg,Ton,BJR Kg,Jum JJg,Ton,BJR Kg,Jum JJg,Ton,BJR Kg,Jum JJg,Ton,BJR Kg,Jum JJg,Ton,BJR Kg,Jum JJg,Ton,BJR Kg,Jum JJg,Ton,BJR Kg,Jum JJg,Ton,BJR Kg,Jum JJg,Ton,BJR Kg,Jum JJg,Ton,BJR Kg,Jum JJg,Ton,BJR Kg,Jum JJg,Ton,BJR Kg,Jum JJg,Ton,BJR Kg,Jum JJg,Ton
K001,K002,NOMOR,C001,C002,C003,C004,C005,C006,C007,C008,C009,C010,C011,C012,C013,C014,C015,C016,C017,C018,C019,C020,C021,C022,C023,C024,C025,C026,C027,C028,C029,C030,C031,C032,C033,C034,C035,C036,C037,C038,C039,C040,C041,C042,C043,C044,C045,C046,C047,C048,C049,C050,C051,C052,C053,C054,C055,C056,,,NOMOR,P001,P002,P003,P004,P005,P006,P007,P008,P009,P010,P011,P012,P013,P014,P015,P016,P017,P018,P019,P020,P021,P022,P023,P024,P025,P026,P027,P028,P029,P030,P031,P032,P033,P034,P035,P036,P037,P038,P039,P040,P041,P042,P043,P044,P045,P046,P047,P048,P049,P050,P051,P052,P053,P054,P055,P056,P057,P058,P059,P060,P061,P062,P063,P064,P065,P066,P067,P068,P069,P070,P071,P072,P073,P074,P075,P076,P077,P078,P079,P080,P081,P082,P083,P084,P085,P086,P087,P088,P089,P090,P091,P092,P093,P094,P095,P096,P097,P098,P099,P100,P101,P102,P103,P104,P105,P106,P107,P108,P109,P110,P111,P112,P113,P114,P115
A001A,2012,1,AME,AME,AME01,AME001,A 01,A001A,2012,Topaz,7.7,,7.7,0,0,0,1.9,0,9.6,0,0,0,0,787,189,26,0,0,0,0,0,1002,130.1298701298701,0,0,0,0,0,0,0,0,0,0,0,0,,0,0,0,787,215,0,1002,130.1298701298701,11,0,11,0.010978043912175649,A001A,2012.0,9,AME001,A001A,7.7,0.2145708582834331,1002,2012,130.1298701298701,,0,0,,0,0,,0,0,3.3299159319253637,4877,16.24,2.4975024975024973,11018,27.517482517482517,0.8324134344228664,-6141,-11.277482517482518,3.307174109313147,14399,47.62,3.3392731465536603,16812,56.13986013986014,-0.03209903724051344,-2413,-8.519860139860143,5.0094128721026,16998,85.15,4.147154960212791,16358,67.83916083916083,0.8622579118898095,640,17.31083916083918,6.0768218889765855,19005,115.49,5.713883231913573,16084,91.90209790209789,0.36293865706301265,2921,23.587902097902102,6.488697626028563,21146,137.21,7.831066932411636,15245,119.38461538461539,-1.3423693063830724,5901,17.82538461538462,7.042081026796649,20413,143.75,10.716664371440455,14269,152.91608391608386,-3.674583344643806,6144,-9.166083916083863,10.868456696677555,12551,136.41,12.90862600879937,13267,171.25874125874125,-2.040169312121815,-716,-34.848741258741256,8.129963538284802,20021,162.77,14.252848659697415,12265,174.8111888111888,-6.122885121412613,7756,-12.041188811188789,7.056174540937148,25759,181.76,15.02808091406727,11656.5,175.17482517482514,-7.971906373130123,14102.5,6.585174825174846,7.281917077175698,19488,141.91,15.721321532405218,11142.5,175.17482517482514,-8.439404455229521,8345.5,-33.26482517482515,9.589162240320857,14143.049893320203,135.62,16.461478661356495,10641.5,175.17482517482514,-6.872316421035638,3501.5498933202034,-39.55482517482514
C006A,2010,74,AME,AME,AME01,AME001,C 06,C006A,2010,PPKS,30,,30,0,0,0,1.4002,0,31.400199999999998,0,0,1226,1471,655,361,51,0,0,0,0,0,3764,125.46666666666667,0,0,0,0,0,0,0,0,0,0,0,0,,0,0,0,1226,2538,0,3764,125.46666666666667,52,9,61,0.016206163655685443,C006A,2010.0,1,AME001,C006A,30,0.6780462184873949,3808,2010,126.93333333333334,2.938799863291047,34496,101.37684008408796,3.0142610659229665,42662,128.5944055944056,-0.07546120263191947,-8166,-27.21756551031764,3.980585584165905,63458,252.6,3.641010119006645,55264,201.21678321678323,0.33957546515925996,8194,51.38321678321677,4.316289710148346,84802,366.03,4.612661823142521,59996,276.7412587412587,-0.29637211299417565,24806,89.28874125874125,4.868789912054326,98811,481.09,6.183423741879241,59618,368.64335664335664,-1.3146338298249152,39193,112.44664335664334,6.218615333006477,77506,481.98,8.420298032552699,56403,474.9300699300699,-2.2016826995462218,21103,7.049930069930099,7.062186546879188,78361,553.4,10.808262918784365,52949,572.2867132867134,-3.7460763719051773,25412,-18.886713286713416,6.897176011062168,70149,483.83,12.740407695318737,49236,627.2867132867134,-5.843231684256569,20913,-143.4567132867134,10.581632268045126,53006,560.89,14.115146001877042,46085,650.4965034965035,-3.5335137338319154,6921,-89.60650349650348,7.896029929085935,71636,565.64,15.052351671731332,43669.5,657.3286713286714,-7.156321742645397,27966.5,-91.68867132867138,7.376717916535927,79675,587.74,15.825354016616958,41581.5,658.0419580419581,-8.44863610008103,38093.5,-70.30195804195807,7.941216622071752,73252,581.71,16.846521032281764,39061,658.0419580419581,-8.905304410210011,34191,-76.33195804195805,9.847117364626305,64892.087332631265,639,18.1981998976391,35217.5,640.895104895105,-8.351082533012795,29674.587332631265,-1.8951048951049643
A002A,2012,2,AME,AME,AME01,AME001,A 02,A002A,2012,Topaz,22.6,,22.6,0,0,0,3.5,0,26.1,0,0,0,0,2530,491,65,0,0,0,0,0,3086,136.54867256637166,0,0,0,0,0,0,0,0,0,0,0,0,,0,0,0,2530,556,0,3086,136.54867256637166,9,0,9,0.002916396629941672,A002A,2012.0,10,AME001,A002A,22.6,0.18016850291639663,3086,2012,136.54867256637166,,0,0,,0,0,,0,0,3.097008371875183,17081,52.9,2.4975024975024978,35420,88.46153846153847,0.5995058743726851,-18339,-35.56153846153847,3.504489983882109,30401,106.54,3.365486347132472,52414,176.39860139860136,0.13900363674963723,-22013,-69.85860139860135,4.786605515611544,49931,239,4.182884090505338,50228,210.0979020979021,0.6037214251062064,-297,28.902097902097893,6.026510879813648,54091,325.98,5.779478873649277,49506,286.1188811188811,0.24703200616437115,4585,39.8611188811189,6.511073731426969,57072,371.6,7.921208279830147,46846,371.07692307692304,-1.4101345484031773,10226,0.5230769230769852,7.065063912009513,53824,380.27,10.840636830368716,43825,475.090909090909,-3.7755729183592033,9999,-94.82090909090903,9.442553080901272,38479,363.34,12.996429427858772,40739,529.4615384615385,-3.5538763469575,-2260,-166.12153846153848,8.085413804538348,42218,341.35,14.3043422463389,37653,538.6013986013986,-6.218928441800552,4565,-197.2513986013986,7.4028828541849165,62785,464.79,15.056666932085552,35832,539.5104895104895,-7.653784077900635,26953,-74.72048951048947,7.4387380610453855,43869,326.33,15.749142192298965,34256.5,539.5104895104895,-8.31040413125358,9612.5,-213.1804895104895,9.287560488556213,40305.52484274507,374.34,16.491983111268727,32713.5,539.5104895104895,-7.204422622712514,7592.0248427450715,-165.17048951048952
C007A,2010,75,AME,AME,AME01,AME001,C 07A,C007A,2010,PPKS,25.4,,25.4,0,0,0,1.2,0,26.599999999999998,0,0,21,1004,1026,378,19,593,0,0,0,0,3041,119.7244094488189,0,25,0,7,0,0,0,0,0,0,0,0,,0,0,0,21,3052,0,3073,120.98425196850394,70,10,80,0.026033192320208266,C007A,2010.0,2,AME001,C007A,25.4,0.993288590604027,3129,2010,123.18897637795277,2.950859099618013,19942,58.84603216458241,2.5236645023259965,14434,36.426573426573434,0.42719459729201636,5508,22.419458738008977,3.8345489276721367,46068,176.65,3.067602481736499,32772,100.53146853146855,0.7669464459356377,13296,76.11853146853146,4.144848266096566,72034,298.57,3.736452790237651,40160,150.05594405594408,0.40839547585891456,31874,148.5140559440559,4.9334772537081735,82453,406.78,4.945186507960872,39865,197.13986013986016,-0.011709254252698642,42588,209.6401398601398,5.98042877418391,66935,400.3,5.9955756008444245,46462,278.56643356643366,-0.015146826660514812,20473,121.73356643356635,6.757543319729711,59788,404.02,7.9143874630022895,46745,369.95804195804203,-1.1568441432725782,13043,34.06195804195795,6.737203230311494,65876,443.82,10.088705637047859,43130,435.12587412587413,-3.3515024067363646,22746,8.69412587412586,9.305627037227655,46632,433.94,11.791145513575938,40692.5,479.81118881118886,-2.4855184763482825,5939.5,-45.87118881118886,7.624091716454061,61930,472.16,13.162919252427692,38164,502.3496503496504,-5.53882753597363,23766,-30.18965034965038,7.311976480427813,78913,577.01,14.362885494575842,36498.5,524.2237762237763,-7.050909014148029,42414.5,52.786223776223665,7.8023231694669155,67494,526.61,15.303189617221664,34859.5,533.4615384615386,-7.500866447754748,32634.5,-6.851538461538553,9.758721953405091,56599.6246882793,552.34,16.417830957410928,32497.5,533.5384615384617,-6.6591090040058365,24102.1246882793,18.80153846153837
A003A,2012,3,AME,AME,AME01,AME001,A 03,A003A,2012,Slpn. Jaya,29.7,,29.7,0,0,0,1.4,0,31.099999999999998,0,0,0,0,3041,584,18,116,0,0,0,0,3759,126.56565656565657,0,0,0,0,0,0,0,0,0,0,0,0,,0,0,0,3041,718,0,3759,126.56565656565657,17,1,18,0.004788507581803671,A003A,2012.0,11,AME001,A003A,29.7,0.20099842354177613,3806,2012,128.14814814814815,,0,0,,0,0,,0,0,3.040819699223269,18153,55.2,2.4975024975024978,42574,106.32867132867133,0.5433172017207712,-24421,-51.12867132867133,3.0775207565599607,45046,138.63,3.366678144946893,62914,211.81118881118883,-0.2891573883869323,-17868,-73.18118881118883,4.803183767458159,59929,287.85,4.208043723358433,59420,250.04195804195805,0.5951400440997263,509,37.80804195804197,5.78365262954197,67179,388.54,5.734107088614329,59948,343.7482517482518,0.04954554092764063,7231,44.79174825174823,6.700443972447158,67797,454.27,7.822751940655491,57335,448.51748251748256,-1.1223079682083323,10462,5.752517482517419,6.966350005722788,69896,486.92,10.705271391908889,53478,572.4965034965036,-3.7389213861861013,16418,-85.57650349650356,9.354519374520182,49498,463.03,12.826242684775844,49835,639.1958041958042,-3.471723310255662,-337,-176.16580419580418,8.532985345724514,56707,483.88,14.133990846379074,46076,651.2377622377622,-5.60100550065456,10631,-167.35776223776224,7.792566549472626,71676,558.54,14.953988127640821,43837.5,655.5454545454545,-7.161421578168195,27838.5,-97.00545454545454,7.2079187147824,66728,480.97,15.68756611605911,41891,657.1678321678322,-8.47964740127671,24837,-176.1978321678322,9.02226004662589,58938.66916403785,531.76,16.44831697267654,39953.5,657.1678321678322,-7.42605692605065,18985.16916403785,-125.40783216783223
C008A,2010,77,AME,AME,AME01,AME001,C 08,C008A,2010,PPKS,29.1,,29.1,0,0,0,1.47,0,30.57,0,0,779,1343,768,370,16,0,0,0,0,0,3276,112.57731958762886,0,0,0,0,0,0,0,0,0,0,0,0,,0,0,0,779,2497,0,3276,112.57731958762886,157,36,193,0.05891330891330891,C008A,2010.0,3,AME001,C008A,29.1,0.7694584196507843,3379,2010,116.1168384879725,3.1302778156271067,21779,68.17432054654276,2.924263160675542,32824,95.98601398601399,0.20601465495156468,-11045,-27.811693439471227,3.7657550272608877,45303,170.6,3.499749880842938,47390,165.85314685314685,0.2660051464179496,-2087,4.746853146853141,3.9858504617217756,67140,267.61,4.370695397207974,52956,231.45454545454544,-0.384844935486198,14184,36.155454545454575,5.248680695810802,76745,402.81,5.86667129794458,52345,307.09090909090907,-0.6179906021337782,24400,95.71909090909094,6.087136986869958,72277,439.96,8.0007384385046,49547,396.41258741258736,-1.9136014516346416,22730,43.54741258741262,6.685100984905715,70159,469.02,10.428092015223381,46625,486.2097902097901,-3.7429910303176666,23534,-17.189790209790146,7.036021738084933,62379,438.9,12.513394595719053,43365,542.6433566433567,-5.47737285763412,19014,-103.74335664335672,9.393982115524047,49652,466.43,14.001735014124307,40478.5,566.7692307692307,-4.6077528986002605,9173.5,-100.33923076923071,7.602258160583186,77231,587.13,14.962130921204187,38263.5,572.5034965034964,-7.359872760621001,38967.5,14.626503496503574,7.605530963355086,87652,666.64,15.72022981478824,36432.5,572.7272727272726,-8.114698851433154,51219.5,93.91272727272735,7.814280966507059,81241,634.84,16.650500704342605,34397,572.7272727272726,-8.836219737835545,46844,62.1127272727274,9.514117539616096,61214.29523809524,582.4,17.94503626274551,31308.5,561.8321678321678,-8.430918723129414,29905.79523809524,20.567832167832194
A003B,2019,4,AME,AME,AME01,AME001,A 03B,A003B,2019,PPKS,6,,6,0,0,0,1,0,7,0,0,0,0,0,0,0,0,0,0,0,496,496,82.66666666666667,0,0,0,0,0,0,0,394,0,0,0,0,,0,0,0,496,394,0,890,148.33333333333334,0,0,0,0,A003B,2019.0,44,AME001,A003B,6,0.44269662921348313,890,2019,148.33333333333334,,0,0,,0,0,,0,0,,0,0,,0,0,,0,0,,0,0,,0,0,,0,0,,0,0,,0,0,,0,0,,0,0,,0,0,,0,0,,0,0,,0,0,,0,0,,0,0,,0,0,,0,0,,0,0,,0,0,,0,0,2.0464601769911503,1808,3.7,2.4975024975024978,6944,17.342657342657343,-0.4510423205113474,-5136,-13.642657342657344,3.4790419161676644,6680,23.24,3.4965034965034967,8928,31.21678321678322,-0.017461580335832227,-2248,-7.976783216783222,4.316644113667118,5912,25.52,4.370629370629371,7936,34.68531468531469,-0.0539852569622532,-2024,-9.165314685314687,5.860828978608334,4366.27652733119,25.59,6.118881118881119,7936,48.55944055944056,-0.25805214027278556,-3569.7234726688102,-22.96944055944056
B003A,2011,30,AME,AME,AME01,AME001,B 03,B003A,2011,Topaz,22.3,,22.3,0,0,0,1.1,0,23.400000000000002,0,0,0,1015,1633,104,60,0,0,0,0,0,2812,126.09865470852017,0,10,0,0,0,8,0,0,0,0,0,0,,0,0,0,1015,1815,0,2830,126.90582959641256,38,4,42,0.014840989399293287,B003A,2011.0,4,AME001,B003A,22.3,0.6467107553080403,2873,2011,128.83408071748877,2.557389358749006,4817,12.318944541093963,2.4975024975024973,14210,35.48951048951049,0.05988686124650888,-9393,-23.170565948416524,3.4851132983779474,32613,113.66,2.9412384756156027,41132,120.97902097902096,0.5438748227623447,-8519,-7.319020979020962,3.538364382696558,47505,168.09,3.7670759904779865,47090,177.39160839160837,-0.2287116077814284,415,-9.301608391608369,4.786555711661083,64771,310.03,4.929232258424804,45080,222.20979020979016,-0.1426765467637212,19691,87.82020979020982,6.1166687620108116,55679,340.57,6.773370403549325,44097,298.6853146853146,-0.6567016415385138,11582,41.884685314685385,7.094920836920313,53434,379.11,9.27149987132082,41329,383.1818181818182,-2.1765790344005076,12105,-4.071818181818173,7.055803909683285,52792,372.49,11.899912825334708,38577,459.062937062937,-4.8441089156514225,14215,-86.572937062937,9.74767338799025,36104,351.93,13.62272565963325,35765,487.2167832167832,-3.875052271643,339,-135.2867832167832,8.220176559414567,34436,283.07,14.667121853206936,33460.5,490.7692307692307,-6.4469452937923695,975.5,-207.69923076923072,8.192759864974974,42955,351.92,15.31983003372649,32112.5,491.9580419580419,-7.127070168751516,10842.5,-140.0380419580419,7.895463912856399,44157,348.64,16.025190442848704,30716.5,492.2377622377622,-8.129726529992304,13440.5,-143.5977622377622,9.528043671871254,38993.31413612566,371.53,17.04749654221881,28895,492.58741258741253,-7.519452870347555,10098.314136125657,-121.05741258741256
A004A,2012,5,AME,AME,AME01,AME001,A 04,A004A,2012,Slpn. Jaya,18.8,,18.8,0,0,0,1,0,19.8,0,0,0,0,1702,639,36,0,0,0,0,0,2377,126.43617021276596,0,0,0,0,0,0,0,0,0,0,0,0,,0,0,0,1702,675,0,2377,126.43617021276596,33,2,35,0.014724442574673959,A004A,2012.0,12,AME001,A004A,18.8,0.2934827729348277,2409,2012,128.13829787234042,,0,0,,0,0,,0,0,3.1587776238057033,13711,43.31,2.4975024975024978,23828,59.51048951048951,0.6612751263032055,-10117,-16.20048951048951,3.5216804553188994,34086,120.04,3.270717458984853,39582,129.46153846153845,0.2509629963340463,-5496,-9.421538461538447,5.040462692026335,43744,220.49,4.090333439433801,39238,160.4965034965035,0.950129252592534,4506,59.993496503496516,6.125029267150551,42710,261.6,5.60519681871771,38104,213.5804195804196,0.5198324484328412,4606,48.01958041958042,6.930622520960502,42103,291.8,7.6882654917336986,36330,279.3146853146853,-0.7576429707731966,5773,12.485314685314734,7.027669413801121,38707,272.02,10.524178225493356,33989,357.7062937062937,-3.4965088116922356,4718,-85.68629370629372,9.232520426620097,32066,296.05,12.807166261550673,31612,404.8601398601399,-3.5746458349305765,454,-108.81013986013988,7.185529061452252,42651,306.47,14.197227434785159,29235,415.0559440559441,-7.011698373332907,13416,-108.58594405594408,7.353960148192651,49935,367.22,14.99727310835615,27709,415.5594405594406,-7.6433129601635,22226,-48.33944055944056,6.984689723994853,38079,265.97,15.68000907685843,26502.5,415.5594405594406,-8.695319352863578,11576.5,-149.58944055944056,8.823030081833053,35314.39846743295,311.58,16.416190272554342,25314,415.5594405594406,-7.593160190721289,10000.398467432948,-103.9794405594406
B004A,2011,35,AME,AME,AME01,AME001,B 04,B004A,2011,Topaz,29.700000000000003,,29.700000000000003,0,0,0,1.66,0,31.360000000000003,0,0,0,1825,980,804,27,0,0,0,0,0,3636,122.42424242424241,0,0,0,0,0,0,0,0,0,0,0,0,,0,0,0,1825,1811,0,3636,122.42424242424241,166,20,186,0.05115511551155116,B004A,2011.0,5,AME001,B004A,29.700000000000003,0.5074224021592443,3705,2011,124.74747474747474,2.6322947838076756,6492,17.08885773647943,2.4975024975024973,25550,63.81118881118881,0.13479228630517825,-19058,-46.72233107470939,3.3887747519342573,45754,155.05,3.2021875483331357,46570,149.12587412587413,0.18658720360112158,-816,5.9241258741258775,3.3897410140504065,77649,263.21,3.7422987367906124,58096,217.4125874125874,-0.3525577227402059,19553,45.797412587412566,4.502921135416793,82331,370.73,5.001644931328507,59730,298.74825174825173,-0.49872379591171434,22601,71.98174825174829,5.819463735022011,84958,494.41,6.800592369247629,56405,383.58741258741253,-0.9811286342256178,28553,110.8225874125875,6.9822112679829615,74654,521.25,9.29088093395418,53546,497.4895104895105,-2.308669665971218,21108,23.760489510489492,7.038856227424547,66167,465.74,11.62513718334052,49937,580.5244755244755,-4.586280955915973,16230,-114.78447552447551,9.784952491758775,51570,504.61,13.457547398498996,46301,623.0979020979021,-3.672594906740221,5269,-118.48790209790207,7.913990920346678,60575,479.39,14.578319391583117,43577.5,635.2867132867133,-6.664328471236439,16997.5,-155.8967132867133,7.009363696801018,88747,622.06,15.375008118816165,41344,635.6643356643356,-8.365644422015148,47403,-13.604335664335622,7.516384489350082,58592,440.4,16.08767695449125,39512.5,635.6643356643356,-8.57129246514117,19079.5,-195.2643356643356,9.457080256009165,47619.34844677325,450.34,17.281940505256255,36782,635.6643356643356,-7.82486024924709,10837.348446773249,-185.3243356643356
A004B,2017,6,AME,AME,AME01,AME001,A 04B,A004B,2017,Socfin,13.7,,13.7,0,0,0,0.3702486259181751,0,14.070248625918174,0,0,0,0,0,0,0,0,0,1613,0,0,1613,117.73722627737227,0,0,0,0,0,0,0,0,0,0,0,0,,0,0,0,1613,0,0,1613,117.73722627737227,0,0,0,0,A004B,2017.0,30,AME001,A004B,13.7,0.09432902863559797,1781,2017,130,,0,0,,0,0,,0,0,,0,0,,0,0,,0,0,,0,0,,0,0,,0,0,,0,0,,0,0,,0,0,,0,0,,0,0,,0,0,,0,0,,0,0,,0,0,3.880778588807786,4932,19.14,2.4975024975024973,22582,56.39860139860139,1.3832760913052886,-17650,-37.25860139860139,2.9246562786434462,27275,79.77,3.496503496503496,29034,101.51748251748249,-0.5718472178600496,-1759,-21.747482517482496,5.996888561369033,12213,73.24,4.37062937062937,25808,112.79720279720279,1.6262591907396633,-13595,-39.55720279720279,4.7786391042205,17415,83.22,6.118881118881117,25808,157.9160839160839,-1.3402420146606175,-8393,-74.6960839160839,5.062597809076682,14058,71.17,8.39160839160839,24195,203.03496503496498,-3.3290105825317076,-10137,-131.864965034965,7.282627740127661,13171.070034443168,95.92,11.488511488511486,22582,259.4335664335664,-4.205883748383825,-9410.929965556832,-163.51356643356638
B005A,2011,36,AME,AME,AME01,AME001,B 05,B005A,2011,PPKS,30.1,,30.1,0,0,0,1.5,0,31.6,0,0,0,2144,0,727,90,0,0,0,0,0,2961,98.37209302325581,0,0,0,0,0,0,0,293,0,0,0,0,,0,0,0,2144,1110,0,3254,108.1063122923588,279,43,322,0.09895513214505225,B005A,2011.0,6,AME001,B005A,30.1,0.33656761673741664,3298,2011,109.56810631229236,2.7308644271033513,8686,23.72028841381971,2.4975024975024978,30016,74.96503496503497,0.23336192960085356,-21330,-51.244746551215265,3.551003722271231,46477,165.04,3.496503496503497,38592,134.93706293706296,0.054500225767733834,7885,30.10293706293703,4.070217325643275,69527,282.99,3.9420361123521963,44482,175.34965034965037,0.12818121329107912,25045,107.64034965034963,6.014662502169009,69156,415.95,5.319716254968054,48650,258.80419580419584,0.6949462472009547,20506,157.14580419580415,6.680606452540059,69585,464.87,7.187034756840097,45412,326.37762237762246,-0.5064283043000382,24173,138.49237762237755,7.1258308157099695,66200,471.73,9.801051158273587,43088,422.3076923076923,-2.675220342563618,23112,49.4223076923077,7.203018500486855,65728,473.44,11.81457724710578,40217,475.1468531468531,-4.6115587466189245,25511,-1.7068531468531205,10.138407545514367,45590,462.21,13.503433435793323,37256,503.08391608391605,-3.3650258902789556,8334,-40.87391608391607,8.701280791574012,58011,504.77,14.601142347346435,35367,516.3986013986014,-5.899861555772423,22644,-11.628601398601404,8.745022506925208,46208,404.09,15.462612541291074,33478,517.6573426573426,-6.717590034365866,12730,-113.56734265734264,7.6387466104248265,66380,507.06,16.20084008003576,31952.5,517.6573426573426,-8.562093469610934,34427.5,-10.597342657342608,9.26453390084421,54094.464477520334,501.16,17.607392607392605,29400,517.6573426573426,-8.342858706548395,24694.464477520334,-16.497342657342585
A004C,2019,7,AME,AME,AME01,AME001,A 04C,A004C,2019,Socfin,0.3,,0.3,0,0,0,0,0,0.3,0,0,0,0,0,0,0,0,0,0,0,8,8,26.666666666666668,0,23,0,0,0,0,0,0,0,0,0,0,,0,0,0,8,23,0,31,103.33333333333334,0,0,0,0,A004C,2019.0,45,AME001,A004C,0.3,0.7894736842105263,38,2019,126.66666666666667,,0,0,,0,0,,0,0,,0,0,,0,0,,0,0,,0,0,,0,0,,0,0,,0,0,,0,0,,0,0,,0,0,,0,0,,0,0,,0,0,,0,0,,0,0,,0,0,,0,0,,0,0,,0,0,,0,0,,0,0,1.1290322580645162,124,0.14,2.4975024975024973,112,0.2797202797202797,-1.368470239437981,12,-0.13972027972027967,2.6894865525672373,409,1.1,2.8062066688676124,466,1.3076923076923075,-0.11672011630037504,-57,-0.2076923076923074,4.583333333333333,384,1.76,3.7029391272933703,542,2.0069930069930066,0.8803942060399628,-158,-0.24699300699300664,6.395691112920399,231.40579710144928,1.48,4.821791112113693,496,2.3916083916083917,1.573900000806706,-264.59420289855075,-0.9116083916083917
C005A,2011,69,AME,AME,AME01,AME001,C 05A,C005A,2011,PPKS,21.5,,21.5,0,0,0,0.9,0,22.4,0,0,0,125,526,267,24,1041,0,0,0,0,1983,92.23255813953489,0,0,0,0,0,0,0,361,0,0,0,0,,0,0,0,125,2219,0,2344,109.02325581395348,122,15,137,0.05844709897610922,C005A,2011.0,7,AME001,C005A,21.5,0.9466723549488054,2344,2011,109.02325581395348,2.5753087289297034,8329,21.4497464032555,2.4975024975024973,1750,4.37062937062937,0.07780623142720611,6579,17.07911703262613,3.622409823484267,35181,127.44,2.731302398454469,9614,26.25874125874126,0.8911074250297983,25567,101.18125874125874,3.8511447227043556,48396,186.38,3.3658962371312757,15206,51.18181818181818,0.48524848557307987,33190,135.1981818181818,5.0028778013597615,55598,278.15,4.284891095535137,15558,66.66433566433567,0.7179867058246243,40040,211.4856643356643,6.764634344089509,49336,333.74,4.18719567152047,29569,123.8111888111888,2.5774386725690386,19767,209.9288111888112,6.9801052186007135,49611,346.29,5.438346844171146,33034,179.65034965034965,1.541758374429567,16577,166.63965034965037,6.762194153161741,50352,340.49,7.165538729765938,30034,215.20979020979019,-0.403344576604197,20318,125.28020979020982,9.986469368954399,34736,346.89,8.995335751832386,29092,261.69230769230774,0.9911336171220135,5644,85.19769230769225,8.048197473047466,40998,329.96,10.871119201538944,27171.5,295.3846153846154,-2.822921728491478,13826.5,34.575384615384564,7.197588157582738,59042,424.96,13.01712319192918,25514,332.1188811188811,-5.819535034346442,33528,92.84111888111886,7.701059409602123,45969,354.01,14.450951299638254,23990,346.6783216783217,-6.749891890036131,21979,7.331678321678282,9.464280572776651,39842.43673889429,377.08,15.466008863434752,22415.5,346.6783216783217,-6.0017282906581,17426.936738894292,30.401678321678276
A004D,2020,8,AME,AME,AME01,AME001,A 04D,A004D,2020,SRIWIJAYA,1.2,,1.2,0,0,0,0.1,0,1.3,0,0,0,0,0,0,0,0,0,0,0,0,0,0,88,0,0,0,0,0,0,0,0,0,0,0,,0,0,0,88,0,0,88,73.33333333333334,0,0,0,0,A004D,2020.0,54,AME001,A004D,1.2,0.45,160,2020,133.33333333333334,,0,0,,0,0,,0,0,,0,0,,0,0,,0,0,,0,0,,0,0,,0,0,,0,0,,0,0,,0,0,,0,0,,0,0,,0,0,,0,0,,0,0,,0,0,,0,0,,0,0,,0,0,,0,0,,0,0,,0,0,,0,0,,0,0,,0,0,1.4855875831485588,902,1.34,2.4975024975024978,1232,3.076923076923077,-1.011914914353939,-330,-1.736923076923077,3.979135618479881,671,2.67,3.4965034965034967,1584,5.538461538461539,0.4826321219763843,-913,-2.8684615384615393,6.1191319349859254,478.82608695652175,2.93,4.370629370629371,1408,6.153846153846154,1.7485025643565546,-929.1739130434783,-3.223846153846154
C009A,2011,78,AME,AME,AME01,AME001,C 09,C009A,2011,PPKS,29.7,,29.7,0,0,0,1.7,0,31.4,0,0,0,1484,725,1141,86,0,0,0,0,0,3436,115.6902356902357,0,0,0,0,0,0,0,0,0,0,0,0,,0,0,0,1484,1952,0,3436,115.6902356902357,216,27,243,0.07072176949941793,C009A,2011.0,8,AME001,C009A,29.7,0.5782892867291843,3519,2011,118.48484848484848,2.5551833031974414,7211,18.42542679935675,2.4975024975024978,20776,51.88811188811189,0.057680805694943604,-13565,-33.46268508875514,3.5027217711279386,32883,115.18,3.2214272624451126,36862,118.74825174825175,0.281294508682826,-3979,-3.5682517482517397,3.7282780410742498,65832,245.44,3.5874147077906935,52768,189.3006993006993,0.14086333328355627,13064,56.13930069930069,5.238283679122619,70756,370.64,4.743793501107027,57086,270.8041958041958,0.4944901780155915,13670,99.8358041958042,5.897100845766143,69641,410.68,6.3912310110879,53664,342.979020979021,-0.49413016532175646,15977,67.70097902097899,6.468822618125484,72296,467.67,8.729293053533056,51283,447.6643356643357,-2.260470435407571,21013,20.005664335664335,6.802448685631977,69425,472.26,11.017272215194314,47933,528.090909090909,-4.214823529562337,21492,-55.83090909090902,9.318363913147985,49924,465.21,13.046530519618592,44497,580.5314685314685,-3.728166606470607,5427,-115.3214685314685,7.717470383944872,72849,562.21,14.340992356924223,41803,599.4965034965034,-6.6235219729793515,31046,-37.286503496503315,7.41057057057057,83250,616.93,15.218557711242305,39471.5,600.6993006993006,-7.8079871406717345,43778.5,16.23069930069937,7.402220885071933,73124,541.28,15.929231930080498,37710.5,600.6993006993006,-8.527011045008564,35413.5,-59.41930069930061,9.295492451138351,63045.610878661086,586.04,17.040873198941878,35250.5,600.6993006993006,-7.745380747803527,27795.110878661086,-14.659300699300616
A004E,2022,9,AME,AME,AME01,AME001,A 04D,A004E,2022,PPKS,0.8,,0.8,0,0,0,0.3,1.3,2.4000000000000004,0,0,0,0,0,0,0,0,0,0,0,0,0,0,0,0,0,0,119,0,0,0,0,0,0,0,,0,0,0,119,0,0,119,148.75,0,0,0,0,A004E,2022.0,65,AME001,A004E,0.8,0,119,2022,148.75,,0,0,,0,0,,0,0,,0,0,,0,0,,0,0,,0,0,,0,0,,0,0,,0,0,,0,0,,0,0,,0,0,,0,0,,0,0,,0,0,,0,0,,0,0,,0,0,,0,0,,0,0,,0,0,,0,0,,0,0,,0,0,,0,0,,0,0,,0,0,,0,0,,0,0,,0,0,,0,0,,0,0,5.870463263499558,294.695652173913,1.73,2.4975024975024978,1666,4.160839160839161,3.3729607659970604,-1371.304347826087,-2.430839160839161
A005A,2021,10,AME,AME,AME01,AME001,A 05,A005A,2021,SRIWIJAYA,15,,15,0,0,0,0.9456,0,15.9456,0,0,0,0,0,0,0,0,0,0,0,0,0,0,0,0,1411,0,0,0,0,383,0,0,33,0,,0,0,0,1411,416,0,1827,121.8,0,0,0,0,A005A,2021.0,60,AME001,A005A,15,0.33755868544600937,2130,2021,142,,0,0,,0,0,,0,0,,0,0,,0,0,,0,0,,0,0,,0,0,,0,0,,0,0,,0,0,,0,0,,0,0,,0,0,,0,0,,0,0,,0,0,,0,0,,0,0,,0,0,,0,0,,0,0,,0,0,,0,0,,0,0,,0,0,,0,0,,0,0,,0,0,,0,0,3.4188301532686896,9591,32.79,2.4975024975024973,19754,49.33566433566433,0.9213276557661922,-10163,-16.545664335664334,5.310741602436718,7240.043458781362,38.45,3.4965034965034962,25398,88.8041958041958,1.8142381059332213,-18157.95654121864,-50.3541958041958
A005B,2022,11,AME,AME,AME01,AME001,A 05B,A005B,2022,SRIWIJAYA,16.7,,16.7,0,0,0,0.8999999999999999,0,17.599999999999998,0,0,0,0,0,0,0,0,0,0,0,0,0,0,0,0,0,0,1166,0,0,771,0,0,0,0,,0,0,0,1166,771,0,1937,115.98802395209582,0,0,0,0,A005B,2022.0,66,AME001,A005B,16.7,0.5082243778996205,2371,2022,141.97604790419163,,0,0,,0,0,,0,0,,0,0,,0,0,,0,0,,0,0,,0,0,,0,0,,0,0,,0,0,,0,0,,0,0,,0,0,,0,0,,0,0,,0,0,,0,0,,0,0,,0,0,,0,0,,0,0,,0,0,,0,0,,0,0,,0,0,,0,0,,0,0,,0,0,,0,0,,0,0,,0,0,,0,0,3.769991385990401,6445.638069705094,24.3,2.4975024975024978,16324,40.769230769230774,1.2724888884879033,-9878.361930294906,-16.469230769230773
A005C,2023,12,AME,AME,AME01,AME001,,A005C,2023,PPKS,0.9,,0.9,0,0,0,0,0,0.9,0,0,0,0,0,0,0,0,0,0,0,0,0,0,0,0,0,0,0,0,115,0,0,0,0,0,,0,0,0,115,0,0,115,127.77777777777777,0,0,0,0,A005C,2023.0,70,AME001,A005C,0.9,0.1015625,128,2023,142.22222222222223,,0,0,,0,0,,0,0,,0,0,,0,0,,0,0,,0,0,,0,0,,0,0,,0,0,,0,0,,0,0,,0,0,,0,0,,0,0,,0,0,,0,0,,0,0,,0,0,,0,0,,0,0,,0,0,,0,0,,0,0,,0,0,,0,0,,0,0,,0,0,,0,0,,0,0,,0,0,,0,0,,0,0,,0,0,,0,0,,0,0
A006A,2023,13,AME,AME,AME01,AME001,A 06,A006A,2023,PPKS,4.5,,4.5,0,0,0,1.9000000000000008,27.5500000000001,33.9500000000001,0,0,0,0,0,0,0,0,0,0,0,0,0,0,0,0,0,0,0,0,564,0,0,0,0,0,,0,0,0,564,0,0,564,125.33333333333333,0,0,0,0,A006A,2023.0,71,AME001,A006A,4.5,0.11737089201877934,639,2023,142,,0,0,,0,0,,0,0,,0,0,,0,0,,0,0,,0,0,,0,0,,0,0,,0,0,,0,0,,0,0,,0,0,,0,0,,0,0,,0,0,,0,0,,0,0,,0,0,,0,0,,0,0,,0,0,,0,0,,0,0,,0,0,,0,0,,0,0,,0,0,,0,0,,0,0,,0,0,,0,0,,0,0,,0,0,,0,0,,0,0
B001A,2012,19,AME,AME,AME01,AME001,B 01A,B001A,2012,Topaz,9.4,,9.4,0,0,0,0.6000000000000001,0,10,0,0,0,0,821,221,90,0,0,0,0,0,1132,120.42553191489361,0,0,0,0,0,0,0,0,0,0,0,0,,0,0,0,821,311,0,1132,120.42553191489361,3,0,3,0.00265017667844523,B001A,2012.0,13,AME001,B001A,9.4,0.2970890410958904,1168,2012,124.25531914893617,,0,0,,0,0,,0,0,3.2490869247626004,6845,22.24,2.4975024975024973,11494,28.706293706293707,0.7515844272601031,-4649,-6.466293706293708,3.3275517011340896,14990,49.88,3.323556479330875,17872,59.39860139860139,0.003995221803214655,-2882,-9.51860139860139,5.446548382287163,20121,109.59,4.052929763172497,18374,74.46853146853147,1.3936186191146653,1747,35.12146853146854,7.040145616341389,19778,139.24,5.548682675295402,18292,101.49650349650351,1.4914629410459872,1486,37.7434965034965,6.9270967189240125,23346,161.72,7.591968496485299,17291,131.27272727272728,-0.6648717775612862,6055,30.44727272727272,7.146902309232046,20483,146.39,10.380843232095618,16249,168.67832167832168,-3.233940922863572,4234,-22.288321678321694,10.423951623504667,15214,158.59,12.595461692504754,15117,190.40559440559437,-2.171510069000087,97,-31.815594405594368,7.800877941714425,16402,127.95,14.061019423908233,13985,196.64335664335664,-6.2601414821938075,2417,-68.69335664335664,7.6042608783036885,19902,151.34,14.920805059154663,13263.5,197.9020979020979,-7.316544180850975,6638.5,-46.56209790209789,7.440614811364695,17176,127.8,15.641343442173316,12652.5,197.9020979020979,-8.200728630808621,4523.5,-70.1020979020979,9.144256530199593,15610.891878257944,142.75,16.373813585578777,12086.5,197.9020979020979,-7.229557055379184,3524.391878257944,-55.15209790209789
A007A,2023,14,AME,AME,AME01,AME001,A 07,A007A,2023,PPKS,1.2,,1.2,0,0,0,0.2303,10.9,12.330300000000001,0,0,0,0,0,0,0,0,0,0,0,0,0,0,0,0,0,0,0,0,127,0,0,0,0,0,,0,0,0,127,0,0,127,105.83333333333334,0,0,0,0,A007A,2023.0,72,AME001,A007A,1.2,0.2529411764705882,170,2023,141.66666666666669,,0,0,,0,0,,0,0,,0,0,,0,0,,0,0,,0,0,,0,0,,0,0,,0,0,,0,0,,0,0,,0,0,,0,0,,0,0,,0,0,,0,0,,0,0,,0,0,,0,0,,0,0,,0,0,,0,0,,0,0,,0,0,,0,0,,0,0,,0,0,,0,0,,0,0,,0,0,,0,0,,0,0,,0,0,,0,0,,0,0
B002A,2012,25,AME,AME,AME01,AME001,B 02A,B002A,2012,Topaz,7.5,,7.5,0,0,0,0.7,0,8.2,0,0,0,0,385,317,128,0,0,46,0,0,876,116.8,0,11,0,0,0,0,0,0,0,0,0,0,,0,0,0,385,502,0,887,118.26666666666667,12,1,13,0.014656144306651634,B002A,2012.0,14,AME001,B002A,7.5,0.5659526493799323,887,2012,118.26666666666667,,0,0,,0,0,,0,0,3.642774899251583,6948,25.31,2.4975024975024973,5390,13.461538461538462,1.1452724017490858,1558,11.848461538461537,3.556493767591476,14922,53.07,3.1064994119181315,11368,35.31468531468532,0.44999435567334434,3554,17.75531468531468,5.7379003417309065,12583,72.2,3.759675673572291,13658,51.349650349650354,1.9782246681586155,-1075,20.85034965034965,6.919911012235818,17980,124.42,5.017441187653954,13536,67.91608391608392,1.9024698245818632,4444,56.50391608391608,6.884504977707201,16373,112.72,6.859057964137452,12895,88.44755244755244,0.025447013569749544,3478,24.27244755244756,7.029882470617655,15996,112.45,9.033655446368698,12837,115.96503496503497,-2.003772975751043,3159,-3.515034965034971,9.676954383584874,11794,114.13,11.262464055508106,12191,137.3006993006993,-1.5855096719232318,-397,-23.17069930069931,8.74411001057794,10399,90.93,13.003058703653256,11269,146.53146853146853,-4.258948693075316,-870,-55.60146853146853,7.894850402761795,13904,109.77,13.906912706226597,10785.5,149.993006993007,-6.012062303464802,3118.5,-40.22300699300699,7.40530303030303,12144,89.93,14.710797475608961,10304.5,151.58741258741256,-7.305494445305931,1839.5,-61.65741258741255,9.11885601514056,12355.71652989449,112.67,15.605836916227386,9821.5,153.27272727272725,-6.486980901086826,2534.216529894489,-40.60272727272725
A010A,2018,15,AME,AME,AME01,AME001,A 10,A010A,2018,Lonsum,3.4,,3.4,0,0,0,0.2,0,3.6,0,0,0,0,0,0,0,0,0,0,109,0,109,32.05882352941177,0,0,0,0,0,63,0,91,0,0,0,0,,0,0,0,109,154,0,263,77.3529411764706,1,0,1,0.0038022813688212928,A010A,2018.0,34,AME001,A010A,3.4,0.7620087336244541,458,2018,134.7058823529412,,0,0,,0,0,,0,0,,0,0,,0,0,,0,0,,0,0,,0,0,,0,0,,0,0,,0,0,,0,0,,0,0,,0,0,,0,0,,0,0,,0,0,,0,0,,0,0,,0,0,,0,0,3.5127397652447754,3493,12.27,2.4975024975024978,1526,3.8111888111888117,1.0152372677422776,1967,8.458811188811188,4.306600731025586,4651,20.03,3.4965034965034967,1962,6.860139860139861,0.8100972345220896,2689,13.169860139860141,3.0901511203751952,3838,11.86,4.370629370629371,1744,7.622377622377623,-1.2804782502541756,2094,4.237622377622376,4.794824399260628,2705,12.97,6.118881118881119,1744,10.671328671328672,-1.3240567196204909,961,2.298671328671329,5.262290481226268,3627.697875688434,19.09,6.326212524067114,2517,15.923076923076925,-1.0639220428408462,1110.6978756884341,3.1669230769230747
B006A,2012,37,AME,AME,AME01,AME001,B 06,B006A,2012,PPKS,24.499999999999996,,24.499999999999996,0,0,0,1,0,25.499999999999996,0,0,0,0,1808,746,300,0,0,0,0,0,2854,116.48979591836736,0,72,0,0,0,0,0,0,0,0,0,0,,0,0,0,1808,1118,0,2926,119.42857142857144,58,10,68,0.02323991797676008,B006A,2012.0,15,AME001,B006A,24.499999999999996,0.3965287049399199,2996,2012,122.2857142857143,,0,0,,0,0,,0,0,3.411764705882353,19295,65.83,2.4975024975024973,25312,63.21678321678321,0.9142622083798555,-6017,2.613216783216785,3.3956522797536453,41079,139.49,3.253794683961242,42988,139.87412587412587,0.1418575957924033,-1909,-0.3841258741258571,4.867186147186147,57750,281.08,3.949525858624578,46556,183.87412587412587,0.917660288561569,11194,97.20587412587412,5.875509694599318,60085,353.03,5.361748747534672,46264,248.05594405594405,0.5137609470646458,13821,104.97405594405592,6.992041114957707,56038,391.82,7.332962550036609,43856,321.59440559440554,-0.3409214350789025,12182,70.22559440559445,7.0564830855337055,52529,370.67,10.02542080455983,41302,414.06993006993014,-2.9689377190261252,11227,-43.39993006993012,10.095380342216282,38163,385.27,12.323974402626087,38448,473.83216783216784,-2.2285940604098045,-285,-88.56216783216786,7.886719124844065,41684,328.75,13.89996192490995,35594,494.7552447552448,-6.0132428000658855,6090,-166.0052447552448,7.961772806944328,35943,286.17,14.471560991242395,34652,501.46853146853147,-6.509788184298067,1291,-215.29853146853145,7.160763310680049,44438,318.21,15.091044494875087,33363,503.4825174825175,-7.930281184195038,11075,-185.27251748251751,9.562168324677417,37043.899246769404,354.22,15.852604868709548,31792,503.986013986014,-6.290436544032131,5251.899246769404,-149.76601398601395
A010B,2021,16,AME,AME,AME01,AME001,A 10B,A010B,2021,SRIWIJAYA,2.8000000000000003,,2.8000000000000003,0,0,0,0.9,0,3.7,0,0,0,0,0,0,0,0,0,0,0,0,0,0,0,0,364,0,0,0,0,0,0,0,0,0,,0,0,0,364,0,0,364,130,0,0,0,0,A010B,2021.0,61,AME001,A010B,2.8000000000000003,0.09,400,2021,142.85714285714283,,0,0,,0,0,,0,0,,0,0,,0,0,,0,0,,0,0,,0,0,,0,0,,0,0,,0,0,,0,0,,0,0,,0,0,,0,0,,0,0,,0,0,,0,0,,0,0,,0,0,,0,0,,0,0,,0,0,,0,0,,0,0,,0,0,,0,0,,0,0,,0,0,,0,0,3.4891774891774894,2310,8.06,2.497502497502497,5096,12.727272727272725,0.9916749916749925,-2786,-4.667272727272724,3.961986240129505,3601.7288135593217,14.27,3.4965034965034962,6552,22.909090909090907,0.46548274362600894,-2950.2711864406783,-8.639090909090907
B007A,2012,41,AME,AME,AME01,AME001,B 07,B007A,2012,PPKS,17.900000000000002,,17.900000000000002,0,0,0,1.1,0,19.000000000000004,0,0,0,0,907,325,583,42,0,62,0,0,1919,107.20670391061451,0,0,0,0,0,0,0,0,0,0,0,0,,0,0,0,907,1012,0,1919,107.20670391061451,33,9,42,0.021886399166232414,B007A,2012.0,16,AME001,B007A,17.900000000000002,0.5626808100289297,2074,2012,115.86592178770948,,0,0,,0,0,,0,0,3.397721644378405,12114,41.16,2.4975024975024973,12698,31.71328671328671,0.9002191468759078,-584,9.446713286713287,3.1912560039332853,26441,84.38,3.278767601434779,20876,68.44755244755244,-0.08751159750149373,5565,15.932447552447556,4.87363100252738,35610,173.55,3.6553686111952834,28524,104.26573426573427,1.2182623913320962,7086,69.28426573426574,5.707678720832946,43028,245.59,4.860859735185902,30794,149.68531468531467,0.8468189856470438,12234,95.90468531468534,6.266059791041688,48335,302.87,6.556080217335365,28889,189.3986013986014,-0.29002042629367697,19446,113.47139860139862,6.662059433310297,41963,279.56,8.75398291100974,28441,248.97202797202797,-2.091923477699442,13522,30.58797202797203,10.026447757092807,29114,291.91,10.87436787369808,26874,292.23776223776224,-0.8479201166052732,2240,-0.32776223776221514,8.321045674842122,34045,283.29,12.805858023389053,24893,318.77622377622373,-4.484812348546932,9152,-35.48622377622371,7.671471995666175,33227,254.9,14.054486776341221,23489.5,330.1328671328671,-6.383014780675047,9737.5,-75.23286713286709,7.090872986323132,40287,285.67,14.984542197036276,22186.5,332.4545454545454,-7.893669210713145,18100.5,-46.784545454545366,9.250731981082605,33382.22322638951,308.81,15.802709687007203,21175,334.62237762237754,-6.551977705924598,12207.223226389513,-25.81237762237754
A011A,2016,17,AME,AME,AME01,AME001,A 11,A011A,2016,Topaz/Lonsum,4,,4,0,0,0,0.2,0.3,4.5,0,0,0,0,0,0,0,0,354,0,47,0,401,100.25,0,59,0,0,0,0,0,0,0,0,0,0,,0,0,0,354,106,0,460,115,0,0,0,0,A011A,2016.0,23,AME001,A011A,4,0.3192307692307692,520,2016,130,,0,0,,0,0,,0,0,,0,0,,0,0,,0,0,,0,0,,0,0,,0,0,,0,0,,0,0,,0,0,,0,0,,0,0,,0,0,,0,0,2.4975024975024978,4956,12.377622377622378,,-4956,-12.377622377622378,3.9120038259206122,2091,8.18,3.4965034965034967,6372,22.27972027972028,0.41550032941711557,-4281,-14.09972027972028,2.177814029363785,7356,16.02,4.175672476842993,6322,26.3986013986014,-1.9978584474792083,1034,-10.3786013986014,5.649585371039762,4703,26.57,5.778092874867068,6510,37.61538461538461,-0.12850750382730602,-1807,-11.045384615384613,5.1020408163265305,3479,17.75,7.245802977510294,6888,49.90909090909091,-2.143762161183764,-3409,-32.15909090909091,5.774076446722186,4683,27.04,9.638367540878617,6770,65.25174825174824,-3.864291094156431,-2087,-38.21174825174824,6.559248739810598,6244.61758118701,40.96,11.506970073599412,6251,71.93006993006992,-4.947721333788814,-6.382418812990181,-30.97006993006992
C010A,2012,79,AME,AME,AME01,AME001,C 10,C010A,2012,Slpn. Jaya,31.400000000000002,,31.400000000000002,0,0,0,1.47,0,32.870000000000005,0,0,0,0,3162,382,23,0,0,0,0,0,3567,113.59872611464968,0,0,0,0,0,0,0,0,0,0,0,0,,0,0,0,3162,405,0,3567,113.59872611464968,180,38,218,0.06111578357162882,C010A,2012.0,17,AME001,C010A,31.400000000000002,0.13771475320425416,3667,2012,116.78343949044586,,0,0,,0,0,,0,0,3.2533815234653085,18261,59.41,2.4975024975024973,44268,110.55944055944056,0.7558790259628112,-26007,-51.14944055944056,2.9821838564447236,77963,232.5,3.4106969735904595,62264,212.36363636363637,-0.4285131171457359,15699,20.136363636363626,4.176996486508425,86239,360.22,4.256186796418671,57790,245.965034965035,-0.07919030991024645,28449,114.25496503496504,5.366796191126863,93676,502.74,5.912799340440365,57118,337.72727272727275,-0.5460031493135027,36558,165.01272727272726,6.2196287269564845,93139,579.29,8.10649191283582,53910,437.02097902097904,-1.886863185879335,39229,142.26902097902092,6.786581514492245,71245,483.51,11.096952128600464,50366,558.909090909091,-4.310370614108218,20879,-75.399090909091,10.502874166072253,47666,500.63,13.1868814960334,46799,617.1328671328671,-2.6840073299611475,867,-116.5028671328671,7.4111346516007535,67968,503.72,14.41709197538213,43232,623.2797202797202,-7.005957323781376,24736,-119.55972027972018,7.329038894876065,81656,598.46,15.119075755258654,41246,623.6013986013985,-7.790036860382589,40410,-25.141398601398464,7.149740299829551,74509,532.72,15.806985845768128,39451,623.6013986013985,-8.657245545938578,35058,-90.88139860139847,8.904147724048714,65710.94933878243,585.1,16.55542307297799,37667.5,623.6013986013985,-7.651275348929277,28043.449338782433,-38.50139860139848
A011B,2018,18,AME,AME,AME01,AME001,A 11B,A011B,2018,Lonsum,6,,6,0,0,0,0.7000000000000001,0.3,7,0,0,0,0,0,0,0,0,0,0,416,0,416,69.33333333333333,0,5,0,0,0,0,0,0,0,0,94,0,,0,0,0,416,99,0,515,85.83333333333333,0,0,0,0,A011B,2018.0,35,AME001,A011B,6,0.5011990407673861,834,2018,139,,0,0,,0,0,,0,0,,0,0,,0,0,,0,0,,0,0,,0,0,,0,0,,0,0,,0,0,,0,0,,0,0,,0,0,,0,0,,0,0,,0,0,,0,0,,0,0,,0,0,,0,0,3.5866983372921615,421,1.51,2.497502497502497,5824,14.545454545454543,1.0891958397896646,-5403,-13.035454545454543,4.651515151515151,660,3.07,3.4965034965034967,7488,26.181818181818183,1.1550116550116547,-6828,-23.111818181818183,2.985074626865672,469,1.4,4.351135038021745,6726,29.26573426573426,-1.3660604111560732,-6257,-27.86573426573426,4.627472229748036,3691,17.08,6.083895351609552,6746,41.04195804195804,-1.4564231218615165,-3055,-23.96195804195804,6.18898613094356,3717.894904458599,23.01,8.340709922988404,6320,52.71328671328671,-2.1517237920448444,-2602.105095541401,-29.70328671328671
C011A,2012,80,AME,AME,AME01,AME001,C 11,C011A,2012,Slpn. Jaya,28.9,,28.9,0,0,0,1.584211429,0,30.484211429,0,0,0,0,2573,645,44,0,0,0,0,0,3262,112.8719723183391,0,0,0,0,0,0,0,0,0,0,0,0,,0,0,0,2573,689,0,3262,112.8719723183391,160.3,25.7,186,0.05702023298589822,C011A,2012.0,18,AME001,C011A,28.9,0.22871702637889688,3336,2012,115.4325259515571,,0,0,,0,0,,0,0,3.2045880149812733,17088,54.76,2.4975024975024973,36022,89.96503496503495,0.707085517478776,-18934,-35.20503496503495,3.1989026445153113,71809,229.71,3.33350517652339,55344,184.48951048951048,-0.1346025320080786,16465,45.22048951048953,4.293312492537475,92127,395.53,4.158949265140971,53394,222.06293706293704,0.13436322739650386,38733,173.46706293706293,5.40625,88000,475.75,5.734051717219275,52280,299.77622377622373,-0.3278017172192751,35720,175.97377622377627,6.41683550094765,76505,490.92,7.861865456738388,49619,390.0979020979021,-1.445029955790738,26886,100.82209790209794,7.091426160601278,63997,453.83,10.761312565152998,46401,499.33566433566426,-3.66988640455172,17596,-45.50566433566428,10.208217893525426,46922,478.99,12.960543709981572,43139,559.104895104895,-2.752325816456146,3783,-80.11489510489503,7.740866234531526,67880,525.45,14.285536416087862,39877,569.6643356643357,-6.544670181556335,28003,-44.214335664335636,6.963476572225265,80332,559.39,15.04636281624,37901.5,570.2797202797203,-8.082886244014734,42430.5,-10.889720279720336,7.065253133755113,76027,537.15,15.732505352765504,36248.5,570.2797202797203,-8.66725221901039,39778.5,-33.129720279720345,8.926918782974841,61647.25067842605,550.32,16.473740746146323,34617.5,570.2797202797203,-7.546821963171482,27029.750678426048,-19.959720279720273
C004A,2013,63,AME,AME,AME01,AME001,C 04A,C004A,2013,PPKS,6,,6,0,0,0,0.45,0,6.45,0,0,0,0,0,469,0,201,0,0,0,0,670,111.66666666666667,0,10,0,36,0,0,0,0,0,0,0,0,,0,0,0,469,247,0,716,119.33333333333333,5,3,8,0.0111731843575419,C004A,2013.0,19,AME001,C004A,6,0.37215528781793844,747,2013,124.5,,0,0,,0,0,,0,0,,0,0,,0,0,,0,0,4.318655047428087,12967,56,2.4975024975024973,6566,16.398601398601397,1.8211525499255896,6401,39.6013986013986,5.511997630097759,10127,55.82,3.4965034965034962,8442,29.517482517482517,2.0154941335942627,1685,26.302517482517484,6.336552478134111,10976,69.55,3.859776587049314,10318,39.82517482517482,2.476775891084797,658,29.724825174825177,6.99648382559775,14220,99.49,5.265818518830567,11122,58.566433566433574,1.7306653067671824,3098,40.92356643356642,7.049970682129129,15349,108.21,7.1301247771836005,10251,73.0909090909091,-0.08015409505447124,5098,35.1190909090909,10.483818944199548,9301,97.51,9.723153558769999,9782,95.11188811188812,0.7606653854295491,-481,2.3981118881118846,8.27887927022247,10743,88.94,11.774989716166186,9112,107.2937062937063,-3.4961104459437156,1631,-18.353706293706296,7.18919782678172,12516,89.98,13.361842073098192,8582,114.67132867132868,-6.172644246316472,3934,-24.691328671328677,6.986526946107785,6680,46.67,13.695527187271045,8690.5,119.02097902097903,-6.7090002411632605,-2010.5,-72.35097902097903,8.553049811177521,7134.297279580465,61.02,14.333202303127116,8379,120.09790209790211,-5.780152491949595,-1244.7027204195347,-59.077902097902104
B001B,2016,20,AME,AME,AME01,AME001,B 01B,B001B,2016,Topaz,4.7,,4.7,0,0,0,0.4,0,5.1000000000000005,0,0,0,0,0,0,0,0,422,0,0,0,422,89.7872340425532,0,53,0,10,0,0,0,0,0,0,0,0,,0,0,0,422,63,0,485,103.19148936170212,0,0,0,0,B001B,2016.0,24,AME001,B001B,4.7,0.309328968903437,611,2016,130,,0,0,,0,0,,0,0,,0,0,,0,0,,0,0,,0,0,,0,0,,0,0,,0,0,,0,0,,0,0,,0,0,,0,0,,0,0,2.534908700322234,1862,4.72,2.4975024975024978,5908,14.755244755244757,0.03740620281973639,-4046,-10.035244755244758,4.377172653534183,3452,15.11,3.4965034965034962,7596,26.559440559440556,0.8806691570306868,-4144,-11.449440559440557,3.299701046337818,8028,26.49,4.370629370629371,6752,29.510489510489514,-1.070928324291553,1276,-3.020489510489515,6.509754028837999,4716,30.7,6.118881118881119,6752,41.31468531468532,0.3908729099568795,-2036,-10.614685314685321,4.998990918264379,4955,24.77,7.773194000569565,7072,54.972027972027966,-2.7742030823051858,-2117,-30.202027972027967,6.111254851228978,3865,23.62,10.219857263559062,7002,71.55944055944056,-4.108602412330084,-3137,-47.939440559440555,5.72028015150795,7309.082578582846,41.81,11.991385955156296,6514,78.1118881118881,-6.2711058036483465,795.0825785828456,-36.301888111888104
C004B,2015,64,AME,AME,AME01,AME001,C 04B,C004B,2015,PPKS,1.9,,1.9,0,0,0,0.1,0,2,0,0,0,0,0,0,0,188,0,0,0,0,188,98.94736842105263,0,5,0,1,0,0,0,0,0,0,0,0,,0,0,0,188,6,0,194,102.10526315789474,0,0,0,0,C004B,2015.0,20,AME001,C004B,1.9,0.2388663967611336,247,2015,130,,0,0,,0,0,,0,0,,0,0,,0,0,,0,0,,0,0,,0,0,,0,0,,0,0,,0,0,,0,0,2.4600638977635785,1252,3.08,2.4975024975024973,2632,6.573426573426572,-0.03743859973891883,-1380,-3.4934265734265724,4.705528846153846,1664,7.83,3.496503496503496,3384,11.83216783216783,1.20902534965035,-1720,-4.00216783216783,5.445221445221446,4290,23.36,4.37062937062937,3008,13.146853146853145,1.0745920745920756,1282,10.213146853146855,5.596884651537532,7447,41.68,6.118881118881117,3008,18.405594405594403,-0.5219964673435857,4439,23.274405594405597,5.466276440069176,7517,41.09,8.39160839160839,2820,23.66433566433566,-2.9253319515392135,4697,17.425664335664344,6.233456281188978,4609,28.73,11.255583794443899,2702,30.412587412587413,-5.022127513254921,1907,-1.682587412587413,6.3011695906432745,2052,12.93,13.036414135315233,2548,33.21678321678321,-6.735244544671959,-496,-20.286783216783213,8.496259908982399,1127.554959785523,9.58,14.137519235225263,2354,33.27972027972027,-5.641259326242864,-1226.445040214477,-23.699720279720275
B001C,2017,21,AME,AME,AME01,AME001,B 01C,B001C,2017,Socfin,0.4,,0.4,0,0,0,0,0,0.4,0,0,0,0,0,0,0,0,0,38,0,0,38,95,0,0,0,0,0,0,0,0,0,0,0,0,,0,0,0,38,0,0,38,95,0,0,0,0,B001C,2017.0,31,AME001,B001C,0.4,0.3333333333333333,57,2017,142.5,,0,0,,0,0,,0,0,,0,0,,0,0,,0,0,,0,0,,0,0,,0,0,,0,0,,0,0,,0,0,,0,0,,0,0,,0,0,,0,0,,0,0,,0,0,2.6366559485530545,311,0.82,2.4975024975024973,532,1.3286713286713285,0.1391534510505572,-221,-0.5086713286713286,2.294776119402985,1072,2.46,3.4965034965034967,684,2.3916083916083917,-1.2017273771005117,388,0.0683916083916083,5.805921052631579,608,3.53,4.370629370629371,608,2.657342657342657,1.435291682002208,0,0.8726573426573427,2.878787878787879,462,1.33,6.118881118881117,608,3.7202797202797195,-3.2400932400932385,-146,-2.3902797202797195,5.414012738853503,471,2.55,8.391608391608392,570,4.783216783216783,-2.9775956527548884,-99,-2.2332167832167835,6.182081186149535,425.4230769230769,2.63,11.488511488511486,532,6.111888111888111,-5.306430302361951,-106.5769230769231,-3.481888111888111
C005B,2015,70,AME,AME,AME01,AME001,C 05B,C005B,2015,PPKS,8.2,,8.2,0,0,0,0.6,0,8.799999999999999,0,0,0,0,0,0,0,859,0,0,0,0,859,104.75609756097562,0,0,0,0,0,0,0,0,0,0,0,0,,0,0,0,859,0,0,859,104.75609756097562,0,0,0,0,C005B,2015.0,21,AME001,C005B,8.2,0.19418386491557224,1066,2015,130,,0,0,,0,0,,0,0,,0,0,,0,0,,0,0,,0,0,,0,0,,0,0,,0,0,,0,0,,0,0,1.6222509702457957,3865,6.27,2.497502497502497,12026,30.03496503496503,-0.8752515272567012,-8161,-23.76496503496503,2.3932666504025373,8198,19.62,3.4965034965034953,15462,54.062937062937046,-1.103236846100958,-7264,-34.44293706293705,3.8579545454545454,7040,27.16,4.37062937062937,13744,60.06993006993006,-0.5126748251748245,-6704,-32.909930069930056,3.5437735623242177,16711,59.22,6.118881118881118,13744,84.0979020979021,-2.5751075565569006,2967,-24.877902097902094,5.681996001043206,11503,65.36,8.391608391608388,12885,108.12587412587409,-2.709612390565182,-1382,-42.76587412587409,6.194459936791225,10758,66.64,11.488511488511488,12026,138.16083916083915,-5.294051551720263,-1268,-71.52083916083915,6.334106728538283,10775,68.25,13.448090371167291,11167,150.17482517482514,-7.113983642629008,-392,-81.92482517482514,8.955316822358437,6084.653517110267,54.49,14.568764568764566,10308,150.17482517482514,-5.613447746406129,-4223.346482889733,-95.68482517482514
B001D,2018,22,AME,AME,AME01,AME001,B 01D,B001D,2018,Lonsum,0.4,,0.4,0,0,0,0.2,0,0.6000000000000001,0,0,0,0,0,0,0,0,0,0,48,0,48,120,0,0,0,0,0,0,0,0,0,0,0,0,,0,0,0,48,0,0,48,120,0,0,0,0,B001D,2018.0,36,AME001,B001D,0.4,0.15789473684210525,57,2018,142.5,,0,0,,0,0,,0,0,,0,0,,0,0,,0,0,,0,0,,0,0,,0,0,,0,0,,0,0,,0,0,,0,0,,0,0,,0,0,,0,0,,0,0,,0,0,,0,0,,0,0,,0,0,3.476052249637155,1378,4.79,2.4975024975024973,672,1.6783216783216781,0.9785497521346578,706,3.1116783216783217,3.652321630804077,1766,6.45,3.4965034965034962,864,3.020979020979021,0.1558181343005809,902,3.4290209790209794,2.6825127334465195,1767,4.74,4.37062937062937,768,3.3566433566433562,-1.6881166371828504,999,1.383356643356644,5.036407766990291,824,4.15,6.118881118881117,768,4.699300699300698,-1.082473351890826,56,-0.5493006993006979,5.73398749009492,828.3938547486034,4.75,8.391608391608392,720,6.041958041958042,-2.6576209015134715,108.39385474860342,-1.2919580419580416
C007B,2015,76,AME,AME,AME01,AME001,C 07B,C007B,2015,PPKS,4.1,,4.1,0.9,0,0,0.2,0,5.2,0,0,0,0,0,0,0,448,0,0,0,0,448,109.26829268292684,0,63,0,0,0,0,0,0,0,0,0,0,,0,0,0,448,63,0,511,124.63414634146342,3,1,4,0.007827788649706457,C007B,2015.0,22,AME001,C007B,4.1,0.15947467166979362,533,2015,130,,0,0,,0,0,,0,0,,0,0,,0,0,,0,0,,0,0,,0,0,,0,0,,0,0,,0,0,,0,0,3.119092627599244,2645,8.25,2.4975024975024973,6272,15.664335664335663,0.6215901300967466,-3627,-7.414335664335663,5.344040574809806,5915,31.61,3.4965034965034962,8064,28.195804195804193,1.8475370783063094,-2149,3.4141958041958063,8.155829596412556,1784,14.55,4.370629370629371,7168,31.328671328671327,3.7852002257831847,-5384,-16.778671328671326,3.821947283485745,3718,14.21,6.118881118881119,7168,43.86013986013986,-2.2969338353953743,-3450,-29.65013986013986,5.715062533985862,1839,10.51,8.391608391608392,6720,56.391608391608386,-2.6765458576225294,-4881,-45.88160839160839,5.578756241488879,2203,12.29,10.380030927976133,7154,74.25874125874125,-4.801274686487254,-4951,-61.968741258741254,6.517933390264731,4684,30.53,11.826201967047036,6958,82.28671328671328,-5.308268576782305,-2274,-51.75671328671328,8.309527560433406,3041.0874524714827,25.27,12.9585326953748,6384,82.72727272727272,-4.649005134941394,-3342.9125475285173,-57.45727272727272
B001E,2019,23,AME,AME,AME01,AME001,B 01E,B001E,2019,PPKS,1.4,,1.4,0,0,0,0.2,0,1.5999999999999999,0,0,0,0,0,0,0,0,0,0,0,73,73,52.142857142857146,0,0,0,0,0,0,0,0,0,0,0,0,,0,0,0,73,0,0,73,52.142857142857146,0,0,0,0,B001E,2019.0,46,AME001,B001E,1.4,0.6473429951690821,207,2019,147.85714285714286,,0,0,,0,0,,0,0,,0,0,,0,0,,0,0,,0,0,,0,0,,0,0,,0,0,,0,0,,0,0,,0,0,,0,0,,0,0,,0,0,,0,0,,0,0,,0,0,,0,0,,0,0,,0,0,,0,0,,0,0,1.0352422907488987,454,0.47,2.497502497502497,1022,2.552447552447552,-1.4622602067535981,-568,-2.082447552447552,2.187776793622675,1129,2.47,3.4965034965034967,1314,4.594405594405594,-1.3087267028808216,-185,-2.124405594405594,4.344773790951638,1282,5.57,4.37062937062937,1168,5.104895104895104,-0.025855579677731555,114,0.46510489510489617,5.026682257893059,1412.4624624624623,7.1,6.118881118881119,1168,7.1468531468531475,-1.0921988609880602,244.46246246246233,-0.0468531468531479
B001F,0,24,AME,AME,AME01,AME001,B 01E,B001F,0,0,0,,0,0,0,0,0.4,1.8,2.2,0,0,0,0,0,0,0,0,0,0,0,0,0,0,0,0,0,0,0,0,0,0,0,0,0,0,,0,0,0,0,0,0,0,0,0,0,0,0,,,,,,,,,,,,,,,,,,,,,,,,,,,,,,,,,,,,,,,,,,,,,,,,,,,,,,,,,,,,,,,,,,,,,,,,,,,,,,,,,,,,,,,,,,,,,,,,,,,,,,,,,,,,,,,,,,,,,,
B002B,2016,26,AME,AME,AME01,AME001,B 02B,B002B,2016,Topaz,2.7,,2.7,0,0,0,0.1,0,2.8000000000000003,0,0,0,0,0,0,0,0,286,0,0,0,286,105.92592592592592,0,79,0,21,0,0,0,0,0,0,0,0,,0,0,0,286,100,0,386,142.96296296296296,0,0,0,0,B002B,2016.0,25,AME001,B002B,2.7,0.2590673575129534,386,2016,142.96296296296296,,0,0,,0,0,,0,0,,0,0,,0,0,,0,0,,0,0,,0,0,,0,0,,0,0,,0,0,,0,0,,0,0,,0,0,,0,0,2.2523219814241484,1292,2.91,2.4975024975024973,4004,10,-0.2451805160783489,-2712,-7.09,3.98478642480983,1709,6.81,3.4965034965034967,5148,18,0.48828292830633346,-3439,-11.190000000000001,3.9617083946980856,4074,16.14,4.370629370629371,4576,20,-0.4089209759312853,-502,-3.8599999999999994,5.525354969574036,2465,13.62,6.118881118881119,4576,28,-0.5935261493070829,-2111,-14.38,5.327342747111682,2337,12.45,7.183513299154515,5396,38.76223776223776,-1.8561705520428333,-3059,-26.31223776223776,6.043829296424452,1734,10.48,9.039561836764635,5720,51.706293706293714,-2.9957325403401835,-3986,-41.22629370629372,5.734558031737576,3478.9080325960417,19.95,10.605625717566015,5360,56.84615384615385,-4.871067685828439,-1881.0919674039583,-36.89615384615385
B009A,2016,50,AME,AME,AME01,AME001,B 09,B009A,2016,PPKS,3.3000000000000003,,3.3000000000000003,0,0,0,0.4,0,3.7,0,0,0,0,0,0,0,0,213,0,0,0,213,64.54545454545455,0,0,0,0,0,0,0,0,0,0,0,0,,0,135,0,213,135,0,348,105.45454545454544,1,0,1,0.0028735632183908046,B009A,2016.0,26,AME001,B009A,3.3000000000000003,0.5034965034965035,429,2016,130,,0,0,,0,0,,0,0,,0,0,,0,0,,0,0,,0,0,,0,0,,0,0,,0,0,,0,0,,0,0,,0,0,,0,0,,0,0,,0,0,2.4975024975024978,2982,7.447552447552448,,-2982,-7.447552447552448,4.0049751243781095,2412,9.66,3.496503496503497,3834,13.405594405594407,0.5084716278746124,-1422,-3.7455944055944066,1.722992489890237,6924,11.93,4.370629370629371,3408,14.895104895104897,-2.647636880739134,3516,-2.965104895104897,4.769092137868889,4439,21.17,6.118881118881118,3408,20.853146853146853,-1.349788981012229,1031,0.31685314685314836,5.1043916486681065,4167,21.27,8.391608391608393,3195,26.811188811188813,-3.287216742940287,972,-5.541188811188814,5.452621678814954,4253,23.19,11.48851148851149,2982,34.25874125874126,-6.035889809696536,1271,-11.068741258741259,6.947480182330543,4319.55172413793,30.01,13.448090371167295,2769,37.23776223776224,-6.500610188836752,1550.5517241379303,-7.227762237762239
B002C,2018,27,AME,AME,AME01,AME001,B 02C,B002C,2018,Lonsum,4.5,,4.5,0,0,0,0.275838971673,0,4.775838971673,0,0,0,0,0,0,0,0,0,0,612,0,612,136,0,0,0,0,0,0,0,0,0,0,0,0,,0,0,0,612,0,0,612,136,0,0,0,0,B002C,2018.0,37,AME001,B002C,4.5,0.05263157894736842,646,2018,143.55555555555554,,0,0,,0,0,,0,0,,0,0,,0,0,,0,0,,0,0,,0,0,,0,0,,0,0,,0,0,,0,0,,0,0,,0,0,,0,0,,0,0,,0,0,,0,0,,0,0,,0,0,,0,0,3.2271702367531003,3548,11.45,2.4975024975024973,8568,21.398601398601397,0.729667739250603,-5020,-9.948601398601397,4.386914568133679,4249,18.64,3.4965034965034962,11016,38.51748251748251,0.8904110716301825,-6767,-19.877482517482512,2.9,3800,11.02,4.37062937062937,9792,42.79720279720279,-1.47062937062937,-5992,-31.777202797202794,4.8726828274597676,4909,23.92,6.118881118881117,9792,59.9160839160839,-1.2461982914213499,-4883,-35.9960839160839,6.49687145081321,3686.3897002305916,23.95,8.391608391608392,9180,77.03496503496503,-1.8947369407951813,-5493.610299769409,-53.08496503496502
B010A,2016,57,AME,AME,AME01,AME001,B 10,B010A,2016,PPKS,26.1,,26.1,0,0,0,1.4,0,27.5,0,0,0,0,0,0,0,0,2612,0,0,0,2612,100.07662835249042,0,0,0,0,0,0,0,0,0,0,0,0,,0,601,0,2612,601,0,3213,123.10344827586206,55,15,70,0.02178649237472767,B010A,2016.0,27,AME001,B010A,26.1,0.23017978190391986,3393,2016,130,,0,0,,0,0,,0,0,,0,0,,0,0,,0,0,,0,0,,0,0,,0,0,,0,0,,0,0,,0,0,,0,0,,0,0,,0,0,,0,0,2.4975024975024978,36568,91.32867132867133,,-36568,-91.32867132867133,3.433416135651798,9259,31.79,3.4965034965034962,47016,164.39160839160837,-0.0630873608516982,-37757,-132.60160839160838,2.1283567939654993,48521,103.27,4.370629370629371,41792,182.65734265734267,-2.2422725766638716,6729,-79.38734265734267,5.44763234267661,27221,148.29,6.118881118881119,41792,255.72027972027973,-0.671248776204509,-14571,-107.43027972027974,5.848282558562932,41195,240.92,8.39160839160839,39180,328.78321678321674,-2.543325833045458,2015,-87.86321678321676,5.896414342629482,41415,244.2,11.488511488511486,36568,420.11188811188805,-5.592097145882004,4847,-175.91188811188806,7.005271726985425,41691.4591442525,292.06,13.448090371167293,33956,456.64335664335664,-6.442818644181868,7735.459144252498,-164.58335664335664
B002D,2020,28,AME,AME,AME01,AME001,B 02D,B002D,2020,SRIWIJAYA,0.3,,0.3,0,0,0,0.1,0,0.4,0,0,0,0,0,0,0,0,0,0,0,0,0,0,34,0,0,1,0,0,0,0,0,0,0,0,,0,0,0,34,1,0,35,116.66666666666667,0,0,0,0,B002D,2020.0,55,AME001,B002D,0.3,0.20930232558139533,43,2020,143.33333333333334,,0,0,,0,0,,0,0,,0,0,,0,0,,0,0,,0,0,,0,0,,0,0,,0,0,,0,0,,0,0,,0,0,,0,0,,0,0,,0,0,,0,0,,0,0,,0,0,,0,0,,0,0,,0,0,,0,0,,0,0,,0,0,,0,0,,0,0,11.5625,448,5.18,2.4975024975024973,476,1.1888111888111887,9.064997502497503,-28,3.991188811188811,3.929411764705882,425,1.67,3.474161621126477,626,2.1748251748251746,0.4552501435794052,-201,-0.5048251748251746,4.7352227274281224,361.12345679012344,1.71,4.34263245651146,562,2.4405594405594404,0.39259027091666265,-200.87654320987656,-0.7305594405594404
B011A,2016,59,AME,AME,AME01,AME001,B 11,B011A,2016,PPKS,13,,13,0,0,0,0.7,0,13.7,0,0,0,0,0,0,0,0,1490,0,0,0,1490,114.61538461538461,0,0,0,0,0,0,0,0,0,0,0,0,,0,158,0,1490,158,0,1648,126.76923076923077,0,0,0,0,B011A,2016.0,28,AME001,B011A,13,0.1183431952662722,1690,2016,130,,0,0,,0,0,,0,0,,0,0,,0,0,,0,0,,0,0,,0,0,,0,0,,0,0,,0,0,,0,0,,0,0,,0,0,,0,0,,0,0,2.4975024975024973,20860,52.09790209790209,,-20860,-52.09790209790209,3.4937642719128754,5693,19.89,3.4965034965034967,26820,93.77622377622377,-0.0027392245906212587,-21127,-73.88622377622377,2.0197839493398453,24161,48.8,4.37062937062937,23840,104.19580419580419,-2.3508454212895247,321,-55.39580419580419,5.555720323274264,13487,74.93,6.118881118881118,23840,145.87412587412587,-0.5631607956068541,-10353,-70.94412587412586,5.771407366174969,21558,124.42,8.391608391608392,22350,187.55244755244755,-2.6202010254334223,-792,-63.132447552447545,5.807463443885788,21679,125.9,11.488511488511486,20860,239.65034965034963,-5.681048044625698,819,-113.75034965034962,6.58032644933492,23504.91289313354,154.67,13.448090371167293,19370,260.48951048951045,-6.867763921832373,4134.91289313354,-105.81951048951046
B002E,2022,29,AME,AME,AME01,AME001,B 02E,B002E,2022,PPKS,0.5,,0.5,0,0,0,0.30000000000000004,8.700000000000001,9.500000000000002,0,0,0,0,0,0,0,0,0,0,0,0,0,0,0,0,0,0,63,0,0,0,0,0,0,0,,0,0,0,63,0,0,63,126,0,0,0,0,B002E,2022.0,67,AME001,B002E,0.5,0.125,72,2022,144,,0,0,,0,0,,0,0,,0,0,,0,0,,0,0,,0,0,,0,0,,0,0,,0,0,,0,0,,0,0,,0,0,,0,0,,0,0,,0,0,,0,0,,0,0,,0,0,,0,0,,0,0,,0,0,,0,0,,0,0,,0,0,,0,0,,0,0,,0,0,,0,0,,0,0,,0,0,,0,0,,0,0,3.6236598000240936,389.109375,1.41,2.4975024975024973,882,2.202797202797203,1.1261573025215963,-492.890625,-0.792797202797203
C004C,2016,65,AME,AME,AME01,AME001,C 04C,C004C,2016,PPKS,1.3,,1.3,0,0,0,0,0,1.3,0,0,0,0,0,0,0,0,42,46,0,0,88,67.6923076923077,0,31,0,0,0,0,0,0,0,0,0,0,,0,0,0,42,77,0,119,91.53846153846153,0,0,0,0,C004C,2016.0,29,AME001,C004C,1.3,0.7514792899408285,169,2016,130,,0,0,,0,0,,0,0,,0,0,,0,0,,0,0,,0,0,,0,0,,0,0,,0,0,,0,0,,0,0,,0,0,,0,0,,0,0,1.6514954486345903,769,1.27,2.4975024975024978,588,1.4685314685314685,-0.8460070488679075,181,-0.19853146853146852,2.3191094619666046,1078,2.5,3.0369630369630367,1400,4.251748251748252,-0.7178535749964321,-322,-1.7517482517482517,3.9971414959504528,2099,8.39,3.8881118881118883,1500,5.8321678321678325,0.10902960783856441,599,2.557832167832168,5.092592592592593,1404,7.15,5.205022250476795,1408,7.328671328671328,-0.11242965788420278,-4,-0.17867132867132796,2.835714285714286,1400,3.97,6.041181041181041,1800,10.874125874125873,-3.205466755466755,-400,-6.904125874125873,5.400302114803625,1324,7.15,7.895699072169661,1836,14.496503496503497,-2.4953969573660357,-512,-7.346503496503496,7.774071431492936,960.886462882096,7.47,10.029116790682629,1686,16.90909090909091,-2.255045359189693,-725.113537117904,-9.439090909090911
B003B,2018,31,AME,AME,AME01,AME001,B 03B,B003B,2018,Lonsum,1.6,,1.6,0,0,0,0,0,1.6,0,0,0,0,0,0,0,0,0,0,262,0,262,163.75,0,3,0,0,0,0,0,0,0,0,0,0,,0,0,0,262,3,0,265,165.625,0,0,0,0,B003B,2018.0,38,AME001,B003B,1.6,0.011320754716981131,265,2018,165.625,,0,0,,0,0,,0,0,,0,0,,0,0,,0,0,,0,0,,0,0,,0,0,,0,0,,0,0,,0,0,,0,0,,0,0,,0,0,,0,0,,0,0,,0,0,,0,0,,0,0,,0,0,3.8290598290598292,1170,4.48,2.4975024975024978,3668,9.160839160839162,1.3315573315573315,-2498,-4.680839160839161,3.0970724191063175,1947,6.03,3.4965034965034953,4716,16.489510489510486,-0.39943107739717787,-2769,-10.459510489510485,2.5161290322580645,1395,3.51,4.3520485183215465,4234,18.426573426573427,-1.835919486063482,-2839,-14.916573426573427,4.885095206828628,1523,7.44,6.085530108139623,4246,25.83916083916084,-1.2004349013109952,-2723,-18.39916083916084,6.104375530219364,2013.309951060359,12.29,8.34308979105359,3978,33.18881118881118,-2.238714260834226,-1964.690048939641,-20.89881118881118
B003C,2019,32,AME,AME,AME01,AME001,B 03C,B003C,2019,Lonsum,0.5,,0.5,0,0,0,0,0,0.5,0,0,0,0,0,0,0,0,0,0,0,64,64,128,0,0,0,0,0,0,0,0,0,0,0,0,,0,0,0,64,0,0,64,128,0,0,0,0,B003C,2019.0,47,AME001,B003C,0.5,0.09859154929577464,71,2019,142,,0,0,,0,0,,0,0,,0,0,,0,0,,0,0,,0,0,,0,0,,0,0,,0,0,,0,0,,0,0,,0,0,,0,0,,0,0,,0,0,,0,0,,0,0,,0,0,,0,0,,0,0,,0,0,,0,0,,0,0,1.2790697674418605,172,0.22,2.4975024975024978,896,2.237762237762238,-1.2184327300606372,-724,-2.0177622377622377,2.4041811846689893,574,1.38,3.4965034965034967,1152,4.027972027972028,-1.0923223118345073,-578,-2.6479720279720285,4.461152882205514,399,1.78,4.370629370629371,1024,4.475524475524476,0.09052351157614336,-625,-2.6955244755244756,5.302663438256658,413,2.19,6.11888111888112,1024,6.265734265734267,-0.8162176806244617,-611,-4.075734265734267
B008A,2017,45,AME,AME,AME01,AME001,B 08,B008A,2017,Socfin,17.04055532196,,17.04055532196,0,0,0,0.9,0,17.940555321959998,0,0,0,0,0,0,0,0,0,2407,0,0,2407,141.2512652623546,0,0,0,0,0,0,0,0,0,0,0,0,,0,16,0,2407,16,0,2423,142.19020179920446,1,0,1,0.0004127115146512588,B008A,2017.0,32,AME001,B008A,17.04055532196,0.006603384234420141,2423,2017,142.19020179920446,,0,0,,0,0,,0,0,,0,0,,0,0,,0,0,,0,0,,0,0,,0,0,,0,0,,0,0,,0,0,,0,0,,0,0,,0,0,,0,0,,0,0,,0,0,3.6904562928296842,5983,22.08,2.497502497502497,33698,84.16083916083915,1.1929537953271874,-27715,-62.08083916083915,2.6262568555758685,35008,91.94,3.496503496503496,43326,151.48951048951045,-0.8702466409276273,-8318,-59.54951048951045,5.595938508255836,21076,117.94,4.37062937062937,38512,168.3216783216783,1.225309137626466,-17436,-50.381678321678294,6.453580536218898,29018,187.27,6.118881118881118,38512,235.65034965034963,0.33469941733777997,-9494,-48.380349650349615,5.253085366547233,35166,184.73,8.39160839160839,36105,302.9790209790209,-3.138523025061157,-939,-118.24902097902091,6.41997245605255,29939.38078640671,192.21,11.488511488511486,33698,387.13986013986005,-5.068539032458936,-3758.6192135932906,-194.92986013986004
B003D,2020,33,AME,AME,AME01,AME001,B 03D,B003D,2020,SRIWIJAYA,2.3,,2.3,0,0,0,0,0,2.3,0,0,0,0,0,0,0,0,0,0,0,0,0,0,187,0,0,0,0,0,0,0,0,0,0,0,,0,0,0,187,0,0,187,81.30434782608697,0,0,0,0,B003D,2020.0,56,AME001,B003D,2.3,0.4316109422492401,329,2020,143.04347826086956,,0,0,,0,0,,0,0,,0,0,,0,0,,0,0,,0,0,,0,0,,0,0,,0,0,,0,0,,0,0,,0,0,,0,0,,0,0,,0,0,,0,0,,0,0,,0,0,,0,0,,0,0,,0,0,,0,0,,0,0,,0,0,,0,0,,0,0,2.9389312977099236,1834,5.39,1.2297732662474306,2618,3.2195464110357728,1.709158031462493,-784,2.170453588964227,3.9230358097274185,1871,7.34,1.7216825727464025,3366,5.79518353986439,2.2013532369810163,-1495,1.5448164601356096,4.56868042821427,2037.7875288683604,9.31,2.1521032159330034,2992,6.4390928220715455,2.4165772122812665,-954.2124711316396,2.870907177928455
B009B,2017,51,AME,AME,AME01,AME001,B 09B,B009B,2017,Socfin,15.100000000000001,,15.100000000000001,0,0,0,0.8,0,15.900000000000002,0,0,0,0,0,0,0,0,0,1838,0,0,1838,121.72185430463576,0,0,0,0,0,0,0,0,0,0,0,0,,0,175,0,1838,175,0,2013,133.3112582781457,0,0,0,0,B009B,2017.0,33,AME001,B009B,15.100000000000001,0.08693492300049677,2013,2017,133.3112582781457,,0,0,,0,0,,0,0,,0,0,,0,0,,0,0,,0,0,,0,0,,0,0,,0,0,,0,0,,0,0,,0,0,,0,0,,0,0,,0,0,,0,0,,0,0,3.264749107705228,4763,15.55,2.4975024975024978,25732,64.26573426573427,0.7672466102027302,-20969,-48.71573426573427,2.433383775248372,30398,73.97,3.4965034965034967,33084,115.67832167832168,-1.0631197212551249,-2686,-41.70832167832168,5.13885334015869,15628,80.31,4.370629370629371,29408,128.53146853146853,0.7682239695293189,-13780,-48.22146853146853,5.272402145837472,25165,132.68,6.11888111888112,29408,179.94405594405598,-0.8464789730436477,-4243,-47.26405594405597,5.121763442603023,24679,126.4,8.391608391608392,27570,231.35664335664336,-3.2698449490053685,-2891,-104.95664335664335,6.467175178014862,21486.970149253728,138.96,11.48851148851149,25732,295.62237762237766,-5.021336310496628,-4245.029850746272,-156.66237762237765
B003E,2022,34,AME,AME,AME01,AME001,B 03D,B003E,2022,SRIWIJAYA,0.4,,0.4,0,0,0,0.3,2.7,3.4000000000000004,0,0,0,0,0,0,0,0,0,0,0,0,0,0,0,0,0,0,43,0,0,0,0,0,0,0,,0,0,0,43,0,0,43,107.5,0,0,0,0,B003E,2022.0,68,AME001,B003E,0.4,0.24561403508771928,57,2022,142.5,,0,0,,0,0,,0,0,,0,0,,0,0,,0,0,,0,0,,0,0,,0,0,,0,0,,0,0,,0,0,,0,0,,0,0,,0,0,,0,0,,0,0,,0,0,,0,0,,0,0,,0,0,,0,0,,0,0,,0,0,,0,0,,0,0,,0,0,,0,0,,0,0,,0,0,,0,0,,0,0,,0,0,4.268404439466449,306.90625,1.31,2.4975024975024978,602,1.5034965034965038,1.7709019419639516,-295.09375,-0.1934965034965037
B006B,2019,38,AME,AME,AME01,AME001,B 06 B,B006B,2019,SAINS,0.3,,0.3,0,0,0,0.4,0,0.7,0,0,0,0,0,0,0,0,0,0,0,14,14,46.66666666666667,0,18,0,0,0,0,0,0,0,0,0,0,,0,0,0,14,18,0,32,106.66666666666667,0,0,0,0,B006B,2019.0,48,AME001,B006B,0.3,0.6744186046511629,43,2019,143.33333333333334,,0,0,,0,0,,0,0,,0,0,,0,0,,0,0,,0,0,,0,0,,0,0,,0,0,,0,0,,0,0,,0,0,,0,0,,0,0,,0,0,,0,0,,0,0,,0,0,,0,0,,0,0,,0,0,,0,0,,0,0,1.6666666666666667,144,0.24,2.497502497502498,196,0.4895104895104896,-0.8308358308358315,-52,-0.2495104895104896,3.4416826003824093,523,1.8,2.9970029970029968,504,1.5104895104895104,0.4446796033794125,19,0.28951048951048963,4.409769335142469,737,3.25,3.8538104231534893,548,2.111888111888112,0.5559589119889798,189,1.138111888111888,5.610557359913391,474.1061946902655,2.66,5.13548951048951,512,2.629370629370629,0.4750678494238807,-37.89380530973449,0.03062937062937099
B006C,2020,39,AME,AME,AME01,AME001,B 06C,B006C,2020,SRIWIJAYA,4,,4,0,0,0,0,0,4,0,0,0,0,0,0,0,0,0,0,0,0,0,0,563,0,0,0,0,0,0,0,0,0,0,0,,0,0,0,563,0,0,563,140.75,0,0,0,0,B006C,2020.0,57,AME001,B006C,4,0.014010507880910683,571,2020,142.75,,0,0,,0,0,,0,0,,0,0,,0,0,,0,0,,0,0,,0,0,,0,0,,0,0,,0,0,,0,0,,0,0,,0,0,,0,0,,0,0,,0,0,,0,0,,0,0,,0,0,,0,0,,0,0,,0,0,,0,0,,0,0,,0,0,,0,0,2.5104166666666665,2880,7.23,2.4975024975024973,7882,19.685314685314683,0.012914169164169209,-5002,-12.455314685314683,4.056437389770723,3402,13.8,3.4965034965034967,10134,35.43356643356643,0.5599338932672264,-6732,-21.633566433566433,4.597989642472448,3742.9401408450703,17.21,4.37062937062937,9008,39.370629370629366,0.22736027184307783,-5265.05985915493,-22.160629370629366
B008B,2018,46,AME,AME,AME01,AME001,B 08B,B008B,2018,Lonsum,1.4,,1.4,0,0,0,0.03,0,1.43,0,0,0,0,0,0,0,0,0,0,183,0,183,130.71428571428572,0,0,0,0,0,0,0,0,0,0,0,0,,0,9,0,183,9,0,192,137.14285714285714,0,0,0,0,B008B,2018.0,39,AME001,B008B,1.4,0.046875,192,2018,137.14285714285714,,0,0,,0,0,,0,0,,0,0,,0,0,,0,0,,0,0,,0,0,,0,0,,0,0,,0,0,,0,0,,0,0,,0,0,,0,0,,0,0,,0,0,,0,0,,0,0,,0,0,,0,0,3.5306711346923576,10743,37.93,2.4975024975024973,2562,6.398601398601398,1.0331686371898603,8181,31.5313986013986,5.182855167646042,14465,74.97,3.496503496503496,3294,11.517482517482515,1.6863516711425461,11171,63.452517482517486,5.236898959955785,19903,104.23,4.370629370629371,2928,12.797202797202797,0.8662695893264143,16975,91.4327972027972,4.8031026252983295,6704,32.2,6.118881118881118,2928,17.916083916083913,-1.3157784935827888,3776,14.28391608391609,5.305049730810258,10883.969600635803,57.74,8.39160839160839,2745,23.03496503496503,-3.086558660798132,8138.969600635803,34.70503496503497
B006D,2023,40,AME,AME,AME01,AME001,B 06C,B006D,2023,PPKS,0,,0,0,0,0,0,0,0,0,0,0,0,0,0,0,0,0,0,0,0,0,0,0,0,0,0,0,0,0,0,0,0,0,0,,0,0,0,0,0,0,0,0,0,0,0,0,B006D,2023.0,73,AME001,B006D,0,0,0,2023,0,,0,0,,0,0,,0,0,,0,0,,0,0,,0,0,,0,0,,0,0,,0,0,,0,0,,0,0,,0,0,,0,0,,0,0,,0,0,,0,0,,0,0,,0,0,,0,0,,0,0,,0,0,,0,0,,0,0,,0,0,,0,0,,0,0,,0,0,,0,0,,0,0,,0,0,,0,0,,0,0,,0,0,,0,0,,0,0,,0,0
B009C,2018,52,AME,AME,AME01,AME001,B 09C,B009C,2018,Lonsum,4.402800000000001,,4.402800000000001,0,0,0,0.36000000000000004,0,4.762800000000001,0,0,0,0,0,0,0,0,0,0,432,0,432,98.11937857726899,0,6,0,2,0,0,0,0,0,0,0,0,,0,156,0,432,164,0,596,135.36840192604703,0,0,0,0,B009C,2018.0,40,AME001,B009C,4.402800000000001,0.2751677852348993,596,2018,135.36840192604703,,0,0,,0,0,,0,0,,0,0,,0,0,,0,0,,0,0,,0,0,,0,0,,0,0,,0,0,,0,0,,0,0,,0,0,,0,0,,0,0,,0,0,,0,0,,0,0,,0,0,,0,0,3.0240034290612945,4666,14.11,2.4975024975024973,6048,15.104895104895103,0.5265009315587972,-1382,-0.9948951048951038,4.245886654478976,6564,27.87,3.4965034965034967,7776,27.18881118881119,0.7493831579754797,-1212,0.6811888111888109,4.225543478260869,6624,27.99,4.348138996509493,6996,30.419580419580416,-0.12259551824862402,-372,-2.429580419580418,4.85781990521327,7174,34.85,6.0643102640832485,7048,42.74125874125874,-1.2064903588699787,126,-7.8912587412587385,5.619029994839749,7737.990371991247,43.48,8.306575457210666,6612,54.92307692307693,-2.6875454623709176,1125.9903719912472,-11.44307692307693
B010B,2018,58,AME,AME,AME01,AME001,B 10B,B010B,2018,Lonsum,6,,6,0,0,0,0.2,0,6.2,0,0,0,0,0,0,0,0,0,0,558,0,558,93,0,0,0,0,0,0,0,9,0,0,0,0,,0,238,0,558,247,0,805,134.16666666666666,0,0,0,0,B010B,2018.0,41,AME001,B010B,6,0.3195121951219512,820,2018,136.66666666666666,,0,0,,0,0,,0,0,,0,0,,0,0,,0,0,,0,0,,0,0,,0,0,,0,0,,0,0,,0,0,,0,0,,0,0,,0,0,,0,0,,0,0,,0,0,,0,0,,0,0,,0,0,3.137761088946257,4261,13.37,2.497502497502498,7812,19.510489510489514,0.6402585914437586,-3551,-6.140489510489514,4.467603081105573,6621,29.58,3.496503496503497,10044,35.11888111888112,0.9710995846020762,-3423,-5.538881118881122,3.3105454545454545,6875,22.76,4.370629370629372,8928,39.02097902097903,-1.0600839160839173,-2053,-16.260979020979025,4.858985708865562,7907,38.42,6.118881118881118,8928,54.62937062937063,-1.259895410015556,-1021,-16.209370629370625,6.196365726146379,8145.097018246552,50.47,8.391608391608393,8370,70.23776223776224,-2.1952426654620147,-224.90298175344833,-19.76776223776224
B007B,2021,42,AME,AME,AME01,AME001,B 07B,B007B,2021,SRIWIJAYA,1.9,,1.9,0,0,0,0.2,0,2.1,0,0,0,0,0,0,0,0,0,0,0,0,0,0,0,0,226,0,0,0,0,0,0,0,0,0,,0,0,0,226,0,0,226,118.94736842105263,0,0,0,0,B007B,2021.0,62,AME001,B007B,1.9,0.16911764705882354,272,2021,143.1578947368421,,0,0,,0,0,,0,0,,0,0,,0,0,,0,0,,0,0,,0,0,,0,0,,0,0,,0,0,,0,0,,0,0,,0,0,,0,0,,0,0,,0,0,,0,0,,0,0,,0,0,,0,0,,0,0,,0,0,,0,0,,0,0,,0,0,,0,0,,0,0,,0,0,,0,0,3.5824977210574294,2194,7.86,2.4975024975024973,3164,7.902097902097902,1.084995223554932,-970,-0.04209790209790132,5.340084967600738,1713.455882352941,9.15,3.4965034965034967,4068,14.223776223776225,1.8435814710972416,-2354.544117647059,-5.073776223776225
B011B,2018,60,AME,AME,AME01,AME001,B 11B,B011B,2018,Lonsum,13.5,,13.5,0,0,0,0.5,0,14,0,0,0,0,0,0,0,0,0,0,1540,0,1540,114.07407407407408,0,9,0,0,0,0,0,0,0,0,0,0,,0,189,0,1540,198,0,1738,128.74074074074073,0,0,0,0,B011B,2018.0,42,AME001,B011B,13.5,0.195822454308094,1915,2018,141.85185185185185,,0,0,,0,0,,0,0,,0,0,,0,0,,0,0,,0,0,,0,0,,0,0,,0,0,,0,0,,0,0,,0,0,,0,0,,0,0,,0,0,,0,0,,0,0,,0,0,,0,0,,0,0,3.227118644067797,2950,9.52,2.4975024975024973,21560,53.84615384615385,0.7296161465652995,-18610,-44.326153846153844,4.543028685790527,4497,20.43,3.4965034965034967,27720,96.92307692307692,1.0465251892870304,-23223,-76.49307692307693,3.7707509881422925,2530,9.54,4.361099612654163,24766,108.00699300699301,-0.5903486245118708,-22236,-98.46699300699302,4.654301047256812,19193,89.33,6.101752452853171,24802,151.33566433566435,-1.4474514055963592,-5609,-62.00566433566435,6.295310265901634,13457.636942675159,84.72,8.366697834947706,23244,194.47552447552448,-2.071387569046072,-9786.363057324841,-109.75552447552448
B007C,2022,43,AME,AME,AME01,AME001,B 07B,B007C,2022,PPKS,1.4,,1.4,0,0,0,0.2,5.6,7.199999999999999,0,0,0,0,0,0,0,0,0,0,0,0,0,0,0,0,0,0,187,0,0,0,0,0,0,0,,0,0,0,187,0,0,187,133.57142857142858,0,0,0,0,B007C,2022.0,69,AME001,B007C,1.4,0.06030150753768845,199,2022,142.14285714285714,,0,0,,0,0,,0,0,,0,0,,0,0,,0,0,,0,0,,0,0,,0,0,,0,0,,0,0,,0,0,,0,0,,0,0,,0,0,,0,0,,0,0,,0,0,,0,0,,0,0,,0,0,,0,0,,0,0,,0,0,,0,0,,0,0,,0,0,,0,0,,0,0,,0,0,,0,0,,0,0,,0,0,4.154655685197896,1059.0528634361233,4.4,2.497502497502497,2618,6.538461538461537,1.6571531876953989,-1558.9471365638767,-2.138461538461537
C005C,2018,71,AME,AME,AME01,AME001,C 05C,C005C,2018,Lonsum,0.7,,0.7,0,0,0,0,0,0.7,0,0,0,0,0,0,0,0,0,0,98,0,98,140,0,0,0,0,0,0,0,0,0,0,0,0,,0,0,0,98,0,0,98,140,0,0,0,0,C005C,2018.0,43,AME001,C005C,0.7,0,98,2018,140,,0,0,,0,0,,0,0,,0,0,,0,0,,0,0,,0,0,,0,0,,0,0,,0,0,,0,0,,0,0,,0,0,,0,0,,0,0,,0,0,,0,0,,0,0,,0,0,,0,0,,0,0,3.5866983372921615,842,3.02,2.4975024975024978,1372,3.4265734265734267,1.0891958397896637,-530,-0.40657342657342666,4.307359307359308,924,3.98,3.4965034965034967,1764,6.167832167832168,0.810855810855811,-840,-2.1878321678321684,1.9739130434782608,1150,2.27,4.370629370629371,1568,6.853146853146853,-2.3967163271511103,-418,-4.583146853146854,4.8644793152639085,701,3.41,6.118881118881117,1568,9.594405594405593,-1.2544018036172089,-867,-6.184405594405593,6.034378348162297,420.92156862745094,2.54,8.391608391608392,1470,12.335664335664337,-2.357230043446095,-1049.078431372549,-9.795664335664338
B007D,2023,44,AME,AME,AME01,AME001,,B007D,2023,PPKS,0.3,,0.3,0,0,0,0,0,0.3,0,0,0,0,0,0,0,0,0,0,0,0,0,0,0,0,0,0,0,0,60,0,0,0,0,0,,0,0,0,60,0,0,60,200,0,0,0,0,B007D,2023.0,74,AME001,B007D,0.3,0,60,2023,200,,0,0,,0,0,,0,0,,0,0,,0,0,,0,0,,0,0,,0,0,,0,0,,0,0,,0,0,,0,0,,0,0,,0,0,,0,0,,0,0,,0,0,,0,0,,0,0,,0,0,,0,0,,0,0,,0,0,,0,0,,0,0,,0,0,,0,0,,0,0,,0,0,,0,0,,0,0,,0,0,,0,0,,0,0,,0,0,,0,0
B008C,2019,47,AME,AME,AME01,AME001,B 08C,B008C,2019,PPKS,1.6,,1.6,0,0,0,0.03,0,1.6300000000000001,0,0,0,0,0,0,0,0,0,0,0,192,192,120,0,0,0,0,0,0,0,0,0,0,0,0,,0,31,0,192,31,0,223,139.375,0,0,0,0,B008C,2019.0,49,AME001,B008C,1.6,0,192,2019,120,,0,0,,0,0,,0,0,,0,0,,0,0,,0,0,,0,0,,0,0,,0,0,,0,0,,0,0,,0,0,,0,0,,0,0,,0,0,,0,0,,0,0,,0,0,,0,0,,0,0,,0,0,,0,0,,0,0,,0,0,1.2424849699398797,499,0.62,2.4975024975024973,2688,6.713286713286713,-1.2550175275626176,-2189,-6.093286713286713,2.536231884057971,1656,4.2,3.4965034965034962,3456,12.083916083916083,-0.9602716124455251,-1800,-7.883916083916083,4.429359355112431,2357,10.44,4.370629370629371,3072,13.426573426573427,0.058729984483059994,-715,-2.986573426573427,5.165409758744681,2629.0266666666666,13.58,6.118881118881117,3072,18.797202797202793,-0.9534713601364366,-442.97333333333336,-5.217202797202793
B008D,2020,48,AME,AME,AME01,AME001,B 08D,B008D,2020,SRIWIJAYA,3.1,,3.1,0,0,0,0.1,0,3.2,0,0,0,0,0,0,0,0,0,0,0,0,0,0,405,0,0,0,0,0,0,0,0,0,0,0,,0,3,0,405,3,0,408,131.61290322580643,0,0,0,0,B008D,2020.0,58,AME001,B008D,3.1,0.08577878103837472,443,2020,142.90322580645162,,0,0,,0,0,,0,0,,0,0,,0,0,,0,0,,0,0,,0,0,,0,0,,0,0,,0,0,,0,0,,0,0,,0,0,,0,0,,0,0,,0,0,,0,0,,0,0,,0,0,,0,0,,0,0,,0,0,,0,0,,0,0,,0,0,,0,0,1.8395522388059702,2680,4.93,2.4975024975024978,5670,14.160839160839163,-0.6579502586965276,-2990,-9.230839160839164,3.8898862956313587,3342,13,3.4965034965034967,7290,25.489510489510494,0.393382799127862,-3948,-12.489510489510494,4.70097477254203,3869.410256410256,18.19,4.370629370629372,6480,28.321678321678327,0.33034540191265815,-2610.589743589744,-10.131678321678326
B008E,2023,49,AME,AME,AME01,AME001,B 08D,B008E,2023,PPKS,1.7,,1.7,0,0,0,0.53,0,2.23,0,0,0,0,0,0,0,0,0,0,0,0,0,0,0,0,0,0,0,0,251,0,0,0,0,0,,0,0,0,251,0,0,251,147.64705882352942,0,0,0,0,B008E,2023.0,75,AME001,B008E,1.7,0,251,2023,147.64705882352942,,0,0,,0,0,,0,0,,0,0,,0,0,,0,0,,0,0,,0,0,,0,0,,0,0,,0,0,,0,0,,0,0,,0,0,,0,0,,0,0,,0,0,,0,0,,0,0,,0,0,,0,0,,0,0,,0,0,,0,0,,0,0,,0,0,,0,0,,0,0,,0,0,,0,0,,0,0,,0,0,,0,0,,0,0,,0,0,,0,0
B009D,2019,53,AME,AME,AME01,AME001,B 09D,B009D,2019,PPKS,1.1500000000000001,,1.1500000000000001,0,0,0,0.1,0,1.2500000000000002,0,0,0,0,0,0,0,0,0,0,0,119,119,103.4782608695652,0,11,0,0,0,0,0,0,0,0,0,0,,0,17,0,119,28,0,147,127.82608695652172,0,0,0,0,B009D,2019.0,50,AME001,B009D,1.1500000000000001,0.26543209876543206,162,2019,140.86956521739128,,0,0,,0,0,,0,0,,0,0,,0,0,,0,0,,0,0,,0,0,,0,0,,0,0,,0,0,,0,0,,0,0,,0,0,,0,0,,0,0,,0,0,,0,0,,0,0,,0,0,,0,0,,0,0,,0,0,,0,0,1.0824742268041236,194,0.21,2.4975024975024978,1666,4.160839160839161,-1.4150282706983741,-1472,-3.950839160839161,2.6772908366533863,1255,3.36,3.4294973319363566,2296,7.874125874125875,-0.7522064952829703,-1041,-4.514125874125876,4.324178782983306,1857,8.03,4.288290206463375,2102,9.013986013986013,0.03588857651993038,-245,-0.9839860139860139,5.334917402127178,1767.6000000000001,9.43,5.970952124798279,2080,12.41958041958042,-0.6360347226711012,-312.39999999999986,-2.9895804195804203
B011C,2019,61,AME,AME,AME01,AME001,B 11C,B011C,2019,SAINS,1.4,,1.4,0,0,0,0.05,0,1.45,0,0,0,0,0,0,0,0,0,0,0,80,80,57.142857142857146,0,46,0,0,0,0,0,0,0,0,0,0,,0,10,0,80,56,0,136,97.14285714285715,0,0,0,0,B011C,2019.0,51,AME001,B011C,1.4,0.6,200,2019,142.85714285714286,,0,0,,0,0,,0,0,,0,0,,0,0,,0,0,,0,0,,0,0,,0,0,,0,0,,0,0,,0,0,,0,0,,0,0,,0,0,,0,0,,0,0,,0,0,,0,0,,0,0,,0,0,,0,0,,0,0,,0,0,1.155378486055777,251,0.29,2.4975024975024973,1120,2.797202797202797,-1.3421240114467203,-869,-2.507202797202797,2.5337423312883436,1630,4.13,3.187791095660577,2084,6.643356643356643,-0.6540487643722335,-454,-2.5133566433566434,4.2485549132947975,2422,10.29,4.027282015896817,2108,8.48951048951049,0.22127289739798073,314,1.8004895104895091,4.872360737764509,2023.6596858638743,9.86,5.480630480630482,2016,11.04895104895105,-0.6082697428659731,7.6596858638743015,-1.1889510489510506
C004D,2019,66,AME,AME,AME01,AME001,C 04D,C004D,2019,SAINS,0.3,,0.3,0,0,0,0,0,0.3,0,0,0,0,0,0,0,0,0,0,0,11,11,36.66666666666667,0,4,0,9,0,0,0,0,0,0,0,0,,0,0,0,11,13,0,24,80,0,0,0,0,C004D,2019.0,52,AME001,C004D,0.3,0.7441860465116279,43,2019,143.33333333333334,,0,0,,0,0,,0,0,,0,0,,0,0,,0,0,,0,0,,0,0,,0,0,,0,0,,0,0,,0,0,,0,0,,0,0,,0,0,,0,0,,0,0,,0,0,,0,0,,0,0,,0,0,,0,0,,0,0,,0,0,1.52,125,0.19,2.4975024975024978,154,0.38461538461538464,-0.9775024975024977,-29,-0.19461538461538463,1.5683229813664596,644,1.01,3.276251307747371,254,0.8321678321678322,-1.7079283263809113,390,0.17783216783216782,4.01263823064771,633,2.54,3.571295015145283,374,1.3356643356643358,0.44134321550242683,259,1.2043356643356642,5.845076158670684,314.7948717948718,1.84,4.783773440489859,402,1.9230769230769231,1.0613027181808254,-87.20512820512818,-0.08307692307692305
C005D,2019,72,AME,AME,AME01,AME001,C 05D,C005D,2019,Lonsum,0.2,,0.2,0,0,0,0,0,0.2,0,0,0,0,0,0,0,0,0,0,0,28,28,140,0,0,0,0,0,0,0,0,0,0,0,0,,0,0,0,28,0,0,28,140,0,0,0,0,C005D,2019.0,53,AME001,C005D,0.2,0,28,2019,140,,0,0,,0,0,,0,0,,0,0,,0,0,,0,0,,0,0,,0,0,,0,0,,0,0,,0,0,,0,0,,0,0,,0,0,,0,0,,0,0,,0,0,,0,0,,0,0,,0,0,,0,0,,0,0,,0,0,,0,0,1.7391304347826086,115,0.2,2.4975024975024978,392,0.9790209790209791,-0.7583720627198891,-277,-0.779020979020979,2.068345323741007,556,1.15,3.4965034965034967,504,1.7622377622377623,-1.4281581727624895,52,-0.6122377622377624,4.285714285714286,322,1.38,4.370629370629371,448,1.9580419580419581,-0.08491508491508526,-126,-0.5780419580419582,5.256494036922072,222.5818181818182,1.17,6.11888111888112,448,2.7412587412587417,-0.8623870819590485,-225.4181818181818,-1.5712587412587418
B009E,2020,54,AME,AME,AME01,AME001,B 09E,B009E,2020,SRIWIJAYA,1.7000000000000002,,1.7000000000000002,0,0,0,0,0,1.7000000000000002,0,0,0,0,0,0,0,0,0,0,0,0,0,0,199,0,0,0,0,0,0,0,0,0,0,0,,0,6,0,199,6,0,205,120.58823529411764,0,0,0,0,B009E,2020.0,59,AME001,B009E,1.7000000000000002,0.18106995884773663,243,2020,142.94117647058823,,0,0,,0,0,,0,0,,0,0,,0,0,,0,0,,0,0,,0,0,,0,0,,0,0,,0,0,,0,0,,0,0,,0,0,,0,0,,0,0,,0,0,,0,0,,0,0,,0,0,,0,0,,0,0,,0,0,,0,0,,0,0,,0,0,,0,0,2.2778891115564464,1497,3.41,2.4975024975024978,2786,6.958041958041958,-0.2196133859460514,-1289,-3.548041958041958,3.6803770351328193,2334,8.59,3.496503496503497,3582,12.524475524475527,0.1838735386293222,-1248,-3.934475524475527,5.103560768530596,1957.4568527918782,9.99,4.370629370629371,3184,13.916083916083917,0.7329313979012255,-1226.5431472081218,-3.9260839160839165
B009F,2021,55,AME,AME,AME01,AME001,B 09F,B009F,2021,SRIWIJAYA,0.7,,0.7,0,0,0,0.1,0,0.7999999999999999,0,0,0,0,0,0,0,0,0,0,0,0,0,0,0,0,87,0,0,0,0,0,0,0,0,0,,0,3,0,87,3,0,90,128.57142857142858,0,0,0,0,B009F,2021.0,63,AME001,B009F,0.7,0.12121212121212122,99,2021,141.42857142857144,,0,0,,0,0,,0,0,,0,0,,0,0,,0,0,,0,0,,0,0,,0,0,,0,0,,0,0,,0,0,,0,0,,0,0,,0,0,,0,0,,0,0,,0,0,,0,0,,0,0,,0,0,,0,0,,0,0,,0,0,,0,0,,0,0,,0,0,,0,0,,0,0,,0,0,3.364611260053619,746,2.51,2.4975024975024978,1218,3.041958041958042,0.8671087625511213,-472,-0.5319580419580423,5.118737131091284,662.2727272727273,3.39,3.4965034965034967,1566,5.475524475524476,1.6222336345877872,-903.7272727272727,-2.0855244755244757
B009G,2023,56,AME,AME,AME01,AME001,B 09F,B009G,2023,PPKS,1.2,,1.2,0,0,0,0,3.9,5.1,0,0,0,0,0,0,0,0,0,0,0,0,0,0,0,0,0,0,0,0,140,0,0,0,0,0,,0,7,0,140,7,0,147,122.5,0,0,0,0,B009G,2023.0,76,AME001,B009G,1.2,0.17647058823529413,170,2023,141.66666666666669,,0,0,,0,0,,0,0,,0,0,,0,0,,0,0,,0,0,,0,0,,0,0,,0,0,,0,0,,0,0,,0,0,,0,0,,0,0,,0,0,,0,0,,0,0,,0,0,,0,0,,0,0,,0,0,,0,0,,0,0,,0,0,,0,0,,0,0,,0,0,,0,0,,0,0,,0,0,,0,0,,0,0,,0,0,,0,0,,0,0
C003A,0,62,AME,AME,AME01,AME001,C 03,C003A,0,0,0,,0,0,0,0,0.65,7.9,8.55,0,0,0,0,0,0,0,0,0,0,0,0,0,0,0,0,0,0,0,0,0,0,0,0,0,0,,0,0,0,0,0,0,0,0,0,0,0,0,,,,,,,,,,,,,,,,,,,,,,,,,,,,,,,,,,,,,,,,,,,,,,,,,,,,,,,,,,,,,,,,,,,,,,,,,,,,,,,,,,,,,,,,,,,,,,,,,,,,,,,,,,,,,,,,,,,,,,
C004E,2021,67,AME,AME,AME01,AME001,C 04E,C004E,2021,SRIWIJAYA,0.1,,0.1,0,0,0,0,0,0.1,0,0,0,0,0,0,0,0,0,0,0,0,0,0,0,0,5,0,0,0,0,0,0,0,0,0,,0,0,0,5,0,0,5,50,0,0,0,0,C004E,2021.0,64,AME001,C004E,0.1,0.6428571428571428,14,2021,140,,0,0,,0,0,,0,0,,0,0,,0,0,,0,0,,0,0,,0,0,,0,0,,0,0,,0,0,,0,0,,0,0,,0,0,,0,0,,0,0,,0,0,,0,0,,0,0,,0,0,,0,0,,0,0,,0,0,,0,0,,0,0,,0,0,,0,0,,0,0,,0,0,,0,0,3.589041095890411,365,1.31,2.497502497502498,70,0.17482517482517487,1.091538598387913,295,1.1351748251748253,5.340428260033338,159.16326530612244,0.85,3.496503496503497,90,0.31468531468531474,1.843924763529841,69.16326530612244,0.5353146853146853
C004F,0,68,AME,AME,AME01,AME001,C 04E,C004F,0,0,0,,0,0,0,0,0.6,16.7,17.3,0,0,0,0,0,0,0,0,0,0,0,0,0,0,0,0,0,0,0,0,0,0,0,0,0,0,,0,0,0,0,0,0,0,0,0,0,0,0,,,,,,,,,,,,,,,,,,,,,,,,,,,,,,,,,,,,,,,,,,,,,,,,,,,,,,,,,,,,,,,,,,,,,,,,,,,,,,,,,,,,,,,,,,,,,,,,,,,,,,,,,,,,,,,,,,,,,,
C005E,0,73,AME,AME,AME01,AME001,C 05D,C005E,0,0,0,,0,0,0,0,0,2.4,2.4,0,0,0,0,0,0,0,0,0,0,0,0,0,0,0,0,0,0,0,0,0,0,0,0,0,0,,0,0,0,0,0,0,0,0,0,0,0,0,,,,,,,,,,,,,,,,,,,,,,,,,,,,,,,,,,,,,,,,,,,,,,,,,,,,,,,,,,,,,,,,,,,,,,,,,,,,,,,,,,,,,,,,,,,,,,,,,,,,,,,,,,,,,,,,,,,,,,
D001A,2009,81,AME,AME,AME02,AME002,D 01,D001A,2009,Slpn. Jaya,25.8,,25.8,0,0,0,1.56996,0,27.36996,0,641,1765,0,1027,51,0,0,0,0,0,0,3484,135.03875968992247,0,0,0,0,0,0,0,0,0,0,0,0,,0,0,0,641,2843,0,3484,135.03875968992247,93,13,106,0.030424799081515498,D001A,2009.0,85,AME002,D001A,25.8,0.81601607347876,3484,2009,135.03875968992247,5.7022788728685985,60289,343.78469096637497,3.709824654002068,42026,155.9090909090909,1.9924542188665306,18263,187.87560005728406,6.625479335321687,72757,482.05,4.20038032096889,52874,222.09090909090907,2.4250990143527975,19883,259.95909090909095,6.896689716993213,62472,430.85,5.60690733331168,57055,319.9020979020979,1.2897823836815325,5417,110.9479020979021,8.667284809148509,64710,560.86,7.581463783285788,52799,400.2937062937063,1.085821025862721,11911,160.56629370629372,8.425014907573047,67080,565.15,9.943249170943986,50291,500.055944055944,-1.518234263370939,16789,65.09405594405598,9.261087704628052,62186,575.91,11.84205695708534,46858,554.8951048951049,-2.5809692524572885,15328,21.014895104895118,8.382255206025699,54168,454.05,13.553897383670005,43694.5,592.230769230769,-5.171642177644307,10473.5,-138.18076923076904,12.209398186314921,41242,503.54,14.69032132946074,41413.5,608.3776223776224,-2.4809231431458194,-171.5,-104.83762237762238,9.924278928891031,43581,432.51,15.564835088249133,39132.5,609.0909090909091,-5.640556159358102,4448.5,-176.58090909090913,10.670130420952178,37724,402.52,16.442141453951578,37044.5,609.0909090909091,-5.7720110329994,679.5,-206.57090909090914,10.226024867659731,40615,415.33,17.76624157393274,33779,600.125874125874,-7.540216706273007,6836,-184.79587412587404,9.34798405933397,48065.978412891454,449.32,18.860928975886694,30272,570.9580419580419,-9.512944916552724,17793.978412891454,-121.63804195804192
D002A,2009,82,AME,AME,AME02,AME002,D 02,D002A,2009,Dami Mas,23.7,,23.7,0,0,0,2.13159,0,25.83159,0,562,0,0,2373,215,0,0,0,0,0,0,3150,132.91139240506328,0,0,0,0,0,0,0,0,0,0,0,0,,0,0,0,562,2588,0,3150,132.91139240506328,47,0,47,0.014920634920634921,D002A,2009.0,86,AME002,D002A,23.7,0.8215873015873015,3150,2009,132.91139240506328,5.814338560253831,34740,201.9901215832181,4.37062937062937,8992,39.30069930069929,1.4437091896244612,25748,162.68942228251882,6.6202016440105345,37591,248.86,3.2688920024874917,42214,137.993006993007,3.351309641523043,-4623,110.86699300699303,6.291343145208019,43145,271.44,4.202983927473346,54154,227.60839160839157,2.0883592177346735,-11009,43.83160839160843,7.782756140170589,48655,378.67,5.4292667458080075,49706,269.86713286713285,2.3534893943625814,-1051,108.80286713286716,7.522511559990265,61635,463.65,7.094642025052174,48714,345.60839160839157,0.42786953493809143,12921,118.0416083916084,8.88593720973435,53830,478.33,9.1308241770244,45779,417.99999999999994,-0.24488696729005,8051,60.33000000000004,8.578931825852177,47408,406.71,11.815101700909203,42910,506.9860139860139,-3.2361698750570262,4498,-100.27601398601394,10.91464203472276,38649,421.84,13.678287447673824,40041,547.6923076923076,-2.763645412951064,-1392,-125.85230769230765,9.90339863621604,36956,365.99,14.814895639171977,37172,550.6993006993007,-4.911497002955937,-216,-184.70930069930068,10.817343337584152,33719,364.75,15.641089529497158,35208.5,550.6993006993007,-4.823746191913006,-1489.5,-185.9493006993007,10.451203011941878,33998,355.32,16.414107640692464,33071.5,542.8391608391607,-5.962904628750586,926.5,-187.51916083916075,9.850719393845809,42203.00907766446,415.73,17.110126233362145,31496.5,538.9090909090909,-7.259406839516336,10706.509077664457,-123.17909090909086
F006A,2008,110,AME,AME,AME02,AME002,F 06,F006A,2008,Slpn. Jaya,24.9,,24.9,0,0,0,1.34493,0,26.24493,2493,0,138,144,183,0,0,0,0,0,0,0,2958,118.79518072289157,0,0,0,0,0,0,0,0,0,0,0,0,,0,0,0,2493,465,0,2958,118.79518072289157,146,25,171,0.057809330628803245,F006A,2008.0,82,AME002,F006A,24.9,0.15720081135902636,2958,2008,118.79518072289157,5.960394451851957,83499,497.68697633518656,5.807655442691938,44388,257.79020979020976,0.15273900916001892,39111,239.8967665449768,6.630430547438145,76995,510.51,7.572359271534819,44757,338.9160839160839,-0.941928724096674,32238,171.5939160839161,8.122111186217731,54737,444.58,10.210497566496441,42708,436.06993006993,-2.0883863802787097,12029,8.51006993006996,9.530860033726812,59300,565.18,12.089972428417694,39711,480.10489510489504,-2.5591123946908816,19589,85.07510489510491,9.094829599414613,64231,584.17,13.376568201129604,36936,494.07692307692304,-4.281738601714991,27295,90.09307692307692,10.012621020642012,60217,602.93,14.369567748607903,35224.5,506.1608391608391,-4.356946727965891,24992.5,96.76916083916086,8.566242220473567,55916,478.99,15.354442352920556,33513,514.5734265734266,-6.788200132446988,22403,-35.58342657342655,13.457821594675133,35907,483.23,16.226066962641536,31870.5,517.1328671328671,-2.7682453679664025,4036.5,-33.90286713286707,10.970130770754905,40376,442.93,17.799331135073814,29053.5,517.1328671328671,-6.829200364318909,11322.5,-74.20286713286708,11.008309364014062,43806,482.23,19.227946265802853,25081.5,482.26573426573424,-8.21963690178879,18724.5,-0.035734265734220116,10.234434339909264,48713,498.55,19.751935234120204,23533.5,464.83216783216784,-9.51750089421094,25179.5,33.71783216783217,9.93791285714228,49029.409595780286,487.25,21.190784769717684,21844.5,462.9020979020979,-11.252871912575404,27184.909595780286,24.34790209790208
D003A,2009,83,AME,AME,AME02,AME002,D 03,D003A,2009,Dami Mas,25.3,,25.3,0,0,0,1.66147,0,26.961470000000002,0,555,0,377,2199,0,0,0,0,0,0,0,3131,123.75494071146245,0,0,0,0,0,0,0,0,0,0,0,0,,0,0,0,555,2576,0,3131,123.75494071146245,89,11,100,0.031938677738741615,D003A,2009.0,87,AME002,D003A,25.3,0.822740338549984,3131,2009,123.75494071146245,5.915083571947617,39515,233.7345273455101,3.6723412200174463,14158,51.993006993007,2.242742351930171,25357,181.74152035250307,6.71935967983992,39980,268.64,3.3357239505521603,46452,154.95104895104896,3.38363572928776,-6472,113.68895104895103,6.6650720824545,45989,306.52,4.349772476730708,53939,234.62237762237766,2.3152996057237916,-7950,71.89762237762233,7.728565792479079,48159,372.2,5.7149195474431265,48986,279.95104895104896,2.013646245035953,-827,92.24895104895103,8.365011567894642,56190,470.03,7.486769691789046,48054,359.76923076923083,0.8782418761055961,8136,110.26076923076914,9.194048140043764,57125,525.21,9.671249437070957,44923,434.46153846153857,-0.47720129702719305,12202,90.74846153846147,8.596591408240359,45532,391.42,12.280211973576527,42069.5,516.6223776223777,-3.6836205653361684,3462.5,-125.2023776223777,11.890922005966758,35195,418.501,13.95801770648772,39216,547.3776223776224,-2.0670957005209623,-4021,-128.87662237762243,9.912373470312737,39714,393.66,14.97572220671452,36551,547.3776223776224,-5.0633487364017835,3163,-153.71762237762238,10.512546987707,39372,413.9,15.770935299574232,34708,547.3776223776224,-5.2583883118672325,4664,-133.47762237762242,10.255978007158047,38558,395.45,16.558968457702633,32587.5,539.6153846153845,-6.302990450544586,5970.5,-144.16538461538454,9.948451423291813,41989.44963655244,417.73,17.375071455860205,30833.5,535.7342657342657,-7.426620032568392,11155.94963655244,-118.00426573426569
F007A,2008,111,AME,AME,AME02,AME002,F 07,F007A,2008,Slpn. Jaya,20.2,,20.2,0,0,0,1.30478,0,21.50478,2212,0,107,49,87,0,0,0,0,0,0,0,2455,121.53465346534654,0,0,0,0,0,0,0,0,0,0,0,0,,0,0,0,2212,243,0,2455,121.53465346534654,105,25,130,0.05295315682281059,F007A,2008.0,83,AME002,F007A,20.2,0.09898167006109979,2455,2008,121.53465346534654,5.990033925923625,66528,398.50497702384695,5.920613435611858,38004,225.00699300699304,0.06942049031176722,28524,173.4979840168539,6.665369380465495,66880,445.7799041655323,7.894732862293417,36992,292.0419580419581,-1.2293634818279227,29888,153.7379461235742,8.240232624237521,45739,376.9,10.709501745756386,35030,375.1538461538462,-2.469269121518865,10709,1.7461538461537884,10.256453446751168,47494,487.12,12.63370738122559,32537,411.062937062937,-2.377253934474421,14957,76.057062937063,10.899054222088248,53078,578.5,13.875448029712338,30169,418.6083916083915,-2.97639380762409,22909,159.8916083916085,10.157311097739191,46532,472.64,14.720740744335469,28820,424.2517482517482,-4.563429646596278,17712,48.388251748251776,8.781762807400336,43998,386.38,15.579302572859412,27471,427.9790209790209,-6.797539765459076,16527,-41.59902097902091,12.748545786937012,30085,383.54,16.396852178403627,26175.5,429.1958041958041,-3.6483063914666154,3909.5,-45.65580419580408,11.16235331514397,37751,421.39,18.034573783885712,23798.5,429.1958041958041,-6.872220468741743,13952.5,-7.805804195804114,11.271144856796054,38721,436.43,19.561802704393205,20359,398.2587412587412,-8.290657847597151,18362,38.17125874125878,10.279320953498152,45181,464.43,20.064483163340483,19078,382.79020979020976,-9.785162209842332,26103,81.63979020979025,10.281121210725754,38382.973209995194,394.62,21.518917901332255,17719,381.29370629370624,-11.237796690606501,20663.973209995194,13.326293706293768
D004A,2009,84,AME,AME,AME02,AME002,D 04,D004A,2009,Dami Mas,22,,22,0,0,0,1.44305,0,23.44305,0,153,860,62,1766,0,0,0,0,0,0,0,2841,129.13636363636363,0,0,0,0,0,0,0,0,0,0,0,0,,0,0,0,153,2688,0,2841,129.13636363636363,51,13,64,0.022527279127067933,D004A,2009.0,88,AME002,D004A,22,0.9461457233368532,2841,2009,129.13636363636363,6.062018845762799,39682,240.55303183755936,3.56421616264136,18796,66.993006993007,2.4978026831214386,20886,173.56002484455234,6.724478468711495,45798,307.96766491004905,3.347822269055146,42048,140.76923076923077,3.376656199656349,3750,167.19843414081828,7.093931924267058,38134,270.52,4.483199814417179,48835,218.93706293706293,2.610732109849879,-10701,51.58293706293705,8.423554004220158,50709,427.15,5.925187930155191,44290,262.42657342657344,2.4983660740649665,6419,164.72342657342654,7.677974309895533,43363,332.94,8.001139205582106,43215,345.7692307692307,-0.32316489568657314,148,-12.829230769230719,9.285537496906196,48484,450.2,10.139288561045136,40374,409.3636363636364,-0.8537510641389403,8110,40.836363636363615,8.48770904211989,41738,354.26,12.549462794746564,37609.5,471.9790209790209,-4.061753752626673,4128.5,-117.71902097902091,11.542069224275396,31983,369.15,14.080179211291897,35275,496.6783216783217,-2.538109987016501,-3292,-127.52832167832173,9.622670009969488,33101,318.52,15.063867936803655,32971.5,496.6783216783217,-5.4411979268341675,129.5,-178.15832167832173,10.691920233291112,33949,362.98,15.780340328784307,31474.5,496.6783216783217,-5.088420095493195,2474.5,-133.6983216783217,10.192424661321537,36170,368.66,16.78051174165999,29471,494.53846153846155,-6.588087080338452,6699,-125.87846153846152,9.459210492889618,40586.89679107875,383.92,17.72641467775767,27159.5,481.44055944055947,-8.267204184868053,13427.396791078747,-97.52055944055945
F008A,2008,112,AME,AME,AME02,AME002,F 08,F008A,2008,Slpn. Jaya,29.6,,29.6,0,0,0,1.4122,0,31.0122,3603,0,105,37,0,0,0,0,0,0,0,0,3745,126.52027027027026,0,0,0,0,0,0,0,0,0,0,0,0,,0,0,0,3603,142,0,3745,126.52027027027026,158,46,204,0.054472630173564754,F008A,2008.0,84,AME002,F008A,29.6,0.03791722296395193,3745,2008,126.52027027027026,6.342126528699947,93999,596.1535515712663,6.005117834077471,60056,360.64335664335664,0.33700869462247596,33943,235.5101949279097,6.785946918392456,96719,656.33,8.214002308804671,56391,463.1958041958042,-1.428055390412215,40328,193.13419580419583,8.141246584183568,72823,592.87,11.237444120549178,52714,592.3706293706293,-3.09619753636561,20109,0.49937062937067367,10.66561324514424,71513,762.73,13.197042519982569,49006,646.7342657342658,-2.531429274838329,22507,115.9957342657342,10.309678364000195,81956,844.94,14.392977606340105,45261,651.4405594405595,-4.08329924233991,36695,193.4994405594406,9.814468915528296,71740,704.09,15.102505851048589,43317.5,654.2027972027972,-5.288036935520292,28422.5,49.887202797202804,8.681939246822427,59322,515.03,15.82443756272731,41374,654.7202797202798,-7.1424983159048825,17948,-139.69027972027982,12.701377698086656,44059,559.61,16.58233365550439,39483,654.7202797202798,-3.880955957417733,4576,-95.11027972027978,10.772736314809121,55297,595.7,18.28367951409645,35809,654.7202797202798,-7.510943199287327,19488,-59.020279720279746,10.848230129821612,53535,580.76,19.92281376460584,30333.5,604.3286713286712,-9.07458363478423,23201.5,-23.568671328671257,10.208416555221703,57577,587.77,20.38590094981668,28408.5,579.1328671328671,-10.177484394594977,29168.5,8.637132867132891,9.870416373655072,63640.67899674517,628.16,21.870869310528562,26412.5,577.6643356643357,-12.00045293687349,37228.17899674517,50.49566433566429
D005A,2009,85,AME,AME,AME02,AME002,D 05,D005A,2009,Dami Mas,24.1,,24.1,0,0,0,1.32768,0,25.427680000000002,0,2200,162,0,0,0,0,0,0,0,0,0,2362,98.00829875518671,0,0,0,0,0,0,0,0,0,0,0,0,,0,0,0,2200,162,0,2362,98.00829875518671,126,44,170,0.07197290431837426,D005A,2009.0,89,AME002,D005A,24.1,0.06858594411515664,2362,2009,98.00829875518671,5.8726884941314585,74216,435.8474492804603,4.303755851662242,38116,164.04195804195803,1.5689326424692167,36100,271.80549123850227,6.740055985938414,76805,517.67,5.9989756221762995,37792,226.71328671328672,0.7410803637621148,39013,290.95671328671324,8.46550419650555,56833,481.12,8.226096223398986,35592,292.78321678321674,0.23940797310656414,21241,188.33678321678326,10.407467596813191,50458,525.14,11.26204520727542,33230,374.23776223776224,-0.8545776104622291,17228,150.90223776223775,9.640177880897138,51720,498.59,13.304111982354824,30868,410.6713286713287,-3.663934101457686,20852,87.91867132867128,9.801696921862668,50680,496.75,14.485970074267275,28506,412.93706293706293,-4.684273152404607,22174,83.81293706293707,8.459805548968461,50604,428.1,15.15699100488412,27244,412.93706293706293,-6.697185455915658,23360,15.16293706293709,12.849312433887874,31197,400.86,15.843803972568889,26063,412.93706293706293,-2.9944915386810145,5134,-12.07706293706292,10.008397897816547,36914,369.45,16.595814763164654,24882,412.93706293706293,-6.587416865348107,12032,-43.487062937062944,10.975683279742766,39808,436.92,18.27074301743564,22601,412.93706293706293,-7.295059737692876,17207,23.982937062937083,9.922210801719304,42808,424.75,19.96801463858259,19139,382.1678321678322,-10.045803836863287,23669,42.582167832167784,10.088067977715225,38176.78477690288,385.13,20.4831132005778,17796,364.51748251748256,-10.395045222862576,20380.78477690288,20.612517482517433
D006A,2009,86,AME,AME,AME02,AME002,D 06,D006A,2009,Dami Mas,23,,23,0,0,0,1.31349,0,24.31349,0,2070,103,0,218,0,0,0,0,0,0,0,2391,103.95652173913044,0,0,0,0,0,0,0,0,0,0,0,0,,0,0,0,2070,321,0,2391,103.95652173913044,128,32,160,0.06691760769552489,D006A,2009.0,90,AME002,D006A,23,0.1342534504391468,2391,2009,103.95652173913044,6.080056544322633,61501,373.9295575323863,4.324291251723059,34974,151.23776223776227,1.7557652925995741,26527,222.69179529462403,6.711212379607756,71537,480.1,5.7504631803944335,37820,217.48251748251747,0.9607491992133221,33717,262.6174825174826,7.859628212768412,52019,408.85,7.7648308766216045,36622,284.36363636363643,0.09479733614680708,15397,124.48636363636359,9.566658670097922,45853,438.66,10.617906481252849,34013,361.1468531468532,-1.0512478111549264,11840,77.51314685314685,9.721747807564622,52111,506.61,12.556444811469936,31840,399.7972027972027,-2.8346970039053137,20271,106.8127972027973,9.79686773143123,45143,442.26,13.831901400239882,29449,407.3356643356643,-4.035033668808653,15694,34.92433566433567,9.172835255637803,46472,426.28,14.770869681345598,28093,414.9580419580419,-5.5980344257077945,18379,11.321958041958055,13.091619168249947,28422,372.09,15.60397159254878,26788.5,418.00699300699296,-2.5123524242988324,1633.5,-45.91699300699298,9.975716820771458,32121,320.43,16.402723002942746,25484,418.00699300699296,-6.427006182171288,6637,-97.57699300699295,11.111012930399694,33951,377.23,17.976089320188056,23253.5,418.00699300699296,-6.865076389788362,10697.5,-40.77699300699294,10.122521000049705,40238,407.31,19.514756554858877,19936.5,389.05594405594405,-9.392235554809172,20301.5,18.25405594405595,10.122572014512413,39308.19157715483,397.9,20.02038094966521,18638,373.13986013986016,-9.897808935152797,20670.19157715483,24.760139860139816
D007A,2009,87,AME,AME,AME02,AME002,D 07,D007A,2009,Dami Mas,24.7,,24.7,0,0,0,1.3308,0,26.0308,0,1934,0,57,359,248,0,0,0,0,0,0,2598,105.18218623481782,0,0,0,0,0,0,0,0,0,0,0,0,,0,0,0,1934,664,0,2598,105.18218623481782,90,29,119,0.045804464973056194,D007A,2009.0,91,AME002,D007A,24.7,0.25558121632024633,2598,2009,105.18218623481782,6.079569404063574,75971,461.8709671961138,4.323538599891697,31742,137.23776223776224,1.7560308041718766,44229,324.63320495835154,6.663353023542375,79423,529.2234871888061,5.554182005690277,36996,205.4825174825175,1.1091710178520984,42427,323.7409697062886,7.594861697857129,52313,397.31,6.992480622548868,39856,278.6923076923077,0.6023810753082612,12457,118.61769230769232,9.592741376922012,50533,484.75,9.355865623537632,38196,357.35664335664336,0.23687575338438016,12337,127.39335664335664,9.447734581462731,62814,593.45,11.139382894402635,35709,397.77622377622373,-1.691648312939904,27105,195.67377622377631,9.74605585083945,47412,462.08,12.492828074829934,33359,416.74825174825173,-2.746772223990483,14053,45.33174825174825,7.9630829015544045,52496,418.03,13.774425272155984,31728,437.03496503496507,-5.811342370601579,20768,-19.004965034965096,11.569798223424907,33998,393.35,14.97582060428856,30097,450.72727272727275,-3.406022380863652,3901,-57.377272727272725,10.064039890496677,40912,411.74,15.939770980217384,28494.5,454.1958041958042,-5.875731089720707,12417.5,-42.455804195804205,11.024197925892066,35003,385.88,17.399138240372512,26104.5,454.1958041958042,-6.374940314480446,8898.5,-68.31580419580422,10.10157593789224,43022,434.59,18.675943997851174,22871.5,427.1468531468532,-8.574368059958934,20150.5,7.4431468531468,10.213286966752234,42398.69117647059,433.03,19.198959228665878,21544,413.62237762237766,-8.985672261913644,20854.691176470587,19.407622377622317
D008A,2009,88,AME,AME,AME02,AME002,D 08,D008A,2009,Dami Mas,25.3,,25.3,0,0,0,1.35141,0,26.651410000000002,0,2374,35,0,130,0,0,0,0,0,0,0,2539,100.35573122529644,0,0,0,0,0,0,0,0,0,0,0,0,,0,0,0,2374,165,0,2539,100.35573122529644,256,84,340,0.13391098857818037,D008A,2009.0,92,AME002,D008A,25.3,0.06498621504529342,2539,2009,100.35573122529644,5.939282816860174,76704,455.56674918444276,4.356367721986409,38614,168.2167832167832,1.5829150948737647,38090,287.34996596765956,6.538068862647825,81148,530.5512120661457,5.931339495901977,40364,239.41258741258738,0.6067293667458484,40784,291.1386246535583,7.563659461580137,53527,404.86,8.061115721463683,38510,310.4335664335664,-0.49745625988354547,15017,94.42643356643362,9.709805335255949,55480,538.7,11.030068115528898,35841,395.32867132867125,-1.3202627802729499,19639,143.3713286713288,9.820391356020153,59741,586.68,12.963376656843993,33432,433.3916083916083,-3.14298530082384,26309,153.28839160839163,9.453459623219695,57434,542.95,14.162350128426583,30893,437.51748251748245,-4.708890505206888,26541,105.4325174825176,8.348075495918327,49857,416.21,14.964386346533189,29541,442.06293706293695,-6.6163108506148625,20316,-25.852937062936974,13.289819545763313,33859,449.98,15.736837923213402,28206.5,443.8811188811188,-2.447018377450089,5652.5,6.098881118881195,10.412595283163657,39094,407.07,16.518350657975546,26872,443.8811188811188,-6.1057553748118885,12222,-36.81111888111883,10.702776745913818,43072,460.99,18.180300173296423,24415.5,443.8811188811188,-7.4775234273826054,18656.5,17.108881118881186,10.24586805081273,36605,375.05,19.787435094958763,20754.5,410.67832167832165,-9.541567044146033,15850.5,-35.62832167832164,10.014712207299956,39707.581383131146,397.66,20.235856688298846,19450,393.5874125874126,-10.22114448099889,20257.581383131146,4.072587412587438
D009A,2009,89,AME,AME,AME02,AME002,D 09,D009A,2009,Slpn. Jaya,24.4,,24.4,0,0,0,1.34801,0,25.748009999999997,0,1783,497,0,334,0,0,0,0,0,0,0,2614,107.13114754098362,0,0,0,0,0,0,0,0,0,0,0,0,,0,0,0,1783,831,0,2614,107.13114754098362,95,30,125,0.047819433817903594,D009A,2009.0,93,AME002,D009A,24.4,0.31790359602142315,2614,2009,107.13114754098362,5.831811681206281,63771,371.90046272220576,4.161953219966776,37474,155.96503496503496,1.6698584612395049,26297,215.9354277571708,6.806799085374252,72598,494.16,5.36964250639049,41156,220.99300699300701,1.4371565789837621,31442,273.16699300699304,8.52464585385739,58874,501.88,7.224738709177039,40709,294.1118881118881,1.2999071446803505,18165,207.7681118881119,10.482040014647625,60078,629.74,9.869767953505145,37761,372.69230769230774,0.6122720611424803,22317,257.0476923076923,9.291191936897459,54768,508.86,11.959912357308147,35481,424.34965034965035,-2.668720420410688,19287,84.51034965034967,10.01943050943263,56612,567.22,13.406862708593927,32867,440.64335664335664,-3.3874321991612977,23745,126.57664335664339,8.458959812750427,50414,426.45,14.523324449635679,31144.5,452.32167832167835,-6.0643646368852515,19269.5,-25.87167832167836,13.915812364088227,32190,447.95,15.402268481926729,29670.5,456.99300699300704,-1.486456117838502,2519.5,-9.043006993007054,10.318148214240193,39227,404.75,16.207437341266008,28196.5,456.99300699300704,-5.889289127025815,11030.5,-52.24300699300704,10.675687230131247,46782,499.43,17.578006269444074,25998,456.99300699300704,-6.902319039312827,20784,42.436993006992964,10.137458624494299,43504,441.02,19.067320287559042,22659.5,432.0559440559441,-8.929861663064743,20844.5,8.964055944055872,10.30037285905815,40420.866865403004,416.35,19.785493689260083,20855.5,412.6363636363636,-9.485120830201932,19565.366865403004,3.7136363636363967
D010A,2009,90,AME,AME,AME02,AME002,D 10,D010A,2009,Slpn. Jaya,23.7,,23.7,0,0,0,1.34529,0,25.045289999999998,0,1622,493,22,438,0,0,0,0,0,0,0,2575,108.64978902953587,0,0,0,0,0,0,0,0,0,0,0,0,,0,0,0,1622,953,0,2575,108.64978902953587,60,21,81,0.03145631067961165,D010A,2009.0,94,AME002,D010A,23.7,0.3700970873786408,2575,2009,108.64978902953587,5.678709595072915,65982,374.6926165021011,4.1334256339664215,35134,145.22377622377624,1.5452839611064935,30848,229.46884027832485,6.895012433349044,69576,479.7273850626931,5.201447383373662,40368,209.97202797202797,1.6935650499753825,29208,269.75535709066514,8.328180464903241,43665,363.65,6.959471536522014,40454,281.53846153846155,1.3687089283812268,3211,82.11153846153843,10.247602629027044,46405,475.54,9.495242765402656,37463,355.7202797202797,0.7523598636243882,8942,119.81972027972034,8.743854829381146,55328,483.78,11.564017706802058,35326,408.5104895104895,-2.8201628774209127,20002,75.26951048951048,9.598986563661661,48153,462.22,13.081328003009784,32751,428.42657342657344,-3.4823414393481222,15402,33.793426573426586,8.511703933443702,47719,406.17,14.330169137023622,30987,444.04895104895104,-5.818465203579921,16732,-37.87895104895102,12.303103001988699,31679,389.75,15.275957351662742,29469.5,450.1748251748252,-2.9728543496740425,2209.5,-60.42482517482517,10.292377305951966,37349,384.41,16.098945934800454,27963,450.1748251748252,-5.806568628848488,9386,-65.76482517482515,10.6839768984774,41902,447.68,17.405123825120345,25864.5,450.1748251748252,-6.721146926642945,16037.5,-2.4948251748251664,10.17728090616796,33901,345.02,18.825087984213422,22708.5,427.4895104895105,-8.647807078045462,11192.5,-82.46951048951053,10.061482872857447,35734.295286624205,359.54,19.565508832612146,20917,409.25174825174827,-9.5040259597547,14817.295286624205,-49.71174825174825
D011A,2009,91,AME,AME,AME02,AME002,D 11,D011A,2009,Slpn. Jaya,24,,24,0,0,0,1.33555,0,25.33555,0,1723,348,89,0,0,0,0,0,0,0,0,2160,90,0,0,0,0,0,0,0,0,0,0,0,0,,0,0,0,1723,437,0,2160,90,149,24,173,0.08009259259259259,D011A,2009.0,95,AME002,D011A,24,0.20231481481481484,2160,2009,90,5.9059321990140194,56420,333.212694668371,4.147998645974584,35078,145.50349650349648,1.757933553039435,21342,187.70919816487452,6.748229329778727,62065,418.8288533527167,5.717726340675274,34738,198.62237762237766,1.0305029891034536,27327,220.20647573033904,7.776570125524796,46923,364.9,7.831861168036822,32837,257.1748251748251,-0.055291042512025435,14086,107.72517482517486,9.585353825922578,48668,466.5,10.714534116991373,30766,329.64335664335664,-1.1291802910687956,17902,136.85664335664336,9.26462249749204,45854,424.82,12.878368223400733,28606,368.3986013986014,-3.613745725908693,17248,56.42139860139861,9.836023808972369,43177,424.69,14.23193006041074,26446,376.3776223776224,-4.395906251438371,16731,48.312377622377596,8.299118849070421,42331,351.31,15.016298941142363,25147.5,377.6223776223776,-6.717180092071942,17183.5,-26.312377622377596,12.74690217938816,29779,379.59,15.719201499495384,24023,377.6223776223776,-2.972299320107224,5756,1.9676223776223765,9.612593936252916,38590,370.95,16.459154322554923,22943,377.6223776223776,-6.8465603863020075,15647,-6.67237762237761,10.582344019664243,38242,404.69,17.98073364390056,21001.5,377.6223776223776,-7.398389624236318,17240.5,27.0676223776224,10.18488723290146,35427,360.82,19.61355241612669,18024.5,353.5244755244755,-9.428665183225231,17402.5,7.2955244755244735,10.053799153586196,35872.01161377448,360.65,20.336418052706115,16552,336.60839160839157,-10.28261889911992,19320.011613774477,24.041608391608406
D012A,2009,92,AME,AME,AME02,AME002,D 12,D012A,2009,Slpn. Jaya,26.7,,26.7,0,0,0,1.37205,0,28.07205,0,2028,288,295,0,0,0,0,0,0,0,0,2611,97.79026217228464,0,0,0,0,0,0,0,0,0,0,0,0,,0,0,0,2028,583,0,2611,97.79026217228464,115,20,135,0.05170432784373803,D012A,2009.0,96,AME002,D012A,26.7,0.22328609728073534,2611,2009,97.79026217228464,6.062571680281641,63149,382.84533903810535,4.07688188445815,41762,170.25874125874125,1.9856897958234914,21387,212.5865977793641,6.5676416819012795,67828,445.47,5.600050706976071,42366,237.25174825174824,0.9675909749252085,25462,208.2182517482518,7.659507320066626,57035,436.86,7.650646626192565,39748,304.0979020979021,0.008860693874060743,17287,132.76209790209793,10.00342739632126,52518,525.36,10.454014888723158,37432,391.3146853146853,-0.45058749240189755,15086,134.04531468531474,8.461779390902224,54277,459.28,12.578616352201259,34821,438,-4.116836961299034,19456,21.279999999999973,9.278738675138252,50994,473.16,14.043547263044314,32210,452.34265734265733,-4.764808587906062,18784,20.817342657342692,8.414353403443892,43265,364.047,14.910937558178926,30613,456.46853146853147,-6.496584154735034,12652,-92.42153146853144,11.783443028131856,36009,424.31,15.653927690964728,29160,456.46853146853147,-3.8704846628328724,6849,-32.158531468531464,9.842416720228728,45119,444.08,16.387604569047422,27854.5,456.46853146853147,-6.545187848818694,17264.5,-12.388531468531482,10.570190346702923,47072,497.56,17.876190776132034,25535,456.46853146853147,-7.306000429429112,21537,41.091468531468536,10.006366993505667,39265,392.9,19.408586426607506,22057.5,428.10489510489504,-9.40221943310184,17207.5,-35.20489510489506,10.44969231533529,40186.82917426414,419.94,20.17547830064749,20316.5,409.8951048951048,-9.725785985312202,19870.329174264138,10.044895104895204
E001A,2009,93,AME,AME,AME02,AME002,E 01,E001A,2009,Dami Mas,22.5,,22.5,0,0,0,1.30705,0,23.80705,0,902,396,0,1716,0,0,0,0,0,0,0,3014,133.95555555555555,0,0,0,0,0,0,0,0,0,0,0,0,,0,0,0,902,2112,0,3014,133.95555555555555,80,19,99,0.032846715328467155,E001A,2009.0,97,AME002,E001A,22.5,0.7007299270072993,3014,2009,133.95555555555555,5.745276688925528,43845,251.90165642593976,4.081632653061225,21560,88,1.6636440358643032,22285,163.90165642593976,6.597566969680779,41870,276.2401290205342,3.9292730844793713,44792,176,2.6682938852014075,-2922,100.2401290205342,7.413034218372853,42258,313.26,5.128811370683932,50754,260.3076923076923,2.2842228476889206,-8496,52.95230769230767,9.575770925110133,45400,434.74,6.842583802430839,46024,314.92307692307696,2.7331871226792934,-624,119.81692307692305,8.145959227040308,45177,368.01,8.706001327742598,44726,389.3846153846154,-0.5600421007022902,451,-21.374615384615424,9.40742388095912,49462,465.31,10.618600808474227,41712,442.92307692307696,-1.2111769275151065,7750,22.38692307692304,8.364626046087812,41703,348.83,12.846383737083372,39149,502.9230769230769,-4.481757690995559,2554,-154.09307692307692,11.29873520538408,34472,389.49,14.32479004249339,36784,526.9230769230769,-3.02605483710931,-2312,-137.4330769230769,10.500318674314851,34518,362.45,15.309075711760274,34419,526.9230769230769,-4.808757037445423,99,-164.47307692307692,10.778043095116265,35178,379.15,16.23249674757638,32461,526.9230769230769,-5.454453652460115,2717,-147.77307692307693,10.07,34000,342.38,17.22742990244833,29854,514.3076923076924,-7.157429902448328,4146,-171.92769230769238,9.619957962477823,39842.169944501315,383.28,17.97651384428244,27951,502.46153846153845,-8.356555881804617,11891.169944501315,-119.18153846153848
E002A,2009,94,AME,AME,AME02,AME002,E 02,E002A,2009,Dami Mas,22.2,,22.2,0,0,0,1.27854,0,23.47854,0,1080,284,9,1486,0,0,0,0,0,0,0,2859,128.78378378378378,0,0,0,0,0,0,0,0,0,0,0,0,,0,0,0,1080,1779,0,2859,128.78378378378378,62,12,74,0.025883175935641833,E002A,2009.0,98,AME002,E002A,22.2,0.6222455403987409,2859,2009,128.78378378378378,6.090427324690382,53798,327.6528092136932,4.161705600554521,22518,93.7132867132867,1.928721724135861,31280,233.9395225004065,6.603713996968166,47496,313.65,4.162628677702292,42790,178.1188811188811,2.4410853192658735,4706,135.53111888111889,7.769848571499614,40217,312.48,5.414016666010956,47636,257.9020979020979,2.3558319054886585,-7419,54.5779020979021,9.365607805058492,43254,405.1,7.257546149001113,43300,314.2517482517482,2.1080616560573784,-46,90.84825174825181,8.036699216654148,46595,374.47,9.089724881458132,41927,381.10489510489504,-1.0530256648039842,4668,-6.6348951048950084,9.481523616904731,47466,450.05,10.928587129058101,39068,426.9580419580419,-1.4470635121533704,8398,23.091958041958094,8.469732991953181,43744,370.5,13.035510028625486,36749,479.04195804195797,-4.565777036672305,6995,-108.54195804195797,11.294107190471959,33753,381.21,14.457514023636897,34572,499.82517482517477,-3.163406833164938,-819,-118.61517482517479,9.880757327507737,32958,325.65,15.426940996780036,32399.5,499.82517482517477,-5.546183669272299,558.5,-174.1751748251748,10.537198005880096,31292,329.73,16.425408308418493,30430,499.82517482517477,-5.888210302538397,862,-170.09517482517475,10.14267313979986,30279,307.11,17.449476383544095,27778.5,484.7202797202796,-7.306803243744234,2500.5,-177.6102797202796,9.746462116748033,35600.610338777165,346.98,18.157587313973416,26060.5,473.19580419580416,-8.411125197225383,9540.110338777165,-126.21580419580414
E003A,2009,95,AME,AME,AME02,AME002,E 03,E003A,2009,Dami Mas,21.6,,21.6,0,0,0,1.50593,0,23.10593,0,1925,247,0,612,0,0,0,0,0,0,0,2784,128.88888888888889,0,0,0,0,0,0,0,0,0,0,0,0,,0,0,0,1925,859,0,2784,128.88888888888889,109,22,131,0.04705459770114943,E003A,2009.0,99,AME002,E003A,21.6,0.30854885057471265,2784,2009,128.88888888888889,5.765962926494985,68005,392.11430881629144,4.260365407729648,35246,150.16083916083915,1.5055975187653372,32759,241.9534696554523,6.586746987951807,58100,382.69,5.243140977213,43320,227.13286713286715,1.3436060107388075,14780,155.55713286713285,8.485495368429078,52466,445.2,6.956800241931278,43843,305.006993006993,1.5286951264977997,8623,140.19300699300697,9.587213856732527,45956,440.59,9.481630195156539,40447,383.50349650349654,0.10558366157598797,5509,57.08650349650344,8.151355075792376,43540,354.91,11.395997862359716,38275,436.18181818181813,-3.24464278656734,5265,-81.2718181818181,9.517425139570292,47288,450.06,12.869607640112838,35491,456.7552447552447,-3.352182500542545,11797,-6.695244755244687,8.663507534754194,44527,385.76,14.201394322869248,33669.5,478.15384615384613,-5.537886788115054,10857.5,-92.39384615384614,11.587441573330981,34017,394.17,15.223348504552074,31971.5,486.71328671328666,-3.6359069312210934,2045.5,-92.54328671328665,9.955731908116716,37047,368.83,16.07720569849164,30273.5,486.71328671328666,-6.121473790374923,6773.5,-117.88328671328668,11.417941454202078,26475,302.29,17.43304870207696,27919,486.71328671328666,-6.015107247874882,-1444,-184.42328671328664,10.087418634634131,31801,320.79,18.78343075720366,24478.5,459.7902097902098,-8.69601212256953,7322.5,-139.0002097902098,9.525737326152898,31877.84731018164,303.66,19.390710211437458,22839.5,442.87412587412587,-9.86497288528456,9038.347310181642,-139.21412587412584
E004A,2009,96,AME,AME,AME02,AME002,E 04,E004A,2009,Slpn. Jaya,19.9,,19.9,0,0,0,1.42023,0,21.32023,0,2269,276,0,0,0,0,0,0,0,0,0,2545,127.88944723618091,0,0,0,0,0,0,0,0,0,0,0,0,,0,0,0,2269,276,0,2545,127.88944723618091,117,30,147,0.05776031434184676,E004A,2009.0,100,AME002,E004A,19.9,0.10844793713163065,2545,2009,127.88944723618091,5.649923714570664,58168,328.6447626291464,4.265408946548701,41272,176.041958041958,1.3845147680219636,16896,152.6028045871884,6.428298102144731,64810,416.618,5.929286823196449,40720,241.4405594405594,0.4990112789482817,24090,175.17744055944058,8.232291460718587,55637,458.02,8.130591418412282,38451,312.6293706293706,0.10170004230630525,17186,145.39062937062937,10.013323105494772,49538,496.04,11.131435266677286,35906,399.68531468531467,-1.1181121611825144,13632,96.35468531468536,9.705385842795366,43243,419.69,13.221124368871738,33361,441.06993006993,-3.5157385260763725,9882,-21.379930069930026,9.713238808347937,43939,426.79,14.438281085477346,30816,444.9300699300699,-4.725042277129409,13123,-18.1400699300699,8.733302847240607,41549,362.86,15.130845247660128,29405.5,444.9300699300699,-6.397542400419521,12143.5,-82.0700699300699,11.97972285786931,31464,376.93,15.815237263358686,28133,444.9300699300699,-3.8355144054893753,3331,-68.00006993006991,10.15131082101629,37076,376.37,16.564474597645983,26860.5,444.9300699300699,-6.413163776629693,10215.5,-68.56006993006991,10.576909782232976,28930,305.99,18.194944279144902,24453.5,444.9300699300699,-7.6180344969119265,4476.5,-138.9400699300699,10.357096354166666,30720,318.17,19.890045450842603,20774,413.1958041958042,-9.532949096675937,9946,-95.0258041958042,10.139189194152909,33960.30919302394,344.33,20.46597131250326,19225.5,393.4685314685314,-10.326782118350351,14734.809193023939,-49.138531468531426
E005A,2009,97,AME,AME,AME02,AME002,E 05,E005A,2009,Dami Mas,24,,24,0,0,0,1.32319,0,25.32319,0,2256,66,201,82,0,0,0,0,0,0,0,2605,108.54166666666667,0,0,0,0,0,0,0,0,0,0,0,0,,0,0,0,2256,349,0,2605,108.54166666666667,294,72,366,0.14049904030710172,E005A,2009.0,101,AME002,E005A,24,0.13397312859884838,2605,2009,108.54166666666667,5.962357659589234,81069,483.3623731052396,4.213278865381215,40098,168.94405594405598,1.7490787942080184,40971,314.4183171611836,6.536254295722404,74702,488.27126839905503,5.7493201011498645,41918,241.00000000000003,0.7869341945725399,32784,247.271268399055,8.634542003029663,52151,450.3,7.82182352355132,39588,309.65034965034965,0.8127184794783435,12563,140.64965034965036,10.571048601595873,49628,524.62,10.688734477209493,37102,396.5734265734266,-0.11768587561362054,12526,128.0465734265734,10.53950080989545,54328,572.59,12.676759025699138,34579,438.34965034965046,-2.137258215803687,19749,134.24034965034957,9.606319867629848,49558,476.07,14.029974529130097,31974,448.5944055944057,-4.423654661500249,17584,27.47559440559428,8.296760917311383,50539,419.31,14.89565292562309,30497,454.27272727272737,-6.598892008311706,20042,-34.96272727272736,11.82721485095496,33614,397.56,15.675475180517692,29053,455.4195804195805,-3.8482603295627325,4561,-57.85958041958048,9.65356069750122,38939,375.9,16.4355033623696,27709.5,455.4195804195805,-6.781942664868382,11229.5,-79.5195804195805,10.228293506042334,40299,412.19,18.015727695699216,25279,455.4195804195805,-7.7874341896568815,15020,-43.229580419580486,10.440869100277062,41146,429.6,19.544305838253965,21687.5,423.8671328671329,-9.103436737976903,19458.5,5.7328671328671135,9.887852409931764,44399.934566077296,439.02,20.138379808978524,20218.5,407.1678321678323,-10.25052739904676,24181.434566077296,31.85216783216771
E006A,2009,98,AME,AME,AME02,AME002,E 06,E006A,2009,Dami Mas,24.3,,24.3,0,0,0,1.34643,0,25.646430000000002,0,2312,65,191,108,0,0,0,0,0,0,0,2676,110.12345679012346,0,0,0,0,0,0,0,0,0,0,0,0,,0,0,0,2312,364,0,2676,110.12345679012346,247,78,325,0.12144992526158445,E006A,2009.0,102,AME002,E006A,24.3,0.13602391629297458,2676,2009,110.12345679012346,5.883712385699548,73849,434.50627597152595,4.222929582906074,40836,172.44755244755245,1.6607828027934737,33013,262.0587235239735,6.4922618576814575,75858,492.49,5.739432964783112,42982,246.6923076923077,0.7528288928983455,32876,245.7976923076923,8.183702034064675,55013,450.21,7.798095813812907,40720,317.53846153846155,0.38560622025176805,14293,132.67153846153843,10.46408343072912,55615,581.96,10.656325079175028,38127,406.2937062937063,-0.19224164844590774,17488,175.66629370629374,9.94386012377828,59138,588.06,12.634374821162977,35559,449.2657342657343,-2.690514697384696,23579,138.79426573426565,9.643663600815113,54471,525.3,13.985163332850592,32883,459.874125874126,-4.341499732035478,21588,65.42587412587397,8.554476224740661,50031,427.989,14.868529105049848,31363,466.3216783216784,-6.3140528803091875,18668,-38.33267832167843,13.009053024859893,34795,452.65,15.65939207150233,29875.5,467.8321678321679,-2.6503390466424364,4919.5,-15.18216783216792,10.435907385849179,38655,403.4,16.424672804682285,28483.5,467.8321678321679,-5.988765418833106,10171.5,-64.43216783216792,11.065980977107621,40057,443.27,18.0008144763142,25989.5,467.8321678321679,-6.934833499206579,14067.5,-24.562167832167916,10.374024832435996,45505,472.07,19.522862935244696,22307,435.49650349650346,-9.1488381028087,23198,36.57349650349653,10.246154798095565,43190.83682810005,442.54,20.10810872574094,20808.5,418.41958041958037,-9.861953927645375,22382.33682810005,24.12041958041965
E007A,2009,99,AME,AME,AME02,AME002,E 07,E007A,2009,Slpn. Jaya,24.2,,24.2,0,0,0,1.32701,0,25.52701,0,1957,166,359,0,0,0,0,0,0,0,0,2482,102.56198347107438,0,0,0,0,0,0,0,0,0,0,0,0,,0,0,0,1957,525,0,2482,102.56198347107438,286,68,354,0.1426269137792103,E007A,2009.0,103,AME002,E007A,24.2,0.21152296535052378,2482,2009,102.56198347107438,5.709504919414199,78448,447.8992419182051,4.0648209035535485,39326,159.85314685314685,1.6446840158606504,39122,288.04609506505824,6.33960028272269,75072,475.9264724245578,5.5848924758150575,40430,225.79720279720277,0.7547078069076321,34642,250.12926962735503,7.604950295540032,59552,452.89,7.619979014496298,37755,287.69230769230774,-0.015028718956266118,21797,165.19769230769225,10.016977308822725,54779,548.72,10.406494044796695,35632,370.80419580419584,-0.3895167359739702,19147,177.91580419580418,9.570271852237253,61504,588.61,12.489320634117014,33150,414.02097902097904,-2.919048781879761,28354,174.58902097902097,9.495105232849738,53833,511.15,13.985101894323233,30668,428.8951048951049,-4.489996661473494,23165,82.25489510489507,8.569168397112627,50565,433.3,14.87822811692585,29164.5,433.91608391608395,-6.309059719813224,21400.5,-0.6160839160839373,12.919591111628856,34337,443.62,15.639997257644318,27744,433.91608391608395,-2.7204061460154616,6593,9.703916083916056,10.483256625932391,37806,396.33,16.37233837362125,26503,433.91608391608395,-5.889081747688859,11303,-37.586083916083965,10.89768854473373,43133,470.05,17.868762077792905,24283.5,433.91608391608395,-6.971073533059174,18849.5,36.13391608391606,10.35326907443967,43055,445.76,19.357002954193767,21002.5,406.54545454545456,-9.003733879754098,22052.5,39.21454545454543,10.217953872002953,39444.296289526596,403.04,20.114259452949195,19416,390.53846153846155,-9.896305580946242,20028.296289526596,12.501538461538473
E008A,2009,100,AME,AME,AME02,AME002,E 08,E008A,2009,Slpn. Jaya,24.7,,24.7,0,0,0,1.33382,0,26.03382,0,2592,0,0,144,0,0,0,0,0,0,0,2736,110.76923076923077,0,0,0,0,0,0,0,0,13,0,0,0,,0,0,0,2592,144,13,2749,111.29554655870446,169,51,220,0.08002910149145144,E008A,2009.0,104,AME002,E008A,24.7,0.057111676973444894,2749,2009,111.29554655870446,5.67229669968113,83028,470.95945038112484,4.370629370629371,41472,181.25874125874128,1.3016673290517593,41556,289.70070912238356,6.254165913474205,81328,508.6388054110302,5.951002639744362,43488,258.79720279720283,0.30316327372984286,37840,249.84160261382738,8.203029337269571,59617,489.04,8.085664335664335,41472,335.32867132867136,0.11736500160523633,18145,153.71132867132866,10.419631512071156,62960,656.02,11.063563302369275,38592,426.96503496503504,-0.6439317902981188,24368,229.05496503496494,9.500295997207001,65879,625.87,12.979020979020978,36000,467.24475524475525,-3.4787249818139774,29879,158.62524475524475,9.511339765727916,56174,534.29,14.167650531286895,33264,471.2727272727273,-4.656310765558979,22910,63.017272727272655,8.498589391476562,53523,454.87,14.966933518969718,31824,476.3076923076923,-6.468344127493156,21699,-21.437692307692316,12.443438793927168,37676,468.819,15.742551287574985,30384,478.32167832167835,-3.299112493647817,7292,-9.502678321678331,10.25565587907071,39428,404.36,16.525762794419514,28944,478.32167832167835,-6.270106915348803,10484,-73.96167832167833,10.766982710540992,44825,482.63,18.200977105086697,26280,478.32167832167835,-7.433994394545705,18545,4.308321678321647,10.142035239122619,44496,451.28,19.806000451161744,22320,442.06993006993014,-9.663965212039125,22176,9.210069930069835,9.813298266119968,45963.1397893237,451.05,20.234061471174876,20952,423.94405594405595,-10.420763205054907,25011.1397893237,27.105944055944065
E009A,2009,101,AME,AME,AME02,AME002,E 09,E009A,2009,Slpn. Jaya,23.7,,23.7,0,0,0,1.35427,0,25.05427,0,922,0,1141,0,24,0,0,0,0,0,0,2087,88.05907172995781,0,0,0,0,0,0,0,608,0,0,0,0,,0,0,0,922,1773,0,2695,113.71308016877637,86,34,120,0.04452690166975881,E009A,2009.0,105,AME002,E009A,23.7,0.6578849721706864,2695,2009,113.71308016877637,6.115528453427389,57297,350.40143379602915,3.3968179838127117,30726,104.37062937062937,2.7187104696146775,26571,246.03080442539977,6.530416195224679,63901,417.3001252910522,4.59271530396495,35290,162.0769230769231,1.9377008912597287,28611,255.22320221412912,7.435678842328459,45747,340.16,6.066415233030494,32422,196.68531468531467,1.369263609297965,13325,143.47468531468536,9.468707350360694,51290,485.65,8.276696085279449,31596,261.5104895104895,1.1920112650812449,19694,224.13951048951049,8.592227880734526,47323,406.61,10.394760403239289,29485,306.48951048951045,-1.8025325225047624,17838,100.12048951048956,9.0397946084724,46740,422.52,12.65611348756269,27422,347.0559440559441,-3.61631887909029,19318,75.46405594405587,8.376885489696198,42363,354.87,14.098515842972349,25796,363.6853146853147,-5.721630353276151,16567,-8.815314685314718,11.936694566228246,30108,359.39,15.081691167748263,24170,364.5244755244755,-3.144996601520017,5938,-5.134475524475533,10.00725616774258,39966,399.95,15.7849029769253,23114.5,364.8601398601399,-5.77764680918272,16851.5,35.08986013986009,10.159047358335615,36530,371.11,16.89323733031484,21598,364.8601398601399,-6.734189971979225,14932,6.249860139860118,10.107664337253565,35202,355.81,17.927672734752832,19632.5,351.965034965035,-7.820008397499267,15569.5,3.844965034965014,10.247841136711658,36196.89211136891,370.94,19.175707329549212,18018.5,345.5174825174825,-8.927866192837554,18178.392111368907,25.42251748251749
E010A,2009,102,AME,AME,AME02,AME002,E 10,E010A,2009,Slpn. Jaya,25.6,,25.6,0,0,0,1.37269,0,26.97269,0,1907,0,0,9,580,0,0,0,0,0,0,2496,97.5,0,0,0,0,0,0,0,0,0,0,0,0,,0,0,0,1907,589,0,2496,97.5,140,67,207,0.0829326923076923,E010A,2009.0,106,AME002,E010A,25.6,0.2359775641025641,2496,2009,97.5,5.846564911981224,60681,354.7754054239326,4.370629370629371,30512,133.35664335664336,1.475935541351853,30169,221.41876206728926,6.474283244489267,69410,449.38,6.103988054507016,30638,187.01398601398597,0.37029518998225086,38772,262.366013986014,7.287976249381495,60630,441.87,7.072630246105996,36887,260.8881118881119,0.21534600327549835,23743,180.9818881118881,9.272170468715617,54532,505.63,9.223033819353759,37282,343.8531468531468,0.049136649361857465,17250,161.77685314685317,8.273902266288951,56480,467.31,10.955199995094777,34215,374.8321678321678,-2.6812977288058253,22265,92.47783216783222,9.110527792249428,49906,454.67,12.115164318018895,32299,391.3076923076923,-3.0046365257694667,17607,63.362307692307695,8.624425645209774,46574,401.674,13.260486526300255,30756.5,407.8461538461538,-4.636060881090481,15817.5,-6.172153846153833,11.14236111111111,34560,385.08,14.659127413286377,29214,428.2517482517482,-3.5167663021752666,5346,-43.17174825174823,9.823975301246458,43403,426.39,15.769424728100619,27671.5,436.3636363636363,-5.945449426854161,15731.5,-9.97363636363633,10.523509452253998,43323,455.91,17.329771102606685,25180,436.3636363636363,-6.8062616503526865,18143,19.546363636363708,10.170083639330885,39216,398.83,18.601239849821006,22025,409.6923076923077,-8.431156210490121,17191,-10.862307692307695,10.147339008219472,40621.48703873132,412.2,19.076702284095077,20777,396.35664335664336,-8.929363275875605,19844.48703873132,15.843356643356628
E011A,2009,103,AME,AME,AME02,AME002,E 11,E011A,2009,Slpn. Jaya,24.3,,24.3,0,0,0,1.35172,0,25.65172,0,361,0,1544,539,27,0,0,0,0,0,0,2471,101.6872427983539,0,0,0,0,0,0,0,181,0,0,0,0,,0,0,0,361,2291,0,2652,109.1358024691358,165,39,204,0.07692307692307693,E011A,2009.0,107,AME002,E011A,24.3,0.8638763197586727,2652,2009,109.1358024691358,5.768124960708709,54897,316.652755968026,2.8924784327821706,27392,79.23076923076923,2.8756465279265386,27505,237.42198673725676,6.367031510193524,61853,393.82,3.6815594776386718,41114,151.36363636363635,2.685472032554852,20739,242.45636363636365,6.861412797947124,55337,379.69,4.6836916410786404,40199,188.27972027972027,2.1777211568684836,15138,191.41027972027973,7.990966682308775,51144,408.69,6.396402815050545,38868,248.61538461538458,1.5945638672582296,12276,160.0746153846154,7.724177419684669,48901,377.72,8.456443716136473,36909,312.1188811188811,-0.7322662964518036,11992,65.60111888111891,8.878677155959883,53642,476.27,11.08188199440194,34465,381.9370629370629,-2.2032048384420566,19177,94.3329370629371,8.67215645908389,44689,387.55,13.151187031123005,32174.5,423.1328671328671,-4.479030572039115,12514.5,-35.58286713286708,11.258180726508556,33310,375.01,14.443025853814234,29884,431.6153846153846,-3.184845127305678,3426,-56.605384615384594,9.51771534034338,41179,391.93,15.22952202474862,28365.5,431.993006993007,-5.711806684405241,12813.5,-40.06300699300698,10.144757249612258,42554,431.7,16.037756422371807,26936,431.993006993007,-5.8929991727595485,15618,-0.2930069930069976,10.239018793706293,36608,374.83,16.84895344991243,25339.5,426.94405594405595,-6.609934656206136,11268.5,-52.11405594405596,10.363966484667039,38287.46460991168,396.81,18.190450043698803,23332,424.4195804195804,-7.8264835590317645,14955.46460991168,-27.609580419580425
E012A,2009,104,AME,AME,AME02,AME002,E 12,E012A,2009,Slpn. Jaya,25.4,,25.4,0,0,0,1.36234,0,26.76234,0,694,745,478,672,0,0,0,0,0,0,0,2589,101.92913385826772,0,0,0,0,0,0,0,0,0,0,0,0,,0,0,0,694,1895,0,2589,101.92913385826772,233,62,295,0.11394360757049053,E012A,2009.0,108,AME002,E012A,25.4,0.7319428350714561,2589,2009,101.92913385826772,5.7089345635304145,66258,378.2625863103982,3.593311130323243,31206,112.13286713286712,2.1156234332071717,35052,266.1297191775311,6.3640255253971745,65370,416.01634859521334,4.230977132819416,41036,173.62237762237757,2.1330483925777584,24334,242.39397097283577,7.21543973725243,60286,434.99,5.60949721951766,42074,236.01398601398603,1.6059425177347695,18212,198.97601398601398,8.53730270252606,61202,522.5,7.61469067187934,39291,299.18881118881114,0.9226120306467207,21911,223.31118881118886,7.684969454585481,54509,418.9,9.82265446866506,37374,367.111888111888,-2.1376850140795796,17135,51.788111888111985,9.08791268168801,55521,504.57,11.874139946584965,34785,413.04195804195797,-2.7862272648969544,20736,91.52804195804202,8.755736868944416,43142,377.74,13.619634828496945,32543,443.2237762237761,-4.86389795955253,10599,-65.48377622377609,13.073275744611276,36697,479.75,14.756137304917191,30673.5,452.6223776223775,-1.6828615603059145,6023.5,27.127622377622515,10.24030169935843,43487,445.32,15.584560053106685,29043,452.6223776223775,-5.3442583537482555,14444,-7.302377622377492,10.477752808988765,44500,466.26,16.51816059786426,27401.5,452.6223776223775,-6.040407788875495,17098.5,13.637622377622506,10.123743412346482,43073,436.06,17.687988814763436,25040.5,442.91608391608383,-7.5642454024169545,18032.5,-6.856083916083833,10.266723464032966,39434.19742611468,404.86,18.78760023914228,22762,427.6433566433566,-8.520876775109313,16672.197426114682,-22.78335664335657
F001A,2009,105,AME,AME,AME02,AME002,F 01,F001A,2009,Slpn. Jaya,17.9,,17.9,0,0,0,1.6473,0,19.5473,0,2096,75,198,134,0,0,0,0,0,0,0,2503,139.83240223463687,0,0,0,0,0,0,0,0,0,0,0,0,,0,0,0,2096,407,0,2503,139.83240223463687,61,9,70,0.02796644027167399,F001A,2009.0,109,AME002,F001A,17.9,0.1626048741510188,2503,2009,139.83240223463687,5.610443158322556,57904,324.86710063950926,4.201412268755197,37658,158.21678321678323,1.409030889567359,20246,166.65031742272603,6.392814293164302,51608,329.92036004162327,5.66493442837529,40176,227.59440559440563,0.7278798647890126,11432,102.32595444721764,7.936937808298675,51695,410.3,7.678036249464821,38220,293.4545454545455,0.2589015588338537,13475,116.84545454545452,10.549814945553345,46743,493.13,10.489217330837183,35781,375.3146853146853,0.060597614716161985,10962,117.81531468531472,9.556605303706107,49324,471.37,12.466732357789464,33412,416.53846153846155,-2.9101270540833575,15912,54.83153846153846,9.90792918312109,45074,446.59,13.855470615637559,30909,428.2587412587413,-3.94754143251647,14165,18.331258741258694,8.59000975512144,39979,343.42,14.79300898734592,29454,435.7132867132867,-6.20299923222448,10525,-92.2932867132867,13.195447976878613,27680,365.25,15.607776027229239,28036.5,437.5874125874126,-2.4123280503506255,-356.5,-72.33741258741259,10.513781757376341,37078,389.83,16.37800032140926,26718,437.5874125874126,-5.864218564032919,10360,-47.7574125874126,10.495560789998189,33114,347.55,17.920323221631655,24418.5,437.5874125874126,-7.424762431633466,8695.5,-90.03741258741258,10.04384133611691,33530,336.77,19.41059392268178,21033.5,408.27272727272725,-9.36675258656487,12496.5,-71.50272727272727,9.608117001615382,42291.32512975054,406.34,20.020727946064547,19608,392.5664335664336,-10.412610944449165,22683.32512975054,13.773566433566373
F002A,2009,106,AME,AME,AME02,AME002,F 02,F002A,2009,Slpn. Jaya,15.2,,15.2,0,0,0,1.58302,0,16.78302,0,1268,572,301,0,0,0,0,0,0,0,0,2141,140.85526315789474,0,0,0,0,0,0,0,0,0,0,0,0,,0,0,0,1268,873,0,2141,140.85526315789474,30,9,39,0.01821578701541336,F002A,2009.0,110,AME002,F002A,15.2,0.40775338626809904,2141,2009,140.85526315789474,5.555000530210583,53816,298.9479085338127,3.8851601872465134,34798,135.1958041958042,1.6698403429640694,19018,163.75210433800854,6.340428193496482,48596,308.119448491155,5.252278274253145,34858,183.0839160839161,1.088149919243337,13738,125.03553240723892,8.274339022930384,48451,400.9,7.174043369023362,32988,236.65734265734267,1.1002956539070219,15463,164.2426573426573,10.53763440860215,43803,461.58,9.805206992827387,31148,305.4125874125874,0.7324274157747634,12655,156.16741258741257,8.48105594309944,43866,372.03,12.120054937305948,29007,351.5664335664336,-3.638998994206508,14859,20.46356643356637,9.804648862512364,40440,396.5,13.775437694145355,26866,370.0909090909091,-3.9707888316329907,13574,26.409090909090878,8.618421052631579,32528,280.34,14.760073319164766,25359,374.3006993006993,-6.141652266533187,7169,-93.96069930069933,13.70948118536543,23014,315.51,15.506698951889108,24138,374.3006993006993,-1.7972177665236782,-1124,-58.790699300699316,10.474060247167868,31072,325.45,16.22632271814021,23067.5,374.3006993006993,-5.752262470972342,8004.5,-48.85069930069932,10.590829694323144,22900,242.53,17.520980166675994,21363,374.3006993006993,-6.9301504723528495,1537,-131.7706993006993,10.468108820102335,19739,206.63,19.028547299219976,18738.5,356.56643356643355,-8.560438479117641,1000.5,-149.93643356643355,9.571274469811927,23789.935260781862,227.7,20.046578778985612,16945.5,339.6993006993007,-10.475304309173685,6844.435260781862,-111.9993006993007
F003A,2009,107,AME,AME,AME02,AME002,F 03,F003A,2009,Slpn. Jaya,12.2,,12.2,0,0,0,1.54996,0,13.74996,0,977,353,310,30,0,0,0,0,0,0,0,1670,136.88524590163937,0,0,0,0,0,0,0,0,0,0,0,0,,0,0,0,977,693,0,1670,136.88524590163937,47,9,56,0.033532934131736525,F003A,2009.0,111,AME002,F003A,12.2,0.4149700598802395,1670,2009,136.88524590163937,5.770621926276714,39248,226.48536936250846,3.8508555184085083,26326,101.37762237762239,1.919766407868206,12922,125.10774698488608,6.467623109732455,38685,250.2,5.164776572401206,27280,140.8951048951049,1.3028465373312486,11405,109.30489510489508,7.7724065455637295,33305,258.86,7.018753443587766,25803,181.10489510489512,0.7536531019759636,7502,77.75510489510489,10.275139106643303,32529,334.24,9.585916479784503,24413,234.02097902097907,0.6892226268588004,8116,100.21902097902094,9.784170499293595,33267,325.49,11.83587852010985,22773,269.5384615384616,-2.051708020816255,10494,55.951538461538405,9.975923461952734,31566,314.9,13.559865713587934,21103,286.1538461538462,-3.5839422516352,10463,28.74615384615379,8.897512437810946,30150,268.26,14.634362951507748,19921.5,291.5384615384616,-5.736850513696803,10228.5,-23.278461538461613,13.069245165315035,19236,251.4,15.43404128448931,18916.5,291.95804195804203,-2.364796119174274,319.5,-40.558041958042025,9.463949843260188,22330,211.33,16.16018830199773,18066.5,291.95804195804203,-6.696238458737543,4263.5,-80.62804195804202,10.739630898021309,21024,225.79,17.437618226007405,16743,291.95804195804203,-6.697987327986096,4281,-66.16804195804204,10.594898973169924,15095,159.93,18.86161552703964,14754.5,278.29370629370635,-8.266716553869715,340.5,-118.36370629370634,10.025382382452348,19804.73087465736,198.55,19.87283119147564,13411.5,266.5244755244756,-9.847448809023293,6393.230874657362,-67.97447552447557
F004A,2009,108,AME,AME,AME02,AME002,F 04,F004A,2009,Slpn. Jaya,12,,12,0,0,0,1.52638,0,13.52638,0,1541,156,0,0,0,0,0,0,0,0,0,1697,141.41666666666666,0,0,0,0,0,0,0,0,0,0,0,0,,0,0,0,1541,156,0,1697,141.41666666666666,25,2,27,0.015910430170889805,F004A,2009.0,112,AME002,F004A,12,0.09192692987625221,1697,2009,141.41666666666666,5.7487973526670055,41016,235.79267221698993,4.281256174643882,27464,117.58041958041957,1.4675411780231231,13552,118.21225263657035,6.529932961417655,42662,278.58,5.958169703013544,27152,161.77622377622376,0.5717632584041112,15510,116.80377622377623,7.504567252797442,35032,262.9,8.170112656466177,25611,209.24475524475528,-0.6655454036687347,9421,53.655244755244695,8.942801785864713,35613,318.48,11.185477565004202,23914,267.4895104895105,-2.242675779139489,11699,50.99048951048951,10.272150386320792,37663,386.88,13.255457689899782,22217,294.49650349650346,-2.9833073035789894,15446,92.38349650349653,10.015054452274184,31220,312.67,14.458007879060508,20520,296.67832167832165,-4.442953426786325,10700,15.991678321678364,8.95147087600287,30662,274.47,15.141670537592653,19593.5,296.67832167832165,-6.190199661589782,11068.5,-22.208321678321624,14.0325106658746,18517,259.84,15.82706437334338,18745,296.67832167832165,-1.7945537074687792,-228,-36.83832167832168,10.604506872334008,23209,246.12,16.57744931569422,17896.5,296.67832167832165,-5.972942443360212,5312.5,-50.55832167832165,11.66043882341669,20874,243.4,18.22628300895848,16277.5,296.67832167832165,-6.565844185541788,4596.5,-53.278321678321646,10.128377620809507,17838,180.67,19.92222115321319,13810,275.12587412587413,-9.793843532403683,4028,-94.45587412587415,10.117757392964016,19154.44228132712,193.8,20.473064868051402,12805.5,262.1678321678322,-10.355307475087386,6348.942281327119,-68.3678321678322
F005A,2009,109,AME,AME,AME02,AME002,F 05,F005A,2009,Slpn. Jaya,20.5,,20.5,3.9,0,0,1.35696,0,25.75696,0,2030,299,0,110,0,0,0,0,0,0,0,2439,118.97560975609755,0,0,0,0,0,0,0,0,0,0,0,0,,0,0,0,2030,409,0,2439,118.97560975609755,80,40,120,0.04920049200492005,F005A,2009.0,113,AME002,F005A,20.5,0.16769167691676917,2439,2009,118.97560975609755,5.559275286994881,69358,385.5802153553909,4.2463743007824135,37862,160.77622377622376,1.3129009862124672,31496,224.80399157916716,6.263791775540194,68270,427.629064516129,5.75962538646798,38804,223.4965034965035,0.5041663890722141,29466,204.1325610196255,7.517977505070578,48811,366.96,7.838992844635881,37214,291.7202797202797,-0.32101533956530304,11597,75.2397202797203,8.539929793769197,45580,389.25,10.726443612640063,34665,371.8321678321678,-2.186513818870866,10915,17.417832167832216,9.926395835874914,49182,488.2,12.79549866264364,32336,413.75524475524475,-2.869102826768726,16846,74.44475524475524,9.516635936976199,47728,454.21,14.082148242766367,29897,421.013986013986,-4.565512305790168,17831,33.19601398601395,8.824331358600006,40343,356,14.921509495316258,28473,424.86013986013984,-6.097178136716252,11870,-68.86013986013984,13.15598182735992,29715,390.93,15.67728372515401,27198.5,426.3986013986014,-2.521301897794091,2516.5,-35.46860139860138,10.788768873061189,33977,366.57,16.44802505009263,25924,426.3986013986014,-5.659256177031443,8053,-59.82860139860139,10.760210763561052,32833,353.29,17.999476620384616,23689.5,426.3986013986014,-7.239265856823565,9143.5,-73.10860139860137,10.256785212915302,34192,350.7,19.615435450432123,20290.5,398.00699300699296,-9.358650237516821,13901.5,-47.30699300699297,9.915671373330087,37506.28535353535,371.9,20.22317124597116,18772,379.6293706293706,-10.307499872641072,18734.28535353535,-7.729370629370635
F005A,2009,109,AME,AME,AME02,AME002,F 05,F005A,2009,Slpn. Jaya,20.5,,20.5,3.9,0,0,1.35696,0,25.75696,0,2030,299,0,110,0,0,0,0,0,0,0,2439,118.97560975609755,0,0,0,0,0,0,0,0,0,0,0,0,,0,0,0,2030,409,0,2439,118.97560975609755,80,40,120,0.04920049200492005,F005A,2009.0,318,OLE003,F005A,29.199999999999996,0.6278831368528961,3902,2009,133.63013698630138,5.559275286994881,69358,385.5802153553909,2.4975024975024973,20328,50.76923076923077,3.0617727894923834,49030,334.81098458616015,6.263791775540194,68270,427.629064516129,3.1600555352077886,39408,124.53146853146853,3.1037362403324056,28862,303.0975959846605,7.517977505070578,48811,366.96,3.563459913783766,56816,202.46153846153845,3.9545175912868125,-8005,164.49846153846153,8.539929793769197,45580,389.25,4.740330092442768,59640,282.7132867132867,3.7995997013264287,-14060,106.53671328671328,9.926395835874914,49182,488.2,6.124187286491993,60294,369.2517482517482,3.8022085493829207,-11112,118.94825174825178,9.516635936976199,47728,454.21,8.255341076027234,59170,488.46853146853147,1.261294860948965,-11442,-34.25853146853149,8.824331358600006,40343,356,10.502999693566005,54952,577.1608391608391,-1.6786683349659999,-14609,-221.16083916083915,13.15598182735992,29715,390.93,12.469855146799786,51372,640.6013986013986,0.6861266805601343,-21657,-249.6713986013986,10.788768873061189,33977,366.57,13.81829440502857,48199,666.027972027972,-3.0295255319673817,-14222,-299.45797202797206,10.760210763561052,32833,353.29,14.871694551989663,45542,677.2867132867133,-4.111483788428611,-12709,-323.99671328671326,10.256785212915302,34192,350.7,15.69414588173939,43445,681.8321678321678,-5.437360668824088,-9253,-331.1321678321678,9.915671373330087,37506.28535353535,371.9,16.79275802514892,40604,681.8531468531468,-6.877086651818834,-3097.7146464646503,-309.9531468531468
F009A,2009,113,AME,AME,AME02,AME002,F 09,F009A,2009,Slpn. Jaya,25.2,,25.2,0,0,0,1.36,0,26.56,0,1852,401,89,261,0,0,0,0,0,0,0,2603,103.2936507936508,0,0,0,0,0,0,0,0,0,0,0,0,,0,0,0,1852,751,0,2603,103.2936507936508,225,73,298,0.11448328851325394,F009A,2009.0,114,AME002,F009A,25.2,0.2885132539377641,2603,2009,103.2936507936508,5.542926819544601,66506,368.63789106063325,4.143745796412743,38096,157.86013986013987,1.3991810231318578,28410,210.77775120049338,6.18679677632842,69945,432.7355005202914,5.4252352334862515,41304,224.0839160839161,0.7615615428421689,28641,208.6515844363753,7.525042968004028,57601,433.45,7.317524977131109,40318,295.02797202797206,0.207517990872919,17283,138.42202797202793,8.782517835266988,55508,487.5,9.996928463753171,37543,375.31468531468533,-1.214410628486183,17965,112.18531468531467,8.493394600804136,52230,443.61,12.074315275928868,35201,425.02797202797206,-3.580920675124732,17029,18.58202797202796,9.29617676266137,48336,449.34,13.529938985488405,32598,441.04895104895104,-4.2337622228270355,15738,8.291048951048936,8.656503198294242,46900,405.99,14.599126173784171,30921,451.4195804195803,-5.942622975489929,15979,-45.429580419580304,11.186610484132363,33937,379.64,15.455176011476846,29444.5,455.06993006992997,-4.268565527344483,4492.5,-75.42993006992998,9.748304263565892,41280,402.41,16.245245160907807,28012.5,455.06993006992997,-6.496940897341915,13267.5,-52.65993006992994,10.616967777984728,42952,456.02,17.648630214075236,25785,455.06993006992997,-7.0316624360905085,17167,0.9500699300700148,10.090982906872645,48031,484.68,19.132799793492584,22431,429.16783216783216,-9.041816886619939,25600,55.51216783216785,10.000795955770613,43454.5412107164,434.58,19.85149833728445,20684,410.6083916083915,-9.850702381513837,22770.5412107164,23.97160839160847
F010A,2009,114,AME,AME,AME02,AME002,F 10,F010A,2009,Slpn. Jaya,25,,25,0,0,0,1.35957,0,26.35957,0,2021,106,30,617,0,0,0,0,0,0,0,2774,110.96,0,0,0,0,0,0,0,0,0,0,0,0,,0,10,0,2021,763,0,2784,111.36,195,48,243,0.08728448275862069,F010A,2009.0,115,AME002,F010A,25,0.2714491708723864,2774,2009,110.96,5.492645028758625,72926,400.5566313672515,4.299819727929583,34664,149.04895104895104,1.1928253008290426,38262,251.50768031830046,6.27319532828091,65843,413.046,5.293549311137832,43210,228.7342657342657,0.9796460171430788,22633,184.3117342657343,8.35924266947717,53134,444.16,7.011934323446585,43597,305.69930069930075,1.3473083460305855,9537,138.46069930069928,9.32300148535228,55879,520.96,9.555684399108202,40236,384.48251748251755,-0.2326829137559212,15643,136.47748251748249,8.573053822087633,59771,512.42,11.411866056158186,38079,434.5524475524476,-2.838812234070552,21692,77.86755244755238,9.355323989139208,54508,509.94,12.869073993560612,35305,454.3426573426574,-3.5137500044214036,19203,55.59734265734261,8.439509775313686,51405,433.833,14.201382297621286,33541.5,476.3356643356644,-5.7618725223076,17863.5,-42.50266433566435,12.15138664137046,35842,435.53,15.23562046322877,31831,484.965034965035,-3.0842338218583105,4011,-49.435034965035015,10.576192534291758,43961,464.94,16.09281528313899,30135.5,484.965034965035,-5.516622748847231,13825.5,-20.02503496503499,10.186939761274441,43062,438.67,17.483778028878614,27738,484.965034965035,-7.296838267604173,15324,-46.29503496503497,10.227954950684992,44307,453.17,18.81201551671544,24277,456.69930069930075,-8.584060566030448,20030,-3.529300699300734,10.294558452682002,41563.70590994372,427.88,19.372125086034348,22769,441.08391608391605,-9.077566633352346,18794.705909943717,-13.203916083916056
F011A,2009,115,AME,AME,AME02,AME002,F 11,F011A,2009,Slpn. Jaya,20.5,,20.5,0,0,0,1.30888,0,21.80888,0,1512,261,449,202,0,0,0,0,0,0,0,2424,118.2439024390244,0,0,0,0,0,0,0,0,0,0,0,0,,0,0,0,1512,912,0,2424,118.2439024390244,193,31,224,0.0924092409240924,F011A,2009.0,116,AME002,F011A,20.5,0.37623762376237624,2424,2009,118.2439024390244,5.644208142251509,62613,353.40080441079374,3.9191533960694755,35176,137.86013986013987,1.7250547461820336,27437,215.54066455065387,6.494563834659158,58957,382.9,5.132679836076139,39278,201.60139860139859,1.3618839985830187,19679,181.2986013986014,8.599403366716386,46930,403.57,6.900573680486622,37676,259.986013986014,1.6988296862297636,9254,143.58398601398602,9.570427311779335,48653,465.63,9.412261588379227,35499,334.1258741258742,0.15816572340010815,13154,131.5041258741258,9.075770191507077,50442,457.8,11.497682832238231,33277,382.6083916083916,-2.421912640731154,17165,75.19160839160838,9.845897364652574,46787,460.66,13.211304949547586,30853,407.6083916083917,-3.365407584895012,15934,53.05160839160834,8.548681423550496,42963,367.277,14.423541166731164,29185,420.951048951049,-5.874859743180668,13778,-53.67404895104903,12.918016267184914,27786,358.94,15.327831586082786,27647.5,423.77622377622384,-2.4098153188978717,138.5,-64.83622377622385,10.432061907377774,41869,436.78,16.092055052354283,26334.5,423.77622377622384,-5.659993144976509,15534.5,13.003776223776129,10.342335689418714,37916,392.14,17.391756049339207,24366.5,423.77622377622384,-7.049420359920493,13549.5,-31.636223776223858,10.166562927922321,40165,408.34,18.716501051941737,21512,402.62937062937067,-8.549938124019416,18653,5.710629370629306,10.563395805169595,34040.18997603271,359.58,19.60208909665116,19814.5,388.4055944055944,-9.038693291481565,14225.689976032707,-28.825594405594416
F012A,2009,116,AME,AME,AME02,AME002,F 12,F012A,2009,Slpn. Jaya,24.7,,24.7,0,0,0,1.35257,0,26.05257,0,2578,249,13,0,194,0,0,0,0,0,0,3034,122.83400809716599,0,0,0,0,0,0,0,0,0,0,0,0,,0,0,0,2578,456,0,3034,122.83400809716599,181,44,225,0.07415952537903757,F012A,2009.0,117,AME002,F012A,24.7,0.15029663810151617,3034,2009,122.83400809716599,5.815721875697856,76542,445.1469838096653,4.277870587332166,45912,196.4055944055944,1.5378512883656903,30630,248.7413894040709,6.550890494242186,69905,457.94,5.952192355218793,45466,270.62237762237766,0.5986981390233925,24439,187.31762237762234,8.085467066925657,56630,457.88,7.823367119518773,45578,356.5734265734266,0.2620999474068846,11052,101.30657342657338,8.890856573020185,58162,517.11,10.555943011660151,43527,459.4685314685314,-1.6650864386399657,14635,57.641468531468604,9.035028452171824,66603,601.76,12.554928135959923,40299,505.9510489510489,-3.5198996837880987,26304,95.80895104895109,10.031348565274254,51996,521.59,13.756765672193207,37459,515.3146853146853,-3.725417106918954,14537,6.275314685314697,8.365157301327514,54990,460,14.585962841548884,35714,520.9230769230769,-6.22080554022137,19276,-60.923076923076906,12.473746948969746,35234,439.5,15.478208271555976,34093.5,527.7062937062936,-3.0044613225862307,1140.5,-88.20629370629365,9.774001770881647,47434,463.62,16.330903505890802,32479.5,530.4195804195804,-6.556901735009156,14954.5,-66.79958041958037,9.872096656598272,48005,473.91,17.933818417310377,29576.5,530.4195804195804,-8.061721760712105,18428.5,-56.509580419580345,10.184691453778662,41258,420.2,19.49614056724519,25357,494.3636363636363,-9.31144911346653,15901,-74.16363636363633,10.611703593189839,42625.5780730897,452.33,20.049318274847753,23584.5,472.8531468531468,-9.437614681657914,19041.078073089702,-20.52314685314684
C020A,2011,117,AME,AME,AME03,AME003,C 20,C020A,2011,Topaz,29,,29,0,0,0,1.5,0,30.5,0,0,0,2993,0,317,0,30,0,0,0,0,3340,115.17241379310344,0,0,0,0,0,0,0,0,0,0,0,0,,0,0,0,2993,347,0,3340,115.17241379310344,77,17,94,0.0281437125748503,C020A,2011.0,141,AME003,C020A,29,0.12305889246996778,3413,2011,117.6896551724138,1.8871577023332304,11438,21.58530979928749,2.4975024975024973,41902,104.65034965034964,-0.6103447951692669,-30464,-83.06503985106215,2.0124143933667744,43659,87.86,3.4965034965034962,53874,188.37062937062936,-1.4840891031367218,-10215,-100.51062937062936,3.3978880766106623,46782,158.96,4.2117611777054496,52326,220.38461538461536,-0.8138731010947873,-5544,-61.42461538461535,5.112606826628303,58389,298.52,5.839684068590289,53594,312.97202797202794,-0.727077241961986,4795,-14.452027972027963,5.388558956398152,59103,318.48,7.937722864191992,50387,399.9580419580419,-2.5491639077938393,8716,-81.4780419580419,5.84673058899863,55484,324.4,10.824487210394519,47514,514.3146853146852,-4.977756621395889,7970,-189.91468531468524,6.597480437316166,54057,356.64,12.804724271741307,44144,565.2517482517483,-6.207243834425141,9913,-208.61174825174828,7.554647451397621,41356,312.43,14.134662907744163,40834,577.1748251748252,-6.580015456346542,522,-264.74482517482517,7.280942391479749,43379,315.84,14.938191417077299,38990.5,582.4475524475524,-7.65724902559755,4388.5,-266.60755244755245,7.4456928838951315,40050,298.2,15.70776922756894,37147,583.4965034965035,-8.262076343673808,2903,-285.2965034965035,7.167020177299179,36774,263.56,16.465965933001065,35462,583.9160839160838,-9.298945755701887,1312,-320.35608391608383,7.7915579057250195,41008.48686053217,319.52,18.088817828598806,32280.5,583.9160839160838,-10.297259922873787,8727.986860532168,-264.39608391608385
C021A,2010,118,AME,AME,AME03,AME003,C 21,C021A,2010,PPKS,28.9,,28.9,0,0,0,1.4,0,30.299999999999997,0,0,2625,0,0,748,0,50,0,0,0,0,3423,118.44290657439447,0,0,0,0,0,0,0,0,0,0,0,0,,0,0,0,2625,798,0,3423,118.44290657439447,69,13,82,0.023955594507741748,C021A,2010.0,119,AME003,C021A,28.9,0.24914187643020597,3496,2010,120.96885813148789,2.954059105174849,13613,40.213606598745216,3.4965034965034976,47250,165.20979020979024,-0.5424443913286487,-33637,-124.99618361104503,3.4124683329415757,38289,130.66,4.370629370629371,42000,183.56643356643357,-0.9581610376877951,-3711,-52.90643356643358,4.531001905366783,50384,228.29,5.396151340655075,52472,283.1468531468531,-0.8651494352882922,-2088,-54.856853146853126,5.693051315598197,55032,313.3,7.144277966965756,52839,377.4965034965036,-1.4512266513675591,2193,-64.19650349650357,5.687840105782434,58989,335.52,9.637353621327073,49418,476.2587412587412,-3.9495135155446386,9571,-140.73874125874124,6.07302912232609,64933,394.34,11.39092431412564,46993,535.2937062937062,-5.31789519179955,17940,-140.95370629370626,6.574952287317101,69164,454.75,12.788750771287534,43520,556.5664335664335,-6.213798483970432,25644,-101.81643356643349,9.642921673141204,44276,426.95,14.088903173431447,41459.5,584.1188811188811,-4.445981500290243,2816.5,-157.16888111888107,7.285765571710645,55710,405.89,15.145976288572035,39349,595.979020979021,-7.86021071686139,16361,-190.08902097902103,6.969987995198078,74970,522.54,16.051325180318024,37238.5,597.7272727272727,-9.081337185119946,37731.5,-75.18727272727278,7.098653175634101,73135,519.16,17.503226821877284,34189.5,598.4265734265734,-10.404573646243183,38945.5,-79.26657342657347,7.525962048104399,73061.75562478366,549.86,18.83174489450472,29828,561.7132867132867,-11.30578284640032,43233.75562478366,-11.853286713286707
E016A,2009,144,AME,AME,AME03,AME003,E 16,E016A,2009,Slp. Jaya,25.3,,25.3,0,0,0,1.37046,0,26.670460000000002,0,740,0,102,1680,0,0,0,0,0,0,0,2522,99.68379446640316,0,0,0,0,0,0,0,0,0,0,0,0,,0,0,0,740,1782,0,2522,99.68379446640316,205,35,240,0.09516256938937351,E016A,2009.0,118,AME003,E016A,25.3,0.7213855421686747,2656,2009,104.98023715415019,5.008122597915736,36937,184.98502439921353,4.169029643856295,13268,55.31468531468532,0.8390929540594412,23669,129.67033908452822,5.855105327155017,60858,356.33,3.6995481129258945,37196,137.60839160839157,2.1555572142291224,23662,218.7216083916084,5.729622266401591,52815,302.61,4.794144699199154,42972,206.01398601398603,0.9354775672024367,9843,96.59601398601399,8.147378869200795,54404,443.25,6.341055528131058,38872,246.48951048951048,1.8063233410697368,15532,196.76048951048952,6.507824430614624,60899,396.32,8.064299623594916,38030,306.68531468531467,-1.556475192980292,22869,89.63468531468533,7.1628865288619386,59698,427.61,10.060965282323847,35508,357.2447552447552,-2.898078753461909,24190,70.36524475524482,7.217037309716117,46181,333.29,12.513868192007058,33356,417.4125874125874,-5.296830882290941,12825,-84.1225874125874,10.2605836858983,37109,380.76,14.129890107328897,31204,440.90909090909093,-3.869306421430597,5905,-60.149090909090944,8.183082731668543,60388,494.16,15.149953300659414,29103,440.90909090909093,-6.9668705689908705,31285,53.25090909090909,8.322543942247332,50976,424.25,16.049399057552815,27472,440.90909090909093,-7.726855115305483,23504,-16.659090909090935,7.942891998017613,52462,416.7,16.90390799573792,25471,430.5594405594406,-8.961015997720308,26991,-13.8594405594406,8.028556211070441,55353.663637206715,444.41,17.60770790945881,24159,425.38461538461536,-9.579151698388369,31194.663637206715,19.025384615384667
C022A,2011,119,AME,AME,AME03,AME003,C 22,C022A,2011,Topaz,29.9,,29.9,0,0,0,1.6,0,31.5,0,0,0,2826,0,815,25,0,0,0,0,0,3666,122.60869565217392,0,0,0,0,0,0,0,0,0,0,0,0,,0,0,0,2826,840,0,3666,122.60869565217392,131,26,157,0.04282596835788325,C022A,2011.0,142,AME003,C022A,29.9,0.2380695605284443,3709,2011,124.04682274247492,1.9406520212279768,7049,13.679656097636009,2.4975024975024973,39564,98.81118881118881,-0.5568504762745206,-32515,-85.1315327135528,1.9612350687401396,44370,87.02,3.4965034965034967,50868,177.86013986013987,-1.535268427763357,-6498,-90.84013986013987,3.508411831543452,54566,191.44,3.993198903664061,56626,226.11888111888112,-0.4847870721206089,-2060,-34.67888111888112,4.911924977822836,55237,271.32,5.459179906354354,60236,328.83916083916085,-0.547254928531518,-4999,-57.51916083916086,5.587221069991754,80038,447.19,7.4138638741358855,55880,414.2867132867133,-1.8266428041441314,24158,32.90328671328672,6.491174518911746,75350,489.11,10.113763679532303,53004,536.0699300699301,-3.6225891606205574,22346,-46.959930069930124,6.711156070236891,66233,444.5,12.136436381316148,49363,599.090909090909,-5.425280311079257,16870,-154.590909090909,9.250386571947201,44623,412.78,13.748970682686243,45697,628.2867132867133,-4.498584110739042,-1074,-215.5067132867133,7.6022378236068455,45580,346.51,14.744485787667815,43444,640.5594405594405,-7.142247964060969,2136,-294.04944055944054,7.5009962260612735,42661,320,15.559444803697186,41191,640.9090909090909,-8.058448577635913,1470,-320.9090909090909,7.331069211851505,42695,313,16.289260294292635,39345.5,640.9090909090909,-8.95819108244113,3349.5,-327.9090909090909,7.823318473015167,42529.266978922715,332.72,17.753960329342256,36099.5,640.9090909090909,-9.930641856327089,6429.766978922715,-308.18909090909085
C023A,2013,120,AME,AME,AME03,AME003,C 23,C023A,2013,Topaz,28.8,,28.8,0,0,0,1.6,0,30.400000000000002,0,0,0,0,0,3156,0,177,0,0,0,0,3333,115.72916666666666,0,0,0,0,0,0,0,0,0,0,0,0,,0,0,0,3156,177,0,3333,115.72916666666666,109,21,130,0.039003900390039,C023A,2013.0,143,AME003,C023A,28.8,0.079077910709075,3427,2013,118.99305555555556,,0,0,,0,0,,0,0,2.0386468865161107,21166,43.15,,0,0,,21166,43.15,3.478018091799129,26863,93.43,2.497502497502498,44184,110.34965034965037,0.9805155942966306,-17321,-16.919650349650368,4.911873978302868,33645,165.26,3.4965034965034967,56808,198.62937062937064,1.4153704817993713,-23163,-33.36937062937065,5.636278377853955,61844,348.57,4.283008870164835,52974,226.88811188811195,1.3532695076891201,8870,121.68188811188804,6.372957746478873,62125,395.92,5.963244311293938,53682,320.1188811188812,0.4097134351849352,8443,75.80111888111884,6.353270156905391,64370,408.96,8.164640908003742,50172,409.6363636363637,-1.8113707510983508,14198,-0.6763636363637033,8.094755772371169,48377,391.6,11.165072803663922,47016,524.9370629370629,-3.0703170312927526,1361,-133.3370629370629,7.647565203229334,42981,328.7,13.140763501315666,43683,574.0279720279722,-5.493198298086332,-702,-245.32797202797218,7.330126823513397,44077,323.09,14.379598097070218,40350,580.2167832167834,-7.049471273556821,3727,-257.1267832167834,6.950250452387821,38131,265.02,15.097611288827773,38595,582.6923076923078,-8.147360836439951,-464,-317.67230769230787,7.822201311069532,34335.603153030715,268.58,15.8168378852418,36840,582.6923076923078,-7.994636574172268,-2504.3968469692845,-314.11230769230787
D013A,2010,123,AME,AME,AME03,AME003,D 13,D013A,2010,PPKS,24.6,,24.6,0,0,0,1.3525,0,25.9525,0,0,850,973,1126,48,0,27,0,0,0,0,3024,122.92682926829268,0,0,0,0,0,0,0,0,0,0,0,0,,0,0,0,850,2174,0,3024,122.92682926829268,129,6,135,0.044642857142857144,D013A,2010.0,120,AME003,D013A,24.6,0.7234873129472998,3074,2010,124.95934959349593,3.3818861481332303,34448,116.49921403089353,3.0259830757721633,28922,87.5174825174825,0.355903072361067,5526,28.98173151341102,3.581977267151852,61145,219.02,3.414159116194186,46878,160.04895104895104,0.16781815095766595,14267,58.97104895104897,4.918942531711106,61808,304.03,4.466436413430905,50108,223.8041958041958,0.4525061182802004,11700,80.22580419580416,6.800473834043448,52339,355.93,6.017500445230433,47198,284.01398601398597,0.7829733888130148,5141,71.91601398601404,6.84493204519404,61070,418.02,8.185541597723738,45657,373.7272727272727,-1.3406095525296982,15413,44.29272727272729,6.918105031215571,54460,376.76,10.585546740255259,42816,453.23076923076917,-3.6674417090396876,11644,-76.47076923076918,7.053179251202677,38248,269.77,12.7685466802781,39765,507.74125874125866,-5.715367429075422,-1517,-237.97125874125868,8.72203493717438,35893,313.06,14.140377945395016,37193,525.9230769230769,-5.418343008220637,-1300,-212.8630769230769,7.398422511191644,46910,347.06,15.032557983770195,35080.5,527.3496503496503,-7.634135472578551,11829.5,-180.28965034965034,7.498389866895663,55896,419.13,15.755381774886114,33531,528.2937062937064,-8.25699190799045,22365,-109.16370629370635,7.700572747857746,45046,346.88,16.740435669838305,31580.5,528.6713286713286,-9.03986292198056,13465.5,-181.79132867132864,7.810786664736618,47882.50096350716,374,17.994784434535813,28718.5,516.7832167832167,-10.183997769799195,19164.000963507162,-142.78321678321674
C024A,2021,121,AME,AME,AME03,AME003,C 24,C024A,2021,SRIWIJAYA,7.2,,7.2,0,0,0,0.8,24.599999999999998,32.599999999999994,0,0,0,0,0,0,0,0,0,0,0,0,0,0,0,0,866,0,0,0,0,75,0,0,0,0,,0,52,0,866,127,0,993,137.91666666666666,0,0,0,0,C024A,2021.0,151,AME003,C024A,7.2,0.1689059500959693,1042,2021,144.72222222222223,,0,0,,0,0,,0,0,,0,0,,0,0,,0,0,,0,0,,0,0,,0,0,,0,0,,0,0,,0,0,,0,0,,0,0,,0,0,,0,0,,0,0,,0,0,,0,0,,0,0,,0,0,,0,0,,0,0,,0,0,,0,0,,0,0,,0,0,,0,0,,0,0,,0,0,3.5189533713518952,2981,10.49,2.4975024975024978,12124,30.27972027972028,1.0214508738493975,-9143,-19.789720279720278,4.3435526699406255,3580.0187499999997,15.55,3.4965034965034967,15588,54.50349650349651,0.8470491734371288,-12007.98125,-38.95349650349651
D014A,2010,124,AME,AME,AME03,AME003,D 14,D014A,2010,PPKS,24.1,,24.1,0,0,0,1.34938,0,25.44938,0,0,912,789,957,0,0,181,0,0,0,0,2839,117.80082987551866,0,0,0,0,0,0,0,0,0,0,0,0,,0,0,0,912,1927,0,2839,117.80082987551866,120,29,149,0.05248326875660444,D014A,2010.0,121,AME003,D014A,24.1,0.6874571624400274,2918,2010,121.07883817427386,3.384113969623937,29627,100.26114457804837,3.094676789236545,27462,84.986013986014,0.28943718038739163,2165,15.275130592034373,3.6462390163828897,62138,226.57,3.481586672712953,42192,146.8951048951049,0.16465234366993675,19946,79.67489510489509,4.860207278862377,58086,282.31,4.605830243740329,44442,204.6923076923077,0.25437703512204735,13644,77.6176923076923,6.9697295206995085,46547,324.42,6.222727676014873,41616,258.965034965035,0.7470018446846352,4931,65.45496503496503,6.700284458236359,58005,388.65,8.15145183681545,42449,346.02097902097904,-1.4511673785790915,15556,42.629020979020936,6.805178652193578,53064,361.11,10.321999363095255,40515,418.1958041958042,-3.516820710901677,12549,-57.0858041958042,7.311650327682392,36926,269.99,12.37386430078789,37495,463.958041958042,-5.062213973105498,-569,-193.96804195804197,8.7852803612709,37202,326.83,13.668591346884494,35293,482.40559440559446,-4.883310985613594,1909,-155.57559440559447,7.791229181752353,44192,344.31,14.63671670400491,33304.5,487.4685314685315,-6.845487522252556,10887.5,-143.15853146853152,7.837250497635092,54759,429.16,15.53090008640497,31794.5,493.79720279720283,-7.693649588769877,22964.5,-64.6372027972028,7.768996552187346,44666,347.01,16.639411010566114,29828.5,496.32867132867136,-8.870414458378768,14837.5,-149.31867132867137,8.004573279767204,46211.082973652,369.9,17.902170389953604,27012,483.5734265734267,-9.8975971101864,19199.082973652003,-113.6734265734267
C024B,2025,122,AME,AME,AME03,AME003,C 24,C024B,2025,Dami Mas,0,0.8,0.8,0,0,0,0,0,0.8,0,0,0,0,0,0,0,0,0,0,0,0,0,0,0,0,0,0,0,0,0,0,0,0,0,0,,138,0,0,138,0,0,138,172.5,0,0,0,0,,,,,,,,,,,,,,,,,,,,,,,,,,,,,,,,,,,,,,,,,,,,,,,,,,,,,,,,,,,,,,,,,,,,,,,,,,,,,,,,,,,,,,,,,,,,,,,,,,,,,,,,,,,,,,,,,,,,,,
D015A,2010,125,AME,AME,AME03,AME003,D 15,D015A,2010,PPKS,23.7,,23.7,0,0,0,1.35178,0,25.05178,0,0,1029,1030,535,121,0,39,0,0,0,0,2754,116.20253164556962,0,0,0,0,0,0,0,0,0,0,0,0,,0,0,0,1029,1725,0,2754,116.20253164556962,110,24,134,0.048656499636891795,D015A,2010.0,122,AME003,D015A,23.7,0.6345880681818181,2816,2010,118.81856540084388,3.48113859845081,32226,112.18317247367581,3.059201741734678,32942,100.77622377622376,0.4219368567161319,-716,11.406948697452052,3.6620567521425764,60638,222.05979733642155,3.659093295277228,42494,155.4895104895105,0.0029634568653484905,18144,66.57028684691105,5.099128992119453,60275,307.35,4.758998117631894,44268,210.67132867132867,0.3401308744875591,16007,96.67867132867136,6.739948773672772,51536,347.35,6.4565589382132185,42653,275.39160839160843,0.28338983545955365,8883,71.9583916083916,6.640324498216659,57196,379.8,8.737753517449349,40898,357.3566433566434,-2.09742901923269,16298,22.443356643356594,6.748680276126841,54178,365.63,11.107717035954165,38460,427.20279720279717,-4.359036759827324,15718,-61.572797202797176,7.388290932811481,36792,271.83,13.008439957720805,35667,463.97202797202794,-5.620149024909324,1125,-192.14202797202796,9.080294845824893,35544,322.75,14.246372455327677,33466.5,476.77622377622373,-5.166077609502784,2077.5,-154.02622377622373,7.29310188542422,44128,321.83,15.10804109884193,31742,479.55944055944053,-7.81493921341771,12386,-157.72944055944055,7.528287995039913,51612,388.55,15.879910084962088,30285,480.92307692307685,-8.351622089922174,21327,-92.37307692307684,7.567511152259911,47524,359.63840000000005,16.968651986626185,28374,481.4685314685314,-9.401140834366274,19150,-121.83013146853136,7.849665412904986,47645.34286838998,374,18.3646341666276,25433.5,467.076923076923,-10.514968753722613,22211.842868389977,-93.07692307692298
D016A,2010,126,AME,AME,AME03,AME003,D 16,D016A,2010,PPKS,26.9,,26.9,0,0,0,1.38641,0,28.28641,0,0,523,930,1296,0,0,288,0,0,0,0,3037,112.8996282527881,0,0,0,0,0,0,0,0,0,0,0,0,,0,0,0,523,2514,0,3037,112.8996282527881,152,24,176,0.057951926243002966,D016A,2010.0,123,AME003,D016A,26.9,0.8348073278584964,3166,2010,117.69516728624536,3.4699928012632766,30387,105.44267125198718,2.916714203154428,22434,65.43356643356644,0.5532785981088484,7953,40.00910481842074,3.5718014786372287,59379,212.09,3.246545371765015,43252,140.41958041958043,0.32525610687221373,16127,71.67041958041958,4.664167660589539,58690,273.74,4.246912482913857,46576,197.8041958041958,0.4172551776756812,12114,75.9358041958042,6.437979653756916,56030,360.72,5.695002174604577,43461,247.51048951048952,0.7429774791523389,12569,113.2095104895105,6.608314413215377,63865,422.04,7.344328130600937,46040,338.13286713286715,-0.7360137173855605,17825,83.90713286713287,6.683776411150388,61953,414.08,9.501445160604083,44443,422.2727272727273,-2.817668749453695,17510,-8.192727272727325,7.144936875014916,41901,299.38,11.737156272396314,41118,482.6083916083916,-4.592219397381398,783,-183.22839160839163,9.37253872407456,41899,392.7,13.170686628187827,38630.5,508.7902097902098,-3.798147904113266,3268.5,-116.09020979020983,7.483015470246378,48868,365.68,14.230345645543883,36320,516.8461538461538,-6.747330175297505,12548,-151.1661538461538,7.907711652686091,60441,477.95,15.203522582877701,34657.5,526.916083916084,-7.29581093019161,25783.5,-48.96608391608396,7.378623718887262,48493,357.8116,16.220204253870072,32733.5,530.944055944056,-8.84158053498281,15759.5,-173.132455944056,8.167133629474323,46908.746370623405,383.11,17.406155324581015,30083,523.6293706293707,-9.239021695106691,16825.746370623405,-140.51937062937066
D017A,2010,127,AME,AME,AME03,AME003,D 17,D017A,2010,PPKS,22.5,,22.5,0,0,0,1.42549,0,23.92549,0,0,1692,513,286,75,123,0,0,0,0,0,2689,119.5111111111111,0,0,0,0,0,0,0,0,0,0,0,0,,0,0,0,1692,997,0,2689,119.5111111111111,96,18,114,0.04239494235775381,D017A,2010.0,124,AME003,D017A,22.5,0.38383102694828847,2746,2010,122.04444444444445,3.0878166923545862,22461,69.35545072697636,3.305876333136017,37638,124.42657342657341,-0.2180596407814308,-15177,-55.071122699597055,3.6240791692553476,45068,163.33,3.98433122322976,40310,160.60839160839163,-0.3602520539744125,4758,2.7216083916083846,5.129896406604079,49424,253.54,5.355775426656377,41478,222.1468531468532,-0.22587902005229843,7946,31.39314685314679,6.5338317424292995,44943,293.65,7.0866179121102,41236,292.2237762237762,-0.5527861696809007,3707,1.4262237762237646,6.143646613752689,53924,331.29,9.592850448258977,39373,377.6993006993007,-3.449203834506288,14551,-46.40930069930067,6.5785740342912735,49342,324.6,11.744151688468753,36636,430.2587412587412,-5.165577654177479,12706,-105.6587412587412,6.8113776379604145,38145,259.82,13.295333958674139,34070,452.9720279720279,-6.483956320713724,4075,-193.1520279720279,8.544206884818239,35266,301.32,14.367920223258913,32227,463.034965034965,-5.823713338440674,3039,-161.71496503496502,7.9114553914844405,37179,294.14,15.286454704871506,30640.5,468.38461538461536,-7.3749993133870655,6538.5,-174.24461538461537,7.738074436484362,45784,354.28,16.101136935469228,29197,470.10489510489504,-8.363062498984867,16587,-115.82489510489506,7.655700437505361,46628,356.97,17.446832254774357,26945,470.10489510489504,-9.791131817268996,19683,-113.13489510489501,7.932823843845263,42281.28679048258,335.41,18.875383030634172,23652,446.4405594405594,-10.942559186788909,18629.286790482583,-111.03055944055939
D018A,2010,128,AME,AME,AME03,AME003,D 18,D018A,2010,PPKS,25.8,,25.8,0,0,0,1.48254,0,27.28254,0,0,2411,0,185,299,138,0,0,0,0,0,3033,117.55813953488372,0,0,0,0,0,0,0,0,0,0,0,0,,0,0,0,2411,622,0,3033,117.55813953488372,162,26,188,0.06198483349818661,D018A,2010.0,125,AME003,D018A,25.8,0.22425997425997427,3108,2010,120.46511627906976,3.2063398160195504,19788,63.44705227939486,3.4965034965034962,43398,151.74125874125872,-0.2901636804839458,-23610,-88.29420646186387,3.5744606106736145,34159,122.1,4.252779722827821,41166,175.06993006993008,-0.6783191121542065,-7007,-52.969930069930086,4.761235495996078,30595,145.67,5.600535019957045,46092,258.1398601398601,-0.8392995239609666,-15497,-112.46986013986012,6.309284818067754,31880,201.14,7.322787679815177,46439,340.062937062937,-1.0135028617474235,-14559,-138.92293706293702,5.995359628770301,49565,297.16,9.901539504558919,43982,435.4895104895104,-3.9061798757886175,5583,-138.32951048951037,6.614114622098924,44337,293.25,11.766316874563042,41110,483.71328671328666,-5.152202252464118,3227,-190.46328671328666,6.514629462268414,35408,230.67,13.146816548622121,38215,502.40559440559434,-6.632187086353707,-2807,-271.7355944055944,7.865422207538339,36321,285.68,14.271595803715348,36387.5,519.3076923076923,-6.406173596177009,-66.5,-233.62769230769226,7.394185231592584,47087,348.17,15.286883255633253,34560,528.3146853146852,-7.892698024040669,12527,-180.1446853146852,7.748280981403345,51192,396.65,16.153686374554614,32825,530.2447552447552,-8.40540539315127,18367,-133.59475524475522,7.644806359362125,41262,315.44,17.654816382924526,30034,530.2447552447552,-10.010010023562401,11228,-214.8047552447552,8.017070416939081,38899.496172701474,311.86,19.01918968549884,26106.5,496.52447552447546,-11.00211926855976,12792.996172701474,-184.66447552447545
D019A,2010,129,AME,AME,AME03,AME003,D 19,D019A,2010,PPKS,25.6,,25.6,0,0,0,1.47729,0,27.07729,0,0,2411,0,0,343,71,0,0,0,0,0,2825,110.3515625,0,0,0,0,0,0,0,240,0,0,0,12,,0,0,0,2411,654,12,3077,120.1953125,206,32,238,0.07734806629834254,D019A,2010.0,126,AME003,D019A,25.6,0.21644458888527784,3077,2010,120.1953125,3.25771177393247,19944,64.97180361930918,3.4965034965034976,43398,151.74125874125878,-0.23879172257102743,-23454,-86.76945512194959,3.327064568280049,30309,100.84,4.370629370629372,38576,168.6013986013986,-1.043564802349323,-8267,-67.76139860139861,5.168888407210722,27681,143.08,5.717989880468557,43378,248.03496503496504,-0.549101473257835,-15697,-104.95496503496503,7.691645927428027,32547,250.34,7.5589607816778805,43333,327.55244755244763,0.13268514575014656,-10786,-77.21244755244763,6.077649978523362,41906,254.69,10.272402819293243,40520,416.23776223776224,-4.194752840769881,1386,-161.54776223776224,6.816124213480603,44182,301.15,12.11707406560832,37967,460.0489510489511,-5.300949852127716,6215,-158.89895104895112,7.051019499599323,33693,237.57,13.393615160008254,35213,471.62937062937067,-6.342595660408931,-1520,-234.05937062937068,8.33214370687604,33624,280.16,14.45542713942851,33593.5,485.6083916083916,-6.123283432552469,30.5,-205.4483916083916,7.603330658105939,39872,303.16,15.415278410211796,31974,492.88811188811195,-7.811947752105857,7898,-189.72811188811193,7.465354064559743,47336,353.38,16.270441578056595,30354.5,493.88111888111894,-8.80508751349685,16981.5,-140.50111888111894,7.699759179587088,36957,284.56,17.828999634710623,27701,493.88111888111894,-10.129240455123536,9256,-209.32111888111893,7.902326176960393,33614.15285216356,265.63,19.271734442920707,23877.5,460.1608391608392,-11.369408265960313,9736.652852163563,-194.5308391608392
D020A,2010,130,AME,AME,AME03,AME003,D 20,D020A,2010,PPKS,25.1,,25.1,0,0,0,1.46244,0,26.562440000000002,0,0,2160,0,0,345,101,0,0,0,0,0,2606,103.82470119521912,0,0,0,0,0,0,0,521,0,0,0,0,,0,0,0,2160,967,0,3127,124.5816733067729,234,33,267,0.08538535337384075,D020A,2010.0,127,AME003,D020A,25.1,0.30924208506555806,3127,2010,124.5816733067729,3.100020598164703,16645,51.599842856451474,3.4965034965034962,38880,135.94405594405592,-0.39648289833879335,-22235,-84.34421308760444,3.2525354014254764,31849,103.59,4.370629370629371,34560,151.04895104895104,-1.1180939692038945,-2711,-47.458951048951036,4.1710886538006555,29587,123.41,5.674827837813368,39390,223.53146853146853,-1.5037391840127121,-9803,-100.12146853146854,7.160615339749198,27432,196.43,7.423867357906934,40024,297.1328671328671,-0.26325201815773625,-12592,-100.70286713286708,6.146859991350466,43933,270.05,10.056285722899165,37578,377.89510489510485,-3.9094257315486995,6355,-107.84510489510484,6.729909260626059,46066,310.02,11.882710655995526,35216,418.46153846153845,-5.152801395369467,10850,-108.44153846153847,6.978359530661944,36136,252.17,13.174071808781845,32711,430.93706293706293,-6.195712278119901,3425,-178.76706293706295,8.880752564313532,36462,323.81,14.296141568868842,31185,445.8251748251748,-5.41538900455531,5277,-122.01517482517482,7.6487259105919465,40578,310.37,15.313456899484747,29659,454.18181818181813,-7.6647309888928,10919,-143.81181818181813,7.467218771566598,46368,346.24,16.194305818590465,28133,455.59440559440554,-8.727087047023867,18235,-109.35440559440553,7.479082739386427,38724,289.62,17.72775367592387,25699.5,455.59440559440554,-10.248670936537444,13024.5,-165.97440559440554,7.948052426339896,34837.46522385594,276.89,19.13001665660582,22236.5,425.3846153846153,-11.181964230265926,12600.965223855943,-148.49461538461532
D021A,2010,131,AME,AME,AME03,AME003,D 21,D021A,2010,PPKS,30.4,,30.4,0,0,0,1.53102,0,31.93102,0,0,2678,0,688,0,148,29,0,0,0,0,3543,116.54605263157896,0,0,0,0,0,0,0,0,0,0,0,0,,0,0,0,2678,865,0,3543,116.54605263157896,236,36,272,0.07677109793959921,D021A,2010.0,128,AME003,D021A,30.4,0.25734886300610094,3606,2010,118.61842105263159,2.978523701943378,22535,67.12103162329403,3.4965034965034976,48204,168.5454545454546,-0.5179797945601194,-25669,-101.42442292216056,3.1466416598288593,42655,134.22,4.026842060378646,52480,211.32867132867136,-0.880200400549787,-9825,-77.10867132867136,4.24424535414911,45094,191.39,5.530897260329474,55232,305.4825174825175,-1.2866519061803636,-10138,-114.09251748251751,6.662455549316864,42744,284.78,7.331035162021079,53250,390.37762237762246,-0.6685796127042156,-10506,-105.59762237762249,5.971324369590057,63887,381.49,9.858688916280542,51570,508.4125874125875,-3.8873645466904847,12317,-126.92258741258752,6.724600398425123,63751,428.7,11.805723012619566,48024,566.958041958042,-5.081122614194443,15727,-138.25804195804204,6.890433360588716,48920,337.08,13.34880366270501,44600,595.3566433566434,-6.458370302116293,4320,-258.27664335664343,8.836105014350835,47384,418.69,14.376666350738244,42425,609.93006993007,-5.540561336387409,4959,-191.24006993006998,7.721076099246901,46873,361.91,15.313296136746573,40221,615.916083916084,-7.592220037499671,6652,-254.00608391608392,7.251272408986287,61694,447.36,16.13617997445322,38361,619,-8.884907565466934,23333,-171.64,7.313475328742505,56199,411.01,17.61576686211235,35162,619.4055944055943,-10.302291533369843,21037,-208.39559440559435,8.064548440690313,47938.207928590185,386.6,18.957295229365073,30698,581.951048951049,-10.89274678867476,17240.207928590185,-195.35104895104894
D022A,2010,132,AME,AME,AME03,AME003,D 22,D022A,2010,PPKS,32.1,,32.1,0,0,0,1.55809,0,33.65809,0,0,1945,1512,170,304,154,0,0,0,0,0,4085,127.25856697819314,0,0,0,0,0,0,0,0,0,0,0,0,,0,0,0,1945,2140,0,4085,127.25856697819314,150,19,169,0.041370869033047736,D022A,2010.0,129,AME003,D022A,32.1,0.5317766008666346,4154,2010,129.40809968847353,2.852013541065246,21887,62.42202037329504,3.1200776154316694,56178,175.27972027972032,-0.26806407436642354,-34291,-112.85769990642528,3.02503514438704,48631,147.11048410668613,3.9053771842493106,60716,237.11888111888115,-0.8803420398622706,-12085,-90.00839701219502,3.57041852219244,47381,169.17,5.069338274933217,62628,317.4825174825175,-1.4989197527407767,-15247,-148.3125174825175,5.552040076461671,45513,252.69,6.737169289158618,63715,429.2587412587413,-1.185129212696947,-18202,-176.56874125874128,5.751426848592784,71311,410.14,9.138622967315765,60266,550.7482517482518,-3.387196118722981,11045,-140.60825174825186,6.711389692174449,68123,457.2,11.45290951969335,56331,645.1538461538461,-4.741519827518901,11792,-187.9538461538461,6.658918500099104,55497,369.55,13.073586718624888,52400,685.0559440559441,-6.414668218525784,3097,-315.5059440559441,8.408283345432316,52346,440.14,14.250481955275257,49287.5,702.3706293706292,-5.84219860984294,3058.5,-262.23062937062923,7.885464260822427,51652,407.3,15.171357802028357,46931,712.0069930069928,-7.2858935412059305,4721,-304.70699300699283,7.369751668456321,73571,542.2,15.991241262460148,44659.5,714.160839160839,-8.621489594003826,28911.5,-171.960839160839,7.081014027163714,62878,445.24,17.18075032563515,41567.5,714.160839160839,-10.099736298471434,21310.5,-268.920839160839,7.8213761050874595,53325.65451349512,417.08,18.655171680372632,36824,686.9580419580418,-10.833795575285173,16501.654513495123,-269.8780419580418
D023A,2010,133,AME,AME,AME03,AME003,D 23,D023A,2010,PPKS,29.9,,29.9,0,0,0,1.42479,0,31.32479,0,0,1579,480,1351,17,355,13,0,0,0,0,3795,126.92307692307693,0,0,0,0,0,0,0,0,0,0,0,0,,0,0,0,1579,2216,0,3795,126.92307692307693,134,20,154,0.04057971014492753,D023A,2010.0,130,AME003,D023A,29.9,0.5839262187088273,3795,2010,126.92307692307693,3.3693543853731898,15048,50.70204479109576,3.3054703534471335,35142,116.16083916083917,0.0638840319260563,-20094,-65.45879436974342,2.9911105272376948,45672,136.61,3.556877065908078,52818,187.86713286713288,-0.5657665386703834,-7146,-51.25713286713287,3.9529319474406748,50990,201.56,4.761325630890849,57500,273.77622377622384,-0.8083936834501744,-6510,-72.21622377622384,5.30794082639007,58810,312.16,6.071481430665735,58257,353.70629370629376,-0.7635406042756658,553,-41.54629370629374,5.627502657367096,68677,386.48,8.14729016439365,57766,470.6363636363636,-2.519787507026555,10911,-84.15636363636361,6.314146601747482,74965,473.34,10.253927234075473,53698,550.6153846153848,-3.9397806323279907,21267,-77.27538461538478,6.601369841834289,64679,426.97,12.241276486475016,50245,615.0629370629372,-5.639906644640726,14434,-188.09293706293715,8.715434937970716,54571,475.61,13.646815593802524,47252.5,644.8461538461538,-4.931380655831807,7318.5,-169.2361538461538,7.548350165596761,48914,369.22,14.787693929915251,44487,657.8601398601398,-7.23934376431849,4427,-288.6401398601398,7.5642962962962965,67500,510.59,15.644496551164478,42397,663.2797202797203,-8.080200254868181,25103,-152.68972027972035,7.007609633639287,63735,446.63,16.78544599659815,39526,663.4615384615385,-9.777836362958862,24209,-216.83153846153846,7.701063252059354,60069.627382465056,462.6,17.914074864609738,35803,641.3776223776224,-10.213011612550384,24266.627382465056,-178.77762237762238
E013A,2010,141,AME,AME,AME03,AME003,E 13,E013A,2010,PPKS,23.6,,23.6,0,0,0,1.33284,0,24.932840000000002,0,0,467,0,1972,0,0,540,0,0,0,0,2979,126.22881355932202,0,0,0,0,0,0,0,0,0,0,0,0,,0,0,0,467,2512,0,2979,126.22881355932202,121,28,149,0.050016784155756965,E013A,2010.0,131,AME003,E013A,23.6,0.8460270359380152,3033,2010,128.51694915254237,2.9335068276270695,15240,44.706644053036534,3.4965034965034962,8406,29.391608391608386,-0.5629966688764267,6834,15.315035661428148,3.4681856578616928,43801,151.91,2.8964763856440023,35080,101.6083916083916,0.5717092722176904,8721,50.3016083916084,4.021259260662789,52777,212.23,3.952526713651271,42968,169.8321678321678,0.06873254701151765,9809,42.39783216783218,5.608770615998189,57419,322.05,5.1011571098714805,38557,196.68531468531467,0.5076135061267086,18862,125.36468531468535,5.797945550370942,59578,345.43,6.288191545584755,45650,287.05594405594405,-0.4902459952138125,13928,58.374055944055954,6.5939039462461055,57447,378.8,8.019509088473844,45371,363.85314685314677,-1.425605142227739,12076,14.946853146853243,6.788475517081874,45399,308.19,10.431530621724638,41852,436.5804195804196,-3.643055104642764,3547,-128.39041958041958,8.263748021666927,44861,370.72,12.08847525672466,39646.5,479.2657342657343,-3.8247272350577326,5214.5,-108.54573426573427,7.382999468179401,45128,333.18,13.397214963568182,36901,494.37062937062944,-6.014215495388781,8227,-161.19062937062944,7.192486157349111,57973,416.97,14.605288569120507,35141.5,513.2517482517483,-7.412802411771396,22831.5,-96.28174825174824,7.225571825055029,52245,377.5,15.711244726132279,33148.5,520.8041958041958,-8.48567290107725,19096.5,-143.30419580419584,7.796668422635894,46548.08699397071,362.92,16.6312892850633,30922,514.2727272727274,-8.834620862427407,15626.086993970712,-151.35272727272735
E014A,2010,142,AME,AME,AME03,AME003,E 14,E014A,2010,PPKS,25.2,,25.2,0,0,0,1.35539,0,26.55539,0,0,413,369,1947,0,0,107,0,0,0,0,2836,112.53968253968254,0,0,0,0,0,0,0,0,0,0,0,0,,0,0,0,413,2423,0,2836,112.53968253968254,114,23,137,0.04830747531734838,E014A,2010.0,132,AME003,E014A,25.2,0.8577823691460054,2904,2010,115.23809523809524,2.722017557822358,17696,48.16882270322446,3.086913086913087,12600,38.89510489510489,-0.36489552909072875,5096,9.273717808119564,3.5947509587036994,45113,162.17,2.9668662531306946,40508,120.18181818181817,0.6278847055730048,4605,41.988181818181815,4.132802574743796,59035,243.98,3.9693894565840395,47558,188.77622377622376,0.1634131181597569,11477,55.20377622377623,5.972082617295159,61682,368.37,5.185215006953232,43251,224.26573426573424,0.7868676103419272,18431,144.10426573426577,5.84206245123591,60239,351.92,6.9877583012434155,43967,307.2307692307692,-1.1456958500075052,16272,44.68923076923079,6.537751940682981,57454,375.62,9.20087448671906,41666,383.3636363636364,-2.663122546036079,15788,-7.743636363636369,6.858551560871824,47391,325.0336170212766,11.810801083326457,38723,457.34965034965035,-4.952249522454633,8668,-132.31603332837375,8.927629726339504,39063,348.74,13.468693155437814,36200.5,487.57342657342656,-4.54106342909831,2862.5,-138.83342657342655,7.502906100658716,46454,348.54,14.532933405413445,33755.5,490.56643356643355,-7.030027304754729,12698.5,-142.02643356643352,7.580411124546554,57890,438.83,15.311228234038293,32284,494.30769230769226,-7.730817109491738,25606,-55.47769230769228,7.320453185616954,51811,379.28,16.199575109592754,30606,495.8041958041958,-8.879121923975799,21205,-116.52419580419581,7.808103578574864,48237.065019665686,376.64,17.171670884394715,28537,490.027972027972,-9.363567305819851,19700.065019665686,-113.38797202797201
E015A,2010,143,AME,AME,AME03,AME003,E 15,E015A,2010,PPKS,23.9,,23.9,0,0,0,1.34635,0,25.24635,0,0,480,0,2084,0,0,369,0,0,0,0,2933,122.71966527196653,0,0,0,0,0,0,0,0,0,0,0,0,,0,0,0,480,2453,0,2933,122.71966527196653,126,19,145,0.04943743607228094,E015A,2010.0,133,AME003,E015A,23.9,0.8391959798994976,2985,2010,124.89539748953976,4.027386792464911,19126,77.02779979268391,3.496503496503497,8640,30.209790209790214,0.5308832959614143,10486,46.818009582893694,3.5570219123505975,48192,171.42,2.8878219674833523,36856,106.43356643356643,0.6691999448672452,11336,64.98643356643356,4.2876082577179355,58079,249.02,3.942154499775317,45192,178.15384615384613,0.34545375794261846,12887,70.86615384615388,5.82038201447384,59003,343.42,5.0846943112136485,40544,206.15384615384616,0.7356877032601918,18459,137.26615384615386,6.03103260240924,60517,364.98,6.503048134708539,45230,294.1328671328672,-0.4720155322992987,15287,70.84713286713281,6.441356702490268,53689,345.83,8.369841386016455,44142,369.4615384615384,-1.9284846835261877,9547,-23.631538461538412,7.182052893140506,40364,289.8963829787234,10.893954233817112,40840,444.9090909090909,-3.711901340676606,-476,-155.01270793036747,8.6468200270636,39167,338.67,12.576010550878138,38516,484.37762237762234,-3.9291905238145386,651,-145.70762237762233,7.7637225604961015,44507,345.54,13.809544167135659,35823,494.6993006993007,-6.045821606639557,8684,-149.15930069930067,7.451400329489291,48560,361.84,14.85430757934562,34172,507.60139860139856,-7.402907249856329,14388,-145.76139860139858,7.426868307760238,45295,336.4,15.884335608012075,32281,512.7622377622378,-8.457467300251835,13014,-176.36223776223778,7.911772112484676,45969.473694279695,363.7,16.78437648586902,30150,506.04895104895104,-8.872604373384345,15819.473694279695,-142.34895104895105
D024A,2013,134,AME,AME,AME03,AME003,D 24A,D024A,2013,PPKS,11.2,,11.2,0,0,0,0.04,0,11.239999999999998,0,0,0,0,0,1029,199,76,0,0,0,0,1304,116.42857142857143,0,254,0,3,0,0,0,0,0,0,0,0,,0,0,0,1029,532,0,1561,139.375,6,1,7,0.004484304932735426,D024A,2013.0,144,AME003,D024A,11.2,0.34080717488789236,1561,2013,139.375,,0,0,,0,0,,0,0,1.8471760797342194,1505,2.78,,0,0,,1505,2.78,3.0603996706833323,13361,40.89,2.497502497502497,14406,35.97902097902097,0.5628971731808354,-1045,4.910979020979028,3.981461167178587,18232,72.59,3.36588510044489,21308,71.72027972027972,0.6155760667336967,-3076,0.8697202797202834,4.83198491090485,20147,97.35,4.127894843195647,21110,87.13986013986012,0.7040900677092026,-963,10.210139860139876,6.37664466397909,22573,143.94,5.683315542470472,21016,119.44055944055944,0.6933291215086177,1557,24.499440559440558,6.193460872819122,21379,132.41,7.780271153096965,19835,154.32167832167832,-1.5868102802778434,1544,-21.911678321678323,7.232436726818749,17622,127.45,10.640780727307302,18607,197.993006993007,-3.408344000488553,-985,-70.54300699300698,7.106942457916162,18178,129.19,12.799429663557273,17303,221.4685314685315,-5.692487205641111,875,-92.2785314685315,6.292959196807826,15538,97.78,12.057796460762454,19555,235.7902097902098,-5.764837263954628,-4017,-138.01020979020979,6.9001874414245545,12804,88.35,12.311798474685958,19823.5,244.06293706293707,-5.411611033261403,-7019.5,-155.71293706293707,7.54581561358402,12466.511881188118,94.07,13.195067842955167,18637.5,245.92307692307693,-5.649252229371147,-6170.988118811882,-151.85307692307694
E017A,2010,145,AME,AME,AME03,AME003,E 17,E017A,2010,PPKS,22.5,,22.5,0,0,0,1.4405,0,23.9405,0,0,989,0,1413,307,77,0,0,0,0,0,2786,123.82222222222222,0,0,0,0,0,0,0,0,0,0,0,0,,0,0,0,989,1797,0,2786,123.82222222222222,136,15,151,0.05419956927494616,E017A,2010.0,134,AME003,E017A,22.5,0.6500353857041755,2826,2010,125.6,2.9860863120236063,18303,54.65433776896806,3.496503496503496,17802,62.24475524475523,-0.5104171844798895,501,-7.59041747578717,3.48646932395467,40944,142.75,3.3299565681748455,35606,118.56643356643355,0.15651275577982426,5338,24.183566433566455,4.081595182138661,54464,222.3,4.313142297161965,45556,196.48951048951048,-0.2315471150233046,8908,25.810489510489532,5.691121360622658,55504,315.88,5.5693846417391715,44047,245.31468531468528,0.12173671888348636,11457,70.56531468531472,5.582792431984532,57928,323.4,7.572049956031992,42752,323.72027972027973,-1.98925752404746,15176,-0.32027972027975693,6.64994489415878,52626,349.96,9.607990775271102,40196,386.20279720279717,-2.958045881112321,12430,-36.24279720279719,7.064104583398961,38094,269.1,11.906785028133763,37487,446.34965034965035,-4.842680444734802,607,-177.24965034965032,8.895069808027923,36672,326.2,13.609694421161795,35195.5,478.99999999999994,-4.714624613133871,1476.5,-152.79999999999995,7.78211116300794,42820,333.23,14.769815645089167,32904,485.986013986014,-6.987704482081227,9916,-152.75601398601395,7.438431167244727,45843,341,15.551675885658453,31319,487.06293706293707,-8.113244718413725,14524,-146.06293706293707,7.536991438317482,44267,333.64,16.570711974379513,29393,487.06293706293707,-9.033720536062031,14874,-153.42293706293708,7.832626673070441,43586.91078355315,341.4,17.519927778711235,27011,473.23076923076917,-9.687301105640795,16575.910783553147,-131.8307692307692
D024B,2016,135,AME,AME,AME03,AME003,D 24B,D024B,2016,Lonsum,0.7,,0.7,0,0,0,0,0,0.7,0,0,0,0,0,0,0,0,0,0,119,0,119,170,0,20,0,0,0,0,0,0,0,0,0,0,,0,0,0,0,139,0,139,198.57142857142858,0,0,0,0,D024B,2016.0,146,AME003,D024B,0.7,1,139,2016,198.57142857142858,,0,0,,0,0,,0,0,,0,0,,0,0,,0,0,,0,0,,0,0,,0,0,,0,0,,0,0,,0,0,,0,0,,0,0,,0,0,2.131782945736434,516,1.1,,0,0,,516,1.1,1.791158536585366,1312,2.35,,0,0,,1312,2.35,4.2778793418647165,1094,4.68,2.4975024975024978,1666,4.160839160839161,1.7803768443622188,-572,0.5191608391608389,5.201288244766506,621,3.23,3.4965034965034967,2142,7.48951048951049,1.704784748263009,-1521,-4.25951048951049,4.473684210526316,608,2.72,4.13048489971567,2184,9.020979020979022,0.3431993108106459,-1576,-6.300979020979021,5.885947046843177,491,2.89,5.701895277867009,2264,12.909090909090908,0.18405176897616826,-1773,-10.019090909090908,7.0419886601522865,631.9237668161435,4.45,7.780343172267163,2105,16.37762237762238,-0.7383545121148769,-1473.0762331838564,-11.92762237762238
E018A,2010,146,AME,AME,AME03,AME003,E 18,E018A,2010,PPKS,25.400000000000002,,25.400000000000002,0,0,0,1.43767,0,26.837670000000003,0,0,1030,1037,283,170,175,7,0,0,0,0,2702,106.3779527559055,0,0,0,0,0,0,0,169,0,0,0,50,,0,0,0,1030,1841,50,2921,114.99999999999999,153,19,172,0.05888394385484423,E018A,2010.0,135,AME003,E018A,25.400000000000002,0.6473810338925027,2921,2010,114.99999999999999,2.8690519762285516,24510,70.3204639373618,3.0577747015523045,33058,101.08391608391608,-0.1887227253237529,-8548,-30.763452146554286,3.513573016886462,45421,159.59,3.7636496673010944,39108,147.1888111888112,-0.25007665041463234,6313,12.401188811188803,4.435682698704653,51106,226.69,4.861438566366303,40546,197.1118881118881,-0.42575586766164975,10560,29.57811188811189,6.7463577256736595,54293,366.28,6.363669600361616,42080,267.7832167832168,0.3826881253120433,12213,98.49678321678317,5.892800339306542,56586,333.45,8.575250205059204,40471,347.04895104895104,-2.6824498657526616,16115,-13.59895104895105,6.453841468720091,57465,370.87,10.894579110669483,37799,411.8041958041958,-4.440737641949392,19666,-40.93419580419578,7.160210111621799,39598,283.53,12.64432434147449,35265,445.9020979020979,-5.4841142298526915,4333,-162.37209790209795,9.3770998157581,36908,346.09,13.930636387943323,33085,460.89510489510485,-4.553536572185223,3823,-114.80510489510488,7.48168988924616,44784,335.06,14.94715874102502,31416.5,469.5874125874126,-7.465468851778861,13367.5,-134.52741258741258,7.377861422645568,52072,384.18,15.800857166554152,29889.5,472.2797202797203,-8.422995743908585,22182.5,-88.09972027972032,7.418581088066831,48361,358.77,16.911397919184548,27932.5,472.3776223776224,-9.492816831117718,20428.5,-113.60762237762242,8.0775107093078,43842.71500772147,354.14,18.297290316307876,25029.5,457.97202797202794,-10.219779607000076,18813.21500772147,-103.83202797202796
D024C,2018,136,AME,AME,AME03,AME003,D 24C,D024C,2018,Lonsum,1.6,,1.6,0,0,0,0,0,1.6,0,0,0,0,0,0,0,0,0,0,177,0,177,110.625,0,40,0,0,0,0,0,0,0,0,0,0,,0,0,0,177,40,0,217,135.625,0,0,0,0,D024C,2018.0,147,AME003,D024C,1.6,0.18433179723502305,217,2018,135.625,,0,0,,0,0,,0,0,,0,0,,0,0,,0,0,,0,0,,0,0,,0,0,,0,0,,0,0,,0,0,,0,0,,0,0,,0,0,,0,0,,0,0,,0,0,,0,0,,0,0,,0,0,3.284132841328413,271,0.89,2.4975024975024978,2478,6.18881118881119,0.7866303438259155,-2207,-5.29881118881119,4.099378881987578,483,1.98,3.496503496503497,3186,11.139860139860142,0.6028753854840807,-2703,-9.159860139860141,3.4977064220183487,872,3.05,4.061386726481067,3392,13.776223776223778,-0.5636803044627183,-2520,-10.72622377622378,4.966216216216216,592,2.94,5.587318087318088,3552,19.846153846153847,-0.6211018711018719,-2960,-16.906153846153845,6.109524525276817,767.6538461538462,4.69,7.61059880938485,3295,25.07692307692308,-1.5010742841080331,-2527.346153846154,-20.38692307692308
E019A,2010,147,AME,AME,AME03,AME003,E 19,E019A,2010,PPKS,25.7,,25.7,0,0,0,1.46774,0,27.16774,0,0,1123,1300,292,227,141,0,0,0,0,0,3083,119.96108949416343,0,0,0,0,0,0,0,0,0,0,0,0,,0,0,0,1123,1960,0,3083,119.96108949416343,55,8,63,0.020434641582873826,E019A,2010.0,136,AME003,E019A,25.7,0.6458530432040365,3171,2010,123.38521400778211,2.652185947268104,24109,63.94155100268673,3.023191209789846,38414,116.13286713286715,-0.37100526252174193,-14305,-52.19131613018042,3.498837841847584,40442,141.5,3.7521876223037784,45456,170.55944055944056,-0.2533497804561944,-5014,-29.05944055944056,4.329721032122986,51583,223.34,4.812673873306897,47202,227.1678321678322,-0.482952841183911,4381,-3.8278321678321845,5.284342614308337,49887,263.62,6.372154831133272,48377,308.2657342657343,-1.0878122168249345,1510,-44.64573426573429,5.525608760712828,58808,324.95,8.631347811618738,46064,397.5944055944056,-3.1057390509059104,12744,-72.64440559440561,6.574921335310499,55298,363.58,11.012114641343517,43067,474.2587412587413,-4.437193306033018,12231,-110.6787412587413,6.838330642813665,37787,258.4,12.783652484587066,40125,512.944055944056,-5.9453218417734,-2338,-254.54405594405603,8.642089530994236,42153,364.29,14.065421859909073,37603.5,528.9090909090909,-5.423332328914837,4549.5,-164.61909090909086,7.370221877033523,47639,351.11,15.028937255512876,35732,537.013986013986,-7.658715378479353,11907,-185.903986013986,7.679454451327276,56017,430.18,15.849499771691116,34006.5,538.986013986014,-8.17004532036384,22010.5,-108.80601398601397,7.567856088309447,44027,333.19,16.931675116577576,31833,538.986013986014,-9.363819028268129,12194,-205.79601398601397,7.892139166385607,43472.37076878945,343.09,18.348781327198843,28518.5,523.2797202797202,-10.456642160813235,14953.87076878945,-180.18972027972023
D024D,2019,137,AME,AME,AME03,AME003,D 24D,D024D,2019,SAINS,1.8,,1.8,0,0,0,0.02,0,1.82,0,0,0,0,0,0,0,0,0,0,0,212,212,117.77777777777777,0,10,0,0,0,0,0,15,0,0,0,0,,0,16,0,212,41,0,253,140.55555555555554,0,0,0,0,D024D,2019.0,149,AME003,D024D,1.8,0.16862745098039217,255,2019,141.66666666666666,,0,0,,0,0,,0,0,,0,0,,0,0,,0,0,,0,0,,0,0,,0,0,,0,0,,0,0,,0,0,,0,0,,0,0,,0,0,,0,0,,0,0,,0,0,,0,0,,0,0,,0,0,,0,0,,0,0,,0,0,1.6412213740458015,262,0.43,2.4975024975024978,2968,7.412587412587413,-0.8562811234566963,-2706,-6.982587412587414,2.660455486542443,966,2.57,3.4611495683285374,3956,13.692307692307693,-0.8006940817860944,-2990,-11.122307692307693,4.466403162055336,759,3.39,4.326580474396825,3572,15.454545454545457,0.13982268765851114,-2813,-12.064545454545456,6.023413386039963,938.0063492063492,5.65,6.04013104013104,3552,21.454545454545457,-0.016717654091077172,-2613.993650793651,-15.804545454545456
E020A,2010,148,AME,AME,AME03,AME003,E 20,E020A,2010,PPKS,24.9,,24.9,0,0,0,1.46136,0,26.361359999999998,0,0,1406,952,349,156,18,53,0,0,0,0,2934,117.83132530120483,0,0,0,0,0,0,0,0,0,0,0,0,,0,0,0,1406,1528,0,2934,117.83132530120483,206,40,246,0.08384458077709611,E020A,2010.0,137,AME003,E020A,24.9,0.5368906455862978,3036,2010,121.9277108433735,2.8898778978777706,24345,70.35407742383433,3.1518848684186715,38636,121.77622377622379,-0.26200697054090094,-14291,-51.42214635238946,3.3016539126141695,40510,133.75,3.8285762936466026,44518,170.44055944055944,-0.526922381032433,-4008,-36.69055944055944,4.479887700275909,41318,185.1,5.01457671219978,46194,231.64335664335664,-0.534689011923871,-4876,-46.543356643356645,5.853442285111788,41731,244.27,6.783680225836521,44966,305.034965034965,-0.9302379407247336,-3235,-60.764965034965,5.663516547179376,55236,312.83,9.140221875086175,43110,394.034965034965,-3.4767053279067985,12126,-81.20496503496503,6.702658283486537,52327,350.73,11.402949301862531,40579,462.7202797202797,-4.700291018375994,11748,-111.99027972027966,6.916807790008467,37792,261.4,13.120859464916895,37610,493.4755244755244,-6.2040516749084285,182,-232.07552447552445,8.439106413644007,41630,351.32,14.275152483551668,35432,505.7972027972027,-5.8360460699076615,6198,-154.47720279720272,7.487387367539821,45391,339.86,15.146566175458297,33677,510.09090909090907,-7.659178807918476,11714,-170.23090909090905,7.676900672292377,50127,384.82,15.957995550786041,32096.5,512.1958041958042,-8.281094878493665,18030.5,-127.37580419580416,7.121300308262735,46389,330.35,17.160251009904748,29891,512.9370629370628,-10.038950701642012,16498,-182.5870629370628,7.710983928180178,45450.74964028777,350.47,18.6031840724379,26515.5,493.2727272727272,-10.892200144257725,18935.249640287773,-142.80272727272717
D024E,2020,138,AME,AME,AME03,AME003,D 24E,D024E,2020,SRIWIJAYA,1.2,,1.2,0,0,0,0.1,0,1.3,0,0,0,0,0,0,0,0,0,0,0,0,0,0,156,0,0,0,0,0,0,3,0,0,0,0,,0,0,0,156,3,0,159,132.5,0,0,0,0,D024E,2020.0,150,AME003,D024E,1.2,0.10344827586206898,174,2020,145,,0,0,,0,0,,0,0,,0,0,,0,0,,0,0,,0,0,,0,0,,0,0,,0,0,,0,0,,0,0,,0,0,,0,0,,0,0,,0,0,,0,0,,0,0,,0,0,,0,0,,0,0,,0,0,,0,0,,0,0,,0,0,,0,0,,0,0,2.75,760,2.09,2.497502497502497,2184,5.454545454545453,0.25249750249750313,-1424,-3.3645454545454534,3.976510067114094,596,2.37,3.496503496503496,2808,9.818181818181817,0.48000657061059826,-2212,-7.4481818181818165,4.967248709106501,668.3780487804878,3.32,4.370629370629369,2496,10.909090909090907,0.5966193384771321,-1827.621951219512,-7.589090909090906
E021A,2010,149,AME,AME,AME03,AME003,E 21,E021A,2010,PPKS,29.9,,29.9,0,0,0,1.52657,0,31.426569999999998,0,0,2971,302,239,275,0,43,0,0,0,0,3830,128.09364548494983,0,0,0,0,0,0,0,0,0,0,0,0,,0,0,0,2971,859,0,3830,128.09364548494983,271,20,291,0.07597911227154047,E021A,2010.0,138,AME003,E021A,29.9,0.23329032258064517,3875,2010,129.59866220735788,2.804926753571056,26059,73.09358627130814,3.4233087468452945,57706,197.54545454545456,-0.6183819932742387,-31647,-124.45186827414642,3.1067557051595274,55257,171.67,4.174968467024294,56318,235.12587412587416,-1.0682127618647663,-1061,-63.455874125874175,4.63489653292842,51369,238.09,5.562514154715079,60520,336.64335664335664,-0.9276176217866592,-9151,-98.55335664335664,5.663463459020395,45059,255.19,7.521951497471946,58171,437.5594405594406,-1.8584880384515508,-13112,-182.3694405594406,5.735730914345348,62285,357.25,10.191082802547772,54950,560.0000000000001,-4.455351888202424,7335,-202.7500000000001,6.576470046224488,65117,428.24,12.162222586558954,51610,627.6923076923076,-5.585752540334466,13507,-199.4523076923076,6.73600464094808,48266,325.12,13.579942901014608,47737,648.2657342657343,-6.843938260066528,529,-323.1457342657343,8.66341299930877,47741,413.6,14.579493423128906,45435.5,662.4265734265734,-5.916080423820135,2305.5,-248.82657342657342,7.569836695485111,52050,394.01,15.435815283185894,43242,667.4755244755245,-7.865978587700783,8808,-273.4655244755245,7.557671439073056,57134,431.8,16.249976218884107,41168,668.979020979021,-8.692304779811051,15966,-237.179020979021,7.214946276794783,56121,404.91,17.73910929847983,37746,669.5804195804196,-10.524163021685045,18375,-264.6704195804196,7.85359687299758,50879.87153680878,399.59,19.21309283450775,32687.5,628.027972027972,-11.359495961510172,18192.37153680878,-228.43797202797208
D024F,2021,139,AME,AME,AME03,AME003,D 24F,D024F,2021,SRIWIJAYA,1.1,,1.1,0,0,0,0.15,0,1.25,0,0,0,0,0,0,0,0,0,0,0,0,0,0,0,0,157,0,0,0,0,1,0,0,0,0,,0,1,0,157,2,0,159,144.54545454545453,0,0,0,0,D024F,2021.0,152,AME003,D024F,1.1,0.012578616352201259,159,2021,144.54545454545453,,0,0,,0,0,,0,0,,0,0,,0,0,,0,0,,0,0,,0,0,,0,0,,0,0,,0,0,,0,0,,0,0,,0,0,,0,0,,0,0,,0,0,,0,0,,0,0,,0,0,,0,0,,0,0,,0,0,,0,0,,0,0,,0,0,,0,0,,0,0,,0,0,,0,0,3.6848958333333335,768,2.83,2.4975024975024978,2198,5.48951048951049,1.1873933358308357,-1430,-2.65951048951049,4.406031514789289,1232.4015345268542,5.43,3.4965034965034967,2826,9.881118881118882,0.9095280182857923,-1593.5984654731458,-4.451118881118882
E022A,2010,150,AME,AME,AME03,AME003,E 22,E022A,2010,PPKS,32,,32,0,0,0,1.55364,0,33.55364,0,0,1310,993,1329,147,252,56,0,0,0,0,4087,127.71875,0,0,0,0,0,0,0,0,0,0,0,0,,0,0,0,1310,2777,0,4087,127.71875,60,11,71,0.017372155615365793,E022A,2010.0,139,AME003,E022A,32,0.6846413095811266,4154,2010,129.8125,2.593086997633916,10350,26.83845042551103,3.125975992952142,37482,117.16783216783217,-0.5328889953182259,-27132,-90.32938174232115,3.0783642880417075,49104,151.16,3.4918772035763674,57440,200.57342657342656,-0.41351291553465996,-8336,-49.41342657342656,4.062280283958177,44091,179.11,4.559679195192025,62828,286.47552447552454,-0.49739891123384794,-18737,-107.36552447552452,5.669802953765473,51866,294.07,5.924667938768548,62976,373.1118881118881,-0.2548649850030751,-11110,-79.04188811188811,5.354241877256317,66480,355.95,7.9442521095381755,62171,493.9020979020979,-2.590010232281858,4309,-137.95209790209793,6.220872072496175,67976,422.87,10.15395802467328,58259,591.5594405594406,-3.9330859521771044,9717,-168.68944055944064,6.63593028178087,54333,360.55,12.203291117358216,54368,663.4685314685315,-5.567360835577346,-35,-302.9185314685315,8.021489226503379,51933,416.58,13.645497113492093,50992,695.8111888111888,-5.624007886988714,941,-279.2311888111888,7.377251215985277,60856,448.95,14.737751505930627,48056.5,708.2447552447552,-7.3605002899453496,12799.5,-259.2947552447552,7.41258444151761,70611,523.41,15.58850013054947,45785.5,713.7272727272727,-8.17591568903186,24825.5,-190.31727272727278,7.308721620615707,56423,412.38,16.642454277839647,42933,714.5104895104896,-9.33373265722394,13490,-302.1304895104896,7.707580628031552,56962.10279050002,439.04,17.825856130810685,39055,696.1888111888113,-10.118275502779133,17907.102790500023,-257.1488111888113
D024G,2022,140,AME,AME,AME03,AME003,D 24G,D024G,2022,SRIWIJAYA,1.1,,1.1,0,0,0,0.1,6.6,7.8,0,0,0,0,0,0,0,0,0,0,0,0,0,0,0,0,0,0,136,0,0,0,0,0,0,0,,0,20,0,136,20,0,156,141.8181818181818,0,0,0,0,D024G,2022.0,154,AME003,D024G,1.1,0.1337579617834395,157,2022,142.72727272727272,,0,0,,0,0,,0,0,,0,0,,0,0,,0,0,,0,0,,0,0,,0,0,,0,0,,0,0,,0,0,,0,0,,0,0,,0,0,,0,0,,0,0,,0,0,,0,0,,0,0,,0,0,,0,0,,0,0,,0,0,,0,0,,0,0,,0,0,,0,0,,0,0,,0,0,,0,0,,0,0,,0,0,4.1986496896098595,807.4024390243903,3.39,,0,4.755244755244756,,807.4024390243903,-1.3652447552447557
E023A,2010,151,AME,AME,AME03,AME003,E 23,E023A,2010,PPKS,29.4,,29.4,0,0,0,1.52466,0,30.92466,0,0,449,1860,846,139,0,233,0,0,0,0,3527,119.96598639455783,0,0,0,0,0,0,0,0,0,0,0,0,,0,0,0,449,3078,0,3527,119.96598639455783,48,9,57,0.016161043379642755,E023A,2010.0,140,AME003,E023A,29.4,0.8752777777777778,3600,2010,122.44897959183675,2.706025357392515,4941,13.370471290876418,2.7341218654740724,34122,93.29370629370631,-0.028096508081557392,-29181,-79.92323500282988,3.0444652156496192,37445,114,3.390758704234746,52508,178.04195804195805,-0.34629348858512676,-15063,-64.04195804195805,3.9395916052183777,35260,138.91,4.2893837010397124,54118,232.13286713286718,-0.34979209582133475,-18858,-93.22286713286718,4.950990567125626,43359,214.67,5.834893791035645,52533,306.5244755244756,-0.8839032239100195,-9174,-91.85447552447559,5.27477526944135,63743,336.23,7.649882819030317,53208,407.0349650349651,-2.375107549588967,10535,-70.80496503496511,6.304282085399782,66136,416.94,10.050398752958332,50985,512.4195804195805,-3.7461166675585496,15151,-95.47958041958049,6.5601666666666665,60000,393.61,12.144657883143855,47225,573.5314685314686,-5.584491216477189,12775,-179.92146853146858,8.8663794027483,46647,413.59,13.514539723052819,44155.5,596.7412587412588,-4.648160320304518,2491.5,-183.1512587412588,7.57421184443135,54304,411.31,14.484426613761515,41783,605.2027972027973,-6.910214769330166,12521,-193.89279720279734,7.218261623193268,71538,516.38,15.397834745870949,39833.5,613.3496503496505,-8.17957312267768,31704.5,-96.96965034965046,7.099714177856873,55629,394.95,16.343088648212028,37729,616.6083916083917,-9.243374470355155,17900,-221.6583916083917,7.662365775360967,55773.89706116809,427.36,17.70608271913755,34470,610.3286713286714,-10.043716943776584,21303.897061168092,-182.96867132867135
E024A,2013,152,AME,AME,AME03,AME003,E 24,E024A,2013,PPKS,9.1,,9.1,0,0,0,0.19996,0,9.29996,0,0,0,0,0,677,0,0,0,0,0,0,677,74.3956043956044,0,350,0,165,0,26,0,0,0,0,0,0,,0,0,0,677,541,0,1218,133.84615384615384,22,2,24,0.019704433497536946,E024A,2013.0,145,AME003,E024A,9.1,0.4441707717569786,1218,2013,133.84615384615384,,0,0,,0,0,,0,0,,0,0,,0,0,,0,0,3.01980198019802,1818,5.49,2.4975024975024978,9478,23.671328671328673,0.5222994826955221,-7660,-18.18132867132867,4.3315231445565034,7734,33.5,3.4965034965034962,12186,42.60839160839161,0.8350196480530072,-4452,-9.108391608391607,3.9378890213216793,15102,59.47,4.370629370629371,10832,47.34265734265735,-0.43274034930769156,4270,12.127342657342652,5.998240340200894,13639,81.81,6.118881118881118,10832,66.27972027972028,-0.12064077868022416,2807,15.530279720279722,6.340177580466149,14416,91.4,8.391608391608392,10155,85.21678321678321,-2.051430811142243,4261,6.183216783216793,7.71013459310099,11219,86.5,11.488511488511488,9478,108.8881118881119,-3.7783768954104984,1741,-22.388111888111894,7.567684957289706,13814,104.54,13.448090371167293,8801,118.35664335664335,-5.880405413877587,5013,-13.81664335664334,7.460376794258373,13376,99.79,10.027211731757184,13024,130.59440559440557,-2.566834937498811,352,-30.804405594405566,6.7972665148063784,8780,59.68,8.9142658750173,16395.5,146.15384615384613,-2.1169993602109214,-7615.5,-86.47384615384613,7.5855561645928775,9702.650458715596,73.6,9.408819615766687,16381,154.1258741258741,-1.8232634511738093,-6678.349541284404,-80.52587412587411
E024B,2018,153,AME,AME,AME03,AME003,E 24B,E024B,2018,Lonsum,0.7,,0.7,0,0,0,0,0,0.7,0,0,0,0,0,0,0,0,0,0,79,0,79,112.85714285714286,0,0,0,0,0,0,0,0,0,0,0,0,,0,14,0,79,14,0,93,132.85714285714286,0,0,0,0,E024B,2018.0,148,AME003,E024B,0.7,0.21,100,2018,142.85714285714286,,0,0,,0,0,,0,0,,0,0,,0,0,,0,0,,0,0,,0,0,,0,0,,0,0,,0,0,,0,0,,0,0,,0,0,,0,0,,0,0,,0,0,,0,0,,0,0,,0,0,,0,0,3.257698541329011,617,2.01,2.4975024975024978,1106,2.7622377622377625,0.7601960438265132,-489,-0.7522377622377627,4.758190327613105,641,3.05,3.4965034965034967,1422,4.9720279720279725,1.2616868311096079,-781,-1.9220279720279727,4.567901234567901,486,2.22,4.370629370629371,1264,5.524475524475525,0.19727186393853025,-778,-3.304475524475525,4.993122420907841,727,3.63,6.118881118881118,1264,7.734265734265734,-1.1257586979732777,-537,-4.104265734265734,6.329447329432363,753.6203007518798,4.77,8.391608391608392,1185,9.944055944055945,-2.0621610621760285,-431.37969924812023,-5.1740559440559455
E024C,2021,154,AME,AME,AME03,AME003,E 24C,E024C,2021,SRIWIJAYA,2.8,,2.8,0,0,0,0.1,0,2.9,0,0,0,0,0,0,0,0,0,0,0,0,0,0,0,0,360,0,0,0,0,18,0,0,0,0,,0,3,0,360,21,0,381,136.07142857142858,0,0,0,0,E024C,2021.0,153,AME003,E024C,2.8,0.09547738693467336,398,2021,142.14285714285714,,0,0,,0,0,,0,0,,0,0,,0,0,,0,0,,0,0,,0,0,,0,0,,0,0,,0,0,,0,0,,0,0,,0,0,,0,0,,0,0,,0,0,,0,0,,0,0,,0,0,,0,0,,0,0,,0,0,,0,0,,0,0,,0,0,,0,0,,0,0,,0,0,,0,0,3.4790446146913023,2219,7.72,2.4975024975024973,5040,12.587412587412588,0.981542117188805,-2821,-4.867412587412589,4.3592921841069705,3356.0494186046512,14.63,3.4965034965034962,6480,22.657342657342657,0.8627886876034743,-3123.9505813953488,-8.027342657342656
E024D,2022,155,AME,AME,AME03,AME003,E 24D,E024D,2022,SRIWIJAYA,2,,2,0,0,0,0,2.5,4.5,0,0,0,0,0,0,0,0,0,0,0,0,0,0,0,0,0,0,260,0,0,4,0,0,0,0,,0,19,0,260,23,0,283,141.5,0,0,0,0,E024D,2022.0,155,AME003,E024D,2,0.09090909090909091,286,2022,143,,0,0,,0,0,,0,0,,0,0,,0,0,,0,0,,0,0,,0,0,,0,0,,0,0,,0,0,,0,0,,0,0,,0,0,,0,0,,0,0,,0,0,,0,0,,0,0,,0,0,,0,0,,0,0,,0,0,,0,0,,0,0,,0,0,,0,0,,0,0,,0,0,,0,0,,0,0,,0,0,,0,0,4.122529864910126,1499.0794979079499,6.18,2.4975024975024973,3640,9.09090909090909,1.6250273674076285,-2140.92050209205,-2.9109090909090902
A012A,2016,156,AME,AME,AME04,AME004,A 12,A012A,2016,Topaz/Socfin,3.1,,3.1,0,0,0,0.33,0,3.43,0,0,0,0,0,0,0,0,235,0,0,0,235,75.80645161290322,0,0,0,74,0,0,0,0,0,0,97,0,,0,1,0,235,172,0,407,131.29032258064515,0,0,0,0,A012A,2016.0,179,AME004,A012A,3.1,0.4226044226044226,407,2016,131.29032258064515,,0,0,,0,0,,0,0,,0,0,,0,0,,0,0,,0,0,,0,0,,0,0,,0,0,,0,0,,0,0,,0,0,,0,0,,0,0,2.4134419551934827,491,1.185,2.497502497502497,3290,8.216783216783215,-0.08406054230901416,-2799,-7.031783216783214,3.2737430167597767,895,2.93,3.4965034965034962,4230,14.790209790209788,-0.2227604797437195,-3335,-11.860209790209788,1.487244436403112,5527,8.22,4.37062937062937,3760,16.43356643356643,-2.8833849342262576,1767,-8.21356643356643,5.530402737562516,3799,21.01,6.1188811188811165,3760,23.006993006993,-0.5884783813186001,39,-1.996993006992998,4.114997748085873,6661,27.41,8.39160839160839,3525,29.580419580419576,-4.276610643522517,3136,-2.1704195804195763,6.608222490931076,6616,43.72,9.335324869305449,4326,40.38461538461537,-2.727102378374373,2290,3.3353846153846263,7.704271971632544,5661.793893129771,43.62,10.426546328073565,4387,45.74125874125873,-2.7222743564410212,1274.7938931297713,-2.1212587412587354
B019A,2011,213,AME,AME,AME04,AME004,B 19,B019A,2011,Ppks,30.1,,30.1,0,0,0,2.40166871299,0,32.50166871299,0,0,0,1325,216,1476,426,54,0,0,0,0,3497,116.17940199335547,0,0,0,0,0,0,0,0,0,0,0,0,,0,0,0,1325,2172,0,3497,116.17940199335547,220,45,265,0.07577923934801258,B019A,2011.0,156,AME004,B019A,30.1,0.6333702268954067,3614,2011,120.06644518272425,2.0329712798823403,4586,9.323206289540412,2.4975024975024978,18550,46.328671328671334,-0.4645312176201575,-13964,-37.005465039130925,2.3264705882352943,34000,79.1,3.3840907919943417,26874,90.94405594405595,-1.0576202037590474,7126,-11.844055944055953,2.632907913496058,58217,153.28,3.4503440256194238,45752,157.86013986013987,-0.817436112123366,12465,-4.580139860139866,4.3687963536455605,62967,275.09,4.41727957990111,57188,252.61538461538464,-0.04848322625554946,5779,22.474615384615333,5.145384367963976,62180,319.94,5.776420036592329,55371,319.84615384615387,-0.6310356686283534,6809,0.09384615384612971,5.692157471927566,67593,384.75,7.857897638699986,53194,417.99300699300704,-2.1657401667724194,14399,-33.24300699300704,5.846806174119944,65564,383.34,9.93943043914084,50069,497.6573426573427,-4.092624265020897,15495,-114.31734265734275,7.259812832424426,59412,431.32,12.133000615821361,46626,565.7132867132867,-4.873187783396935,12786,-134.39328671328673,6.652688107162252,66292,441.02,13.764366093014349,43791.5,602.7622377622379,-7.111677985852097,22500.5,-161.7422377622379,7.2270957191757095,72159,521.5,14.869314297050813,41065,610.6083916083917,-7.642218577875104,31094,-89.10839160839168,8.426887850933328,60161,506.97,15.64530181473869,39076.5,611.3636363636365,-7.218413963805363,21084.5,-104.39363636363646,9.768460626829071,54684.153461485526,534.18,16.6863718865029,36638.5,611.3636363636365,-6.917911259673829,18045.653461485526,-77.18363636363654
A012B,2018,157,AME,AME,AME04,AME004,A 12B,A012B,2018,Lonsum,5.699999999999999,,5.699999999999999,0,0,0,0.6,0,6.299999999999999,0,0,0,0,0,0,0,0,0,0,377,0,377,66.14035087719299,0,0,0,307,0,0,0,0,0,0,62,0,,0,59,0,377,428,0,805,141.2280701754386,0,0,0,0,A012B,2018.0,191,AME004,A012B,5.699999999999999,0.5316770186335403,805,2018,141.2280701754386,,0,0,,0,0,,0,0,,0,0,,0,0,,0,0,,0,0,,0,0,,0,0,,0,0,,0,0,,0,0,,0,0,,0,0,,0,0,,0,0,,0,0,,0,0,,0,0,,0,0,,0,0,,0,0.7,2.4975024975024973,5278,13.18181818181818,,-5278,-12.48181818181818,3.878357948598674,8599,33.35,3.4965034965034962,6786,23.727272727272723,0.3818544520951779,1813,9.622727272727278,3.0683229813664594,10465,32.11,4.37062937062937,6032,26.36363636363636,-1.3023063892629105,4433,5.74636363636364,5.665191146881288,12425,70.39,4.61213520264827,10330,47.64335664335663,1.0530559442330176,2095,22.746643356643368,6.53506567846912,10885.889063729346,71.14,5.972294408033608,11181,66.77622377622376,0.5627712704355128,-295.11093627065384,4.363776223776242
B020A,2011,214,AME,AME,AME04,AME004,B 20,B020A,2011,Topaz,30.499999999999996,,30.499999999999996,0,0,0,1.8,0,32.3,0,0,0,2107,0,1280,134,0,0,0,0,0,3521,115.44262295081968,0,0,0,0,0,0,0,0,0,0,0,0,,0,0,0,2107,1414,0,3521,115.44262295081968,200,43,243,0.06901448452144278,B020A,2011.0,157,AME004,B020A,30.499999999999996,0.41423408395885464,3597,2011,117.9344262295082,2.0262229693236997,8821,17.873312812404354,2.4975024975024973,29498,73.67132867132867,-0.4712795281787976,-20677,-55.798015858924316,2.1948307967475755,42674,93.66220942040604,3.4965034965034962,37926,132.6083916083916,-1.3016726997559207,4748,-38.946182187985556,2.9627824391602546,57446,170.2,3.7205202606504124,51632,192.09790209790208,-0.7577378214901578,5814,-21.89790209790209,4.221628549809287,64757,273.38,4.972444489398844,58628,291.52447552447546,-0.7508159395895575,6129,-18.144475524475467,5.170103336007172,63579,328.71,6.6638684544257325,54497,363.16083916083915,-1.49376511841856,9082,-34.450839160839166,5.526143106457242,71625,395.81,9.085864444446232,52122,473.5734265734265,-3.5597213379889894,19503,-77.7634265734265,6.0558764358491795,61636,373.26,11.133567366254345,48735,542.5944055944055,-5.077690930405166,12901,-169.33440559440555,7.508851263715077,57054,428.41,13.073337950588359,45214,591.0979020979021,-5.564486686873281,11840,-162.68790209790205,6.760703889052432,61146,413.39,14.356387416170088,42746.5,613.6853146853147,-7.595683527117656,18399.5,-200.29531468531468,7.028754909549612,69762,490.34,15.282391334428375,40279,615.5594405594405,-8.253636424878763,29483,-125.21944055944056,7.912268210382937,64606,511.18,16.00872373143936,38451.5,615.5594405594405,-8.096455521056424,26154.5,-104.37944055944052,9.522664043451652,56571.35414437402,538.71,17.272800857507978,35637.5,615.5594405594405,-7.750136814056326,20933.854144374018,-76.8494405594405
A012C,2021,158,AME,AME,AME04,AME004,A 12C,A012C,2021,SRIWIJAYA,0.30000000000000004,,0.30000000000000004,0,0,0,0,0,0.30000000000000004,0,0,0,0,0,0,0,0,0,0,0,0,0,0,0,0,37,0,0,0,0,0,0,0,0,0,,0,4,0,37,4,0,41,136.66666666666666,0,0,0,0,A012C,2021.0,209,AME004,A012C,0.30000000000000004,0.13953488372093023,43,2021,143.33333333333331,,0,0,,0,0,,0,0,,0,0,,0,0,,0,0,,0,0,,0,0,,0,0,,0,0,,0,0,,0,0,,0,0,,0,0,,0,0,,0,0,,0,0,,0,0,,0,0,,0,0,,0,0,,0,0,,0,0,,0,0,,0,0,,0,0,,0,0,,0,0,,0,0,,0,0,3.5201149425287355,696,2.45,2.4975024975024973,518,1.2937062937062935,1.0226124450262382,178,1.1562937062937066,4.2268946202399365,747.59375,3.16,3.4965034965034967,666,2.3286713286713288,0.7303911237364398,81.59375,0.8313286713286714
C012A,2011,223,AME,AME,AME04,AME004,C 12,C012A,2011,Ppks,29.7,,29.7,0,0,0,1.54462746235,0,31.24462746235,0,0,0,20,1577,1337,96,44,0,0,0,0,3074,103.5016835016835,0,0,0,0,0,0,0,526,0,0,0,0,,0,0,0,20,3580,0,3600,121.21212121212122,277,88,365,0.10138888888888889,C012A,2011.0,158,AME004,C012A,29.7,0.9944444444444444,3600,2011,121.21212121212122,2.135015575704475,10564,22.554304541742074,2.4975024975024978,280,0.6993006993006994,-0.3624869217980229,10284,21.855003842441374,2.262604315836255,40502,91.64,2.5135306800339334,22438,56.3986013986014,-0.25092636419767844,18064,35.2413986013986,2.831627385622843,67802,191.99,3.1081014127572826,47424,147.3986013986014,-0.27647402713443947,20378,44.59139860139862,4.426470378453945,70101,310.3,3.9194156183285336,50962,199.74125874125872,0.5070547601254112,19139,110.55874125874129,5.438260844918725,70563,383.74,5.23638089603828,49268,257.986013986014,0.20187994888044525,21295,125.75398601398604,5.855735154291642,69414,406.47,7.17863607382021,47655,342.09790209790214,-1.3229009195285686,21759,64.37209790209789,5.70348094128261,66505,379.31,9.811329978022783,44633,437.9090909090909,-4.107849036740173,21872,-58.599090909090876,7.378735992540073,62199,458.95,12.27385935219505,41603,510.62937062937067,-4.895123359654977,20596,-51.67937062937068,6.959547153289237,63951,445.07,13.853916394200262,38539,533.916083916084,-6.894369240911025,25412,-88.84608391608396,8.06394157983792,67374,543.3,14.802685973422387,36263.5,536.7972027972028,-6.738744393584467,31110.5,6.502797202797183,8.898443471614204,57564,512.23,15.506833852598715,34656.5,537.4125874125874,-6.6083903809845115,22907.5,-25.182587412587395,11.189866075919598,48267.780537812476,540.11,16.24216357877106,33087.5,537.4125874125874,-5.052297502851461,15180.280537812476,2.6974125874126003
A012D,0,159,AME,AME,AME04,AME004,A 12C,A012D,0,0,0,,0,0,0,0,0.23,4.4,4.630000000000001,0,0,0,0,0,0,0,0,0,0,0,0,0,0,0,0,0,0,0,0,0,0,0,0,0,0,,0,0,0,0,0,0,0,0,0,0,0,0,,,,,,,,,,,,,,,,,,,,,,,,,,,,,,,,,,,,,,,,,,,,,,,,,,,,,,,,,,,,,,,,,,,,,,,,,,,,,,,,,,,,,,,,,,,,,,,,,,,,,,,,,,,,,,,,,,,,,,
C019A,2011,231,AME,AME,AME04,AME004,C 19,C019A,2011,Ppks,28.2,,28.2,0,0,0,1.64,0,29.84,0,0,0,2294,0,704,113,0,0,0,0,0,3111,110.31914893617022,0,0,0,0,0,0,0,239,0,0,0,17,,0,0,0,2294,1056,17,3367,119.39716312056738,170,34,204,0.060588060588060585,C019A,2011.0,159,AME004,C019A,28.2,0.3186813186813187,3367,2011,119.39716312056738,2.0625424937928036,6885,14.200605069763453,2.497502497502498,32116,80.20979020979023,-0.43496000370969456,-25231,-66.00918514002677,2.4604808819336648,31567,77.67,3.496503496503497,41292,144.3776223776224,-1.0360226145698324,-9725,-66.7076223776224,2.812946024726103,49745,139.93,3.974118664840315,46560,185.03496503496507,-1.161172640114212,3185,-45.10496503496506,4.135787292332549,56942,235.5,5.354334036778403,50958,272.84615384615387,-1.2185467444458542,5984,-37.34615384615387,4.870637114357821,58247,283.7,7.2335436844533865,47708,345.09790209790214,-2.362906570095565,10539,-61.39790209790215,5.281456480077801,69922,369.29,9.865234349610734,45188,445.7902097902099,-4.583777869532933,24734,-76.50020979020985,5.568080777635446,66355,369.47,11.868387597233296,42190,500.72727272727275,-6.30030681959785,24165,-131.25727272727272,7.667854315122724,50520,387.38,13.523976982612057,39079,528.5034965034965,-5.856122667489333,11441,-141.12349650349654,6.457749668674193,59609,384.94,14.611361964184272,37115,542.3006993006993,-8.15361229551008,22494,-157.3606993006993,6.92313445114199,66857,462.86,15.472706861287557,35151,543.8811188811189,-8.549572410145569,31706,-81.02111888111892,8.48028727184773,53747,455.79,16.216378511020572,33539,543.8811188811189,-7.736091239172842,20208,-88.09111888111892,9.717036689859926,49135.350131819105,477.45,17.637576212641477,30836.5,543.8811188811189,-7.920539522781551,18298.850131819105,-66.43111888111895
A013A,2016,160,AME,AME,AME04,AME004,A 13,A013A,2016,Topaz,0.3,,0.3,0,0,0,0.1,0,0.4,0,0,0,0,0,0,0,0,11,0,0,0,11,36.66666666666667,0,0,0,0,0,0,0,0,0,0,10,0,,0,0,0,11,10,0,21,70,0,0,0,0,A013A,2016.0,180,AME004,A013A,0.3,0.717948717948718,39,2016,130,,0,0,,0,0,,0,0,,0,0,,0,0,,0,0,,0,0,,0,0,,0,0,,0,0,,0,0,,0,0,,0,0,,0,0,,0,0,1.7234848484848484,264,0.455,2.497502497502497,154,0.3846153846153845,-0.7740176490176485,110,0.07038461538461549,3.408071748878924,446,1.52,3.4965034965034962,198,0.6923076923076923,-0.0884317476245724,248,0.8276923076923077,5.353075170842825,439,2.35,4.37062937062937,176,0.769230769230769,0.9824458002134548,263,1.580769230769231,5.159235668789809,471,2.43,6.118881118881119,176,1.0769230769230769,-0.9596454500913101,295,1.3530769230769233,4.038800705467372,567,2.29,8.391608391608392,165,1.3846153846153846,-4.35280768614102,402,0.9053846153846155,5.989304812834225,748,4.48,11.488511488511488,154,1.7692307692307692,-5.4992066756772635,594,2.7107692307692313,7.583296453183285,636.9261744966442,4.83,13.448090371167295,143,1.9230769230769231,-5.864793917984009,493.9261744966442,2.9069230769230767
A020A,2012,175,AME,AME,AME04,AME004,A 20,A020A,2012,Topaz,9.700000000000001,,9.700000000000001,0,0,0,0.9,0,10.600000000000001,0,0,0,0,864,262,71,0,0,0,0,0,1197,123.40206185567008,0,0,0,0,0,0,0,0,0,0,0,5,,0,0,0,864,333,5,1202,123.91752577319586,58,13,71,0.05906821963394343,A020A,2012.0,160,AME004,A020A,9.700000000000001,0.281198003327787,1202,2012,123.91752577319586,,0,0,,0,0,,0,0,1.8598914652195362,8108,15.08,2.4975024975024978,12096,30.20979020979021,-0.6376110322829616,-3988,-15.12979020979021,2.967699540009099,19783,58.71,3.3058512767149604,19220,63.53846153846154,-0.3381517367058615,563,-4.828461538461539,4.4595356465583516,19511,87.01,4.064278099293968,19534,79.39160839160839,0.3952575472643831,-23,7.618391608391619,4.873778115213058,21074,102.71,5.565337533825146,19294,107.37762237762237,-0.6915594186120879,1780,-4.667622377622379,5.418510158013544,22150,120.02,7.620878683870809,18288,139.37062937062936,-2.202368525857265,3862,-19.350629370629363,5.529497450837582,20595,113.88,10.423907755221123,17162,178.8951048951049,-4.894410304383541,3433,-65.01510489510491,7.011153618190635,18559,130.12,12.6605621124882,15965,202.12587412587413,-5.649408494297566,2594,-72.00587412587413,6.285050430374399,18937,119.02,14.102974490298438,14768,208.2727272727273,-7.817924059924039,4169,-89.25272727272731,7.2811491133673325,21373,155.62,14.94435008681956,14003,209.2657342657343,-7.663200973452227,7370,-53.64573426573429,7.453795631586987,19641,146.4,15.653058139407158,13369,209.2657342657343,-8.19926250782017,6272,-62.86573426573429,9.414551215074953,16785.717809570793,158.03,16.3866516006213,12770.5,209.2657342657343,-6.972100385546346,4015.217809570793,-51.235734265734294
A013B,2018,161,AME,AME,AME04,AME004,A 13B,A013B,2018,Lonsum,8.1,,8.1,0,0,0,0.42,0,8.52,0,0,0,0,0,0,0,0,0,0,1157,0,1157,142.83950617283952,0,0,0,0,0,0,0,0,0,0,49,0,,0,0,0,1157,49,0,1206,148.88888888888889,1,0,1,0.0008291873963515755,A013B,2018.0,192,AME004,A013B,8.1,0.0406301824212272,1206,2018,148.88888888888889,,0,0,,0,0,,0,0,,0,0,,0,0,,0,0,,0,0,,0,0,,0,0,,0,0,,0,0,,0,0,,0,0,,0,0,,0,0,,0,0,,0,0,,0,0,,0,0,,0,0,,0,0,2.9165562913907284,3775,11.01,2.497502497502498,16198,40.45454545454546,0.41905379388823016,-12423,-29.444545454545462,4.723150941857621,12263,57.92,3.4965034965034962,20826,72.81818181818181,1.2266474453541245,-8563,-14.898181818181811,3.6588864258703873,15338,56.12,4.370629370629372,18512,80.90909090909092,-0.7117429447589845,-3174,-24.789090909090923,4.898402357685745,19341,94.74,6.118881118881118,18512,113.27272727272727,-1.2204787611953734,829,-18.53272727272727,6.422252673763862,15530.376188320508,99.74,8.39160839160839,17355,145.63636363636363,-1.969355717844528,-1824.623811679492,-45.89636363636363
B018A,2012,212,AME,AME,AME04,AME004,B 18,B018A,2012,Topaz,35.8,,35.8,0,0,0,1,0,36.8,0,0,0,0,770,2773,668,0,66,0,0,0,4277,119.46927374301677,0,0,0,0,0,0,0,0,0,0,0,0,,0,0,0,770,3507,0,4277,119.46927374301677,51,16,67,0.015665185877951834,B018A,2012.0,161,AME004,B018A,35.8,0.8251986379114643,4405,2012,123.04469273743018,,0,0,,0,0,,0,0,2.248390064397424,27175,61.1,2.4975024975024973,10780,26.923076923076923,-0.24911243310507336,16395,34.176923076923075,2.6657479975884937,58055,154.76,2.7603276340985614,52682,145.41958041958043,-0.09457963651006773,5373,9.340419580419564,3.855104805929704,75282,290.22,3.5164316029289626,71586,251.72727272727272,0.33867320300074155,3696,38.49272727272731,4.609653807080154,76778,353.92,4.531124946772868,68712,311.34265734265733,0.07852886030728534,8066,42.57734265734268,5.286818266716474,85664,452.89,6.181350117378549,67530,417.42657342657344,-0.8945318506620747,18134,35.463426573426545,5.771724676820157,72947,421.03,8.442632059385106,64251,542.4475524475524,-2.670907382564949,8696,-121.41755244755245,7.5021343518310495,66765,500.88,11.172492460467355,59908,669.3216783216783,-3.6703581086363055,6857,-168.4416783216783,6.958324275643614,64402,448.13,13.166017780269895,55697,733.3076923076924,-6.207693504626281,8705,-285.1776923076924,7.002436156932139,82507,577.75,14.371132197596824,51805,744.4965034965035,-7.368696040664685,30702,-166.74650349650346,8.281568497184013,66229,548.48,15.148311763896102,49299.5,746.8041958041958,-6.8667432667120885,16929.5,-198.32419580419582,10.285201434604286,56052.37813431126,576.51,15.86588169935649,47128,747.7272727272727,-5.580680264752205,8924.378134311257,-171.21727272727276
A013C,2020,162,AME,AME,AME04,AME004,A 13C,A013C,2020,SRIWIJAYA,0.1,,0.1,0,0,0,0,0,0.1,0,0,0,0,0,0,0,0,0,0,0,0,0,0,7,0,0,0,0,0,0,0,0,0,0,0,,0,0,0,7,0,0,7,70,0,0,0,0,A013C,2020.0,206,AME004,A013C,0.1,0.5,14,2020,140,,0,0,,0,0,,0,0,,0,0,,0,0,,0,0,,0,0,,0,0,,0,0,,0,0,,0,0,,0,0,,0,0,,0,0,,0,0,,0,0,,0,0,,0,0,,0,0,,0,0,,0,0,,0,0,,0,0,,0,0,,0,0,,0,0,,0,0,2.364341085271318,258,0.61,2.4975024975024978,98,0.24475524475524477,-0.13316141223117972,160,0.3652447552447552,4.039301310043668,458,1.85,3.4965034965034967,126,0.4405594405594406,0.5427978135401714,332,1.4094405594405595,4.845007570324328,495.3552631578948,2.4,4.370629370629371,112,0.48951048951048953,0.4743781996949572,383.3552631578948,1.9104895104895103
C014A,2012,225,AME,AME,AME04,AME004,C 14,C014A,2012,Topaz,29.200000000000003,,29.200000000000003,0,0,0,1.5,0,30.700000000000003,0,0,0,0,3251,175,310,0,0,0,0,0,3736,127.94520547945204,0,0,0,0,0,0,0,0,0,0,0,0,,0,0,0,3251,485,0,3736,127.94520547945204,151,36,187,0.05005353319057816,C014A,2012.0,162,AME004,C014A,29.200000000000003,0.13743698593791454,3769,2012,129.0753424657534,,0,0,,0,0,,0,0,1.996512641673932,22940,45.8,2.4975024975024973,45514,113.67132867132867,-0.5009898558285653,-22574,-67.87132867132867,2.365571129922204,58358,138.05,3.4563586262838326,60968,210.72727272727272,-1.0907874963616284,-2610,-72.67727272727271,3.483270879926537,67517,235.18,4.187742483040436,59506,249.19580419580421,-0.7044716031138991,8011,-14.015804195804208,4.695601755984428,72438,340.14,5.795548910987019,60396,350.027972027972,-1.0999471550025914,12042,-9.887972027972012,5.480236143179084,72329,396.38,7.92619145560322,56525,448.02797202797206,-2.445955312424136,15804,-51.64797202797206,5.6981740897597,64461,367.31,10.833833674188485,53099,575.2657342657343,-5.135659584428785,11362,-207.9557342657343,7.761660100579147,55081,427.52,12.874510777798667,49363,635.5244755244755,-5.11285067721952,5718,-208.00447552447554,7.000521318778534,63301,443.14,14.219895868919473,45627,648.8111888111888,-7.219374550140938,17674,-205.6711888111888,7.545327939518535,75395,568.88,15.009177051161126,43516.5,653.1468531468531,-7.463849111642591,31878.5,-84.26685314685312,8.647727272727273,60720,525.09,15.740943838115685,41493.5,653.1468531468531,-7.093216565388412,19226.5,-128.0568531468531,10.26278770965541,55789.909739760624,572.56,16.482993353947663,39625.5,653.1468531468531,-6.220205644292253,16164.409739760624,-80.58685314685317
A013D,2021,163,AME,AME,AME04,AME004,A 13D,A013D,2021,SRIWIJAYA,1.9,,1.9,0,0,0,0.1,0,2,0,0,0,0,0,0,0,0,0,0,0,0,0,0,0,0,205,0,0,0,0,16,0,0,2,0,,0,1,0,205,19,0,224,117.89473684210527,0,0,0,0,A013D,2021.0,210,AME004,A013D,1.9,0.24074074074074073,270,2021,142.10526315789474,,0,0,,0,0,,0,0,,0,0,,0,0,,0,0,,0,0,,0,0,,0,0,,0,0,,0,0,,0,0,,0,0,,0,0,,0,0,,0,0,,0,0,,0,0,,0,0,,0,0,,0,0,,0,0,,0,0,,0,0,,0,0,,0,0,,0,0,,0,0,,0,0,,0,0,3.5017508754377187,3998,14,2.4975024975024978,2870,7.167832167832168,1.004248377935221,1128,6.832167832167832,4.213163018186998,3239.846153846154,13.65,3.4965034965034967,3690,12.902097902097903,0.7166595216835017,-450.1538461538462,0.7479020979020969
C018A,2012,229,AME,AME,AME04,AME004,C 18A,C018A,2012,Topaz,27.3,,27.3,0,0,0,1.783438586,0,29.083438586,0,0,0,0,1252,1139,560,306,0,0,0,0,3257,119.3040293040293,0,0,0,10,0,0,0,110,0,0,0,3,,0,0,0,1252,2125,3,3380,123.80952380952381,109,21,130,0.038461538461538464,C018A,2012.0,163,AME004,C018A,27.3,0.629585798816568,3380,2012,123.80952380952381,,0,0,,0,0,,0,0,2.146444864291968,21701,46.58,2.4975024975024973,17528,43.77622377622377,-0.3510576332105293,4173,2.803776223776225,2.4386467281790223,47145,114.97,3.082541905887886,38482,118.62237762237763,-0.6438951777088637,8663,-3.652377622377628,3.6341590443019434,61442,223.29,3.696576297560297,48374,178.8181818181818,-0.06241725325835379,13068,44.47181818181818,4.417654912432263,63665,281.25,4.71622638099263,52620,248.16783216783222,-0.2985714685603673,11045,33.082167832167784,5.199950442575334,72643,377.74,6.36315813499525,51472,327.5244755244755,-1.163207692419916,21171,50.21552447552449,5.556289896189309,62036,344.69,8.685242834905507,48469,420.965034965035,-3.128952938716198,13567,-76.27503496503499,8.225129699675492,48381,397.94,11.040126445021214,45518,502.5244755244756,-2.814996745345722,2863,-104.58447552447558,6.699048492948475,50131,335.83,12.933778320304905,42261,546.5944055944057,-6.234729827356429,7870,-210.76440559440567,6.685678568638175,63995,427.85,14.260052337266572,39630,565.1258741258742,-7.574373768628397,24365,-137.27587412587422,7.6856401479600285,54339,417.63,15.10946457046143,37708.5,569.7552447552448,-7.423824422501402,16630.5,-152.1252447552448,9.423005398787875,48332.7750251088,455.44,15.848832680928771,35967,570.0349650349651,-6.4258272821408955,12365.7750251088,-114.59496503496513
A013E,0,164,AME,AME,AME04,AME004,A 13D,A013E,0,0,0,,0,0,0,0,0.44,5.1,5.54,0,0,0,0,0,0,0,0,0,0,0,0,0,0,0,0,0,0,0,0,0,0,0,0,0,0,,0,0,0,0,0,0,0,0,0,0,0,0,,,,,,,,,,,,,,,,,,,,,,,,,,,,,,,,,,,,,,,,,,,,,,,,,,,,,,,,,,,,,,,,,,,,,,,,,,,,,,,,,,,,,,,,,,,,,,,,,,,,,,,,,,,,,,,,,,,,,,
A018A,2013,169,AME,AME,AME04,AME004,A 18,A018A,2013,Topaz,3.7,,3.7,0,0,0,0.53,0,4.23,0,0,0,0,0,61,0,0,424,0,0,0,485,131.08108108108107,0,0,0,0,0,0,0,0,0,0,0,0,,0,0,0,61,424,0,485,131.08108108108107,1,0,1,0.002061855670103093,A018A,2013.0,164,AME004,A018A,3.7,0.8742268041237113,485,2013,131.08108108108107,,0,0,,0,0,,0,0,,0,0,,0,0,,0,0,2.945648042569365,2631,7.75,2.4975024975024978,854,2.132867132867133,0.44814554506686743,1777,5.617132867132867,5.511964385086255,3594,19.81,3.4965034965034962,1098,3.8391608391608387,2.015460888582759,2496,15.97083916083916,6.659222036106458,5373,35.78,4.370629370629371,976,4.265734265734266,2.288592665477087,4397,31.514265734265734,6.149369544131911,6186,38.04,3.008854571354572,6912,20.7972027972028,3.140514972777339,-726,17.2427972027972,6.079354404841964,5948,36.16,4.02054947509493,8547,34.36363636363637,2.0588049297470334,-2599,1.7963636363636297,5.4793658782083545,7948,43.55,5.166475315729048,7638,39.46153846153847,0.31289056247930613,310,4.08846153846153,6.417150134427621,7067,45.35,6.885947627665986,7577,52.17482517482517,-0.4687974932383643,-510,-6.824825174825172,5.764078110808356,8808,50.77,9.029182887050908,7092,64.03496503496504,-3.265104776242552,1716,-13.264965034965037,7.4390089748451524,7911,58.85,11.881000355576628,6637.5,78.86013986013987,-4.4419913807314755,1273.5,-20.010139860139866,9.425793003809025,6414.314421669107,60.46,13.713441661039916,6183,84.7902097902098,-4.287648657230891,231.3144216691071,-24.3302097902098
A014A,2017,165,AME,AME,AME04,AME004,A 14,A014A,2017,Socfin,8.7,,8.7,0,0,0,0.3,0,9,0,0,0,0,0,0,0,0,0,1218,0,0,1218,140,0,0,0,0,0,0,0,0,28,0,0,0,,0,0,0,1218,0,28,1246,143.2183908045977,1,0,1,0.0008025682182985554,A014A,2017.0,183,AME004,A014A,8.7,0.02247191011235955,1246,2017,143.2183908045977,,0,0,,0,0,,0,0,,0,0,,0,0,,0,0,,0,0,,0,0,,0,0,,0,0,,0,0,,0,0,,0,0,,0,0,,0,0,,0,0,,0,0,,0,0,2.99797434166104,1481,4.44,2.4975024975024973,17052,42.58741258741258,0.5004718441585427,-15571,-38.14741258741258,3.2599013838078577,12574,40.99,3.496503496503496,21924,76.65734265734264,-0.23660211269563813,-9350,-35.66734265734264,4.822094468614046,12872,62.07,4.37062937062937,19488,85.17482517482516,0.45146509798467616,-6616,-23.10482517482516,4.2043041606886655,17425,73.26,6.118881118881119,19488,119.24475524475524,-1.9145769581924537,-2063,-45.984755244755235,5.583717357910906,20832,116.32,8.39160839160839,18270,153.31468531468528,-2.8078910336974836,2562,-36.994685314685285,6.0437338111079955,17363.438443818788,104.94,11.488511488511486,17052,195.90209790209786,-5.444777677403491,311.4384438187881,-90.96209790209787
A019A,2013,172,AME,AME,AME04,AME004,A 19,A019A,2013,Topaz,10.4,,10.4,0,0,0,0.9,0,11.3,0,0,0,0,0,669,223,0,0,0,0,0,892,85.76923076923076,0,255,0,0,0,0,0,90,0,0,0,0,,0,0,0,669,568,0,1237,118.9423076923077,65,22,87,0.07033144704931285,A019A,2013.0,165,AME004,A019A,10.4,0.4591754244139046,1237,2013,118.9423076923077,,0,0,,0,0,,0,0,2.254836134627338,10776,24.29811418674419,,0,0,,10776,24.29811418674419,2.8828454367317855,16841,48.55,2.4975024975024973,9366,23.391608391608393,0.3853429392292882,7475,25.158391608391604,4.481211105792245,16712,74.89,3.290826820238585,15164,49.90209790209791,1.1903842855536602,1548,24.987902097902094,5.3370925458772325,20217,107.9,4.132231404958678,14718,60.81818181818182,1.2048611409185543,5499,47.081818181818186,5.590075701220846,22853,127.75,5.681818181818182,14272,81.0909090909091,-0.09174248059733525,8581,46.65909090909091,6.109668397922493,20024,122.34,7.795483205319273,13603,106.04195804195805,-1.6858148073967794,6421,16.29804195804195,8.275243168133395,17272,142.93,10.673536989326465,12711,135.6713286713287,-2.3982938211930698,4561,7.258671328671312,7.041666666666667,18000,126.75,12.930465760654439,11819,152.82517482517483,-5.888799093987772,6181,-26.075174825174827,6.9868883366183905,23338,163.06,11.372017649178442,14497,164.86013986013987,-4.385129312560052,8841,-1.8001398601398648,7.437528627411064,19649,146.14,11.49724302236084,14959.5,171.993006993007,-4.059714394949776,4689.5,-25.853006993007,9.201192141962105,17246.678207739307,158.69,12.40948504132708,14003.5,173.7762237762238,-3.2082928993649755,3243.1782077393073,-15.08622377622379
A014B,2018,166,AME,AME,AME04,AME004,A 14B,A014B,2018,Lonsum,4.3,,4.3,0,0,0,0.4,0,4.7,0,0,0,0,0,0,0,0,0,0,583,0,583,135.58139534883722,0,0,0,0,0,0,0,0,0,0,0,0,,0,37,0,583,37,0,620,144.18604651162792,0,0,0,0,A014B,2018.0,193,AME004,A014B,4.3,0.03316749585406302,603,2018,140.2325581395349,,0,0,,0,0,,0,0,,0,0,,0,0,,0,0,,0,0,,0,0,,0,0,,0,0,,0,0,,0,0,,0,0,,0,0,,0,0,,0,0,,0,0,,0,0,,0,0,,0,0,,0,0,2.97866937531742,3938,11.73,2.4975024975024973,8162,20.384615384615383,0.4811668778149225,-4224,-8.654615384615383,4.7262714609653385,6174,29.18,3.4965034965034967,10494,36.69230769230769,1.2297679644618418,-4320,-7.512307692307694,3.619182612804158,8466,30.64,4.37062937062937,9328,40.76923076923077,-0.751446757825212,-862,-10.129230769230766,5.059347181008902,9436,47.74,6.118881118881119,9328,57.07692307692308,-1.0595339378722173,108,-9.336923076923078,6.3632664961067125,8527.067039106145,54.26,8.391608391608392,8745,73.38461538461539,-2.028341895501679,-217.93296089385512,-19.12461538461539
A021A,2013,178,AME,AME,AME04,AME004,A 21,A021A,2013,Topaz,8.5,,8.5,0,0,0,0.5,0,9,0,0,0,0,0,756,156,0,0,0,0,0,912,107.29411764705883,0,62,0,0,0,0,0,0,0,0,0,0,,0,0,0,756,218,0,974,114.58823529411765,25,5,30,0.030800821355236138,A021A,2013.0,166,AME004,A021A,8.5,0.24475524475524477,1001,2013,117.76470588235294,,0,0,,0,0,,0,0,1.7795816422104278,6406,11.4,,0,0,,6406,11.4,2.6897737038097964,13964,37.56,2.4975024975024973,10584,26.43356643356643,0.1922712063072991,3380,11.126433566433573,4.543184183142559,14415,65.49,3.358343783875698,15792,53.034965034965026,1.1848403992668608,-1377,12.455034965034969,5.406655988610073,16857,91.14,4.205938988547684,14904,62.68531468531468,1.2007170000623884,1953,28.45468531468532,5.672856362643365,18310,103.87,5.819838056680161,14592,84.9230769230769,-0.14698169403679628,3718,18.9469230769231,5.672699097902485,18069,102.5,7.98161075697936,13836,110.43356643356641,-2.308911659076875,4233,-7.933566433566412,7.242658819013498,15631,113.21,10.927790872080564,12924,141.23076923076923,-3.6851320530670657,2707,-28.020769230769233,6.911843006008976,13147,90.87,13.09180330159351,12012,157.25874125874125,-6.179960295584534,1135,-66.38874125874125,6.796660441612655,18206,123.74,13.50337496727871,11968,161.6083916083916,-6.7067145256660545,6238,-37.868391608391605,7.329087048832272,16485,120.82,13.982422302915369,11682,163.34265734265733,-6.653335254083097,4803,-42.52265734265734,8.603889166892113,15190.804700615558,130.7,14.75195674439054,11102,163.7762237762238,-6.148067577498427,4088.8047006155575,-33.0762237762238
A014C,2020,167,AME,AME,AME04,AME004,A 14C,A014C,2020,SRIWIJAYA,0.8,,0.8,0,0,0,0.3,0,1.1,0,0,0,0,0,0,0,0,0,0,0,0,0,0,104,0,0,0,0,0,0,2,0,0,0,0,,0,9,0,104,11,0,115,143.75,0,0,0,0,A014C,2020.0,207,AME004,A014C,0.8,0.1111111111111111,117,2020,146.25,,0,0,,0,0,,0,0,,0,0,,0,0,,0,0,,0,0,,0,0,,0,0,,0,0,,0,0,,0,0,,0,0,,0,0,,0,0,,0,0,,0,0,,0,0,,0,0,,0,0,,0,0,,0,0,,0,0,,0,0,,0,0,,0,0,,0,0,2.1604447974583003,1259,2.72,2.4975024975024978,1456,3.6363636363636367,-0.33705770004419744,-197,-0.9163636363636365,3.9358761746821447,1809,7.12,3.4965034965034967,1872,6.545454545454546,0.439372678178648,-63,0.5745454545454542,4.814703525641026,1050.9473684210525,5.06,4.370629370629371,1664,7.272727272727273,0.4440741550116556,-613.0526315789475,-2.2127272727272738
B014A,2013,187,AME,AME,AME04,AME004,B 14,B014A,2013,Topaz,4,,4,0,0,0,0.2,0,4.2,0,0,0,0,0,517,0,0,0,0,0,0,517,129.25,0,0,0,0,0,0,0,0,0,0,0,0,,0,0,0,517,0,0,517,129.25,50,18,68,0.13152804642166344,B014A,2013.0,167,AME004,B014A,4,0,517,2013,129.25,,0,0,,0,0,,0,0,,0,0,,0,0,,0,0,,0,0,2.4975024975024978,7238,18.076923076923077,,-7238,-18.076923076923077,,0,0,3.4965034965034967,9306,32.53846153846154,,-9306,-32.53846153846154,,0,0,4.370629370629371,8272,36.15384615384615,,-8272,-36.15384615384615,1.9571567672833494,1027,2.01,6.118881118881118,8272,50.61538461538461,-4.161724351597769,-7245,-48.605384615384615,2.669395179627103,2199,5.87,8.391608391608392,7755,65.07692307692308,-5.7222132119812885,-5556,-59.20692307692308,0.6005738597011971,10107,6.07,11.488511488511488,7238,83.15384615384616,-10.887937628810292,2869,-77.08384615384617,4.533478201819911,7363,33.38,13.448090371167295,6721,90.38461538461539,-8.914612169347384,642,-57.004615384615384,6.389834630350195,8224,52.55,14.56876456876457,6204,90.38461538461539,-8.178929938414374,2020,-37.83461538461539,7.293784583708661,7771,56.68,15.202189115232594,5945.5,90.38461538461539,-7.908404531523933,1825.5,-33.70461538461539,9.085331140726975,7012.402631578948,63.71,15.89319771137953,5687,90.38461538461539,-6.807866570652555,1325.4026315789479,-26.674615384615386
A014D,0,168,AME,AME,AME04,AME004,A 14C,A014D,0,0,0,,0,0,0,0,0.2,1.2,1.4,0,0,0,0,0,0,0,0,0,0,0,0,0,0,0,0,0,0,0,0,0,0,0,0,0,0,,0,0,0,0,0,0,0,0,0,0,0,0,,,,,,,,,,,,,,,,,,,,,,,,,,,,,,,,,,,,,,,,,,,,,,,,,,,,,,,,,,,,,,,,,,,,,,,,,,,,,,,,,,,,,,,,,,,,,,,,,,,,,,,,,,,,,,,,,,,,,,
B015A,2013,192,AME,AME,AME04,AME004,B 15,B015A,2013,Topaz,0.6,,0.6,0,0,0,0.5,0,1.1,0,0,0,0,0,61,0,0,0,0,0,0,61,101.66666666666667,0,0,0,0,0,0,0,0,0,0,0,0,,0,0,0,61,0,0,61,101.66666666666667,1,0,1,0.01639344262295082,B015A,2013.0,168,AME004,B015A,0.6,0,61,2013,101.66666666666667,,0,0,,0,0,,0,0,,0,0,,0,0,,0,0,,0,0,2.4975024975024978,854,2.132867132867133,,-854,-2.132867132867133,,0,0,3.4965034965034962,1098,3.8391608391608387,,-1098,-3.8391608391608387,,0,0,4.370629370629371,976,4.265734265734266,,-976,-4.265734265734266,1.67574931880109,367,0.615,6.118881118881119,976,5.9720279720279725,-4.443131800080029,-609,-5.357027972027972,9.069373942470389,591,5.36,8.391608391608392,915,7.6783216783216774,0.6777655508619969,-324,-2.318321678321677,1.9222689075630253,952,1.83,11.488511488511486,854,9.81118881118881,-9.566242580948462,98,-7.98118881118881,4.21455938697318,1044,4.4,13.448090371167297,793,10.664335664335665,-9.233530984194116,251,-6.264335664335665,4.41617742987606,1533,6.77,14.568764568764571,732,10.664335664335665,-10.15258713888851,801,-3.8943356643356655,6.782393056416615,1613,10.94,15.202189115232596,701.5,10.664335664335665,-8.41979605881598,911.5,0.27566433566433446,7.952282630725578,1532.893203883495,12.19,15.893197711379532,671,10.664335664335665,-7.940915080653954,861.8932038834951,1.5256643356643345
B016A,2013,197,AME,AME,AME04,AME004,B 16,B016A,2013,Topaz,0.9,,0.9,0,0,0,0.64,0,1.54,0,0,0,0,0,139,0,0,0,0,0,0,139,154.44444444444443,0,0,0,0,0,0,0,0,0,0,0,0,,0,0,0,139,0,0,139,154.44444444444443,1,0,1,0.007194244604316547,B016A,2013.0,169,AME004,B016A,0.9,0,139,2013,154.44444444444443,,0,0,,0,0,,0,0,,0,0,,0,0,,0,0,,0,0,2.4975024975024973,1946,4.86013986013986,,-1946,-4.86013986013986,,0,0,3.496503496503496,2502,8.748251748251747,,-2502,-8.748251748251747,,0,0,4.37062937062937,2224,9.72027972027972,,-2224,-9.72027972027972,1.5909090909090908,352,0.56,6.118881118881118,2224,13.608391608391607,-4.5279720279720275,-1872,-13.048391608391606,7.938461538461539,650,5.16,8.39160839160839,2085,17.496503496503493,-0.4531468531468512,-1435,-12.336503496503493,1.118661787767904,1913,2.14,11.488511488511486,1946,22.356643356643353,-10.369849700743583,-33,-20.216643356643353,5.159461374911411,1411,7.28,13.448090371167293,1807,24.3006993006993,-8.288628996255882,-396,-17.0206993006993,4.532644434006576,2129,9.65,14.568764568764568,1668,24.3006993006993,-10.036120134757992,461,-14.6506993006993,6.904055390702275,2022,13.96,15.202189115232592,1598.5,24.3006993006993,-8.298133724530317,423.5,-10.340699300699299,8.10957387718057,1898.9900373599003,15.4,15.893197711379528,1529,24.3006993006993,-7.783623834198959,369.99003735990027,-8.9006993006993
A018B,2018,170,AME,AME,AME04,AME004,A 18B,A018B,2018,Lonsum,1.2,,1.2,0,0,0,0,0,1.2,0,0,0,0,0,0,0,0,0,0,103,0,103,85.83333333333334,0,0,0,12,0,0,0,0,0,0,0,0,,0,0,0,103,12,0,115,95.83333333333334,0,0,0,0,A018B,2018.0,194,AME004,A018B,1.2,0.33974358974358976,156,2018,130,,0,0,,0,0,,0,0,,0,0,,0,0,,0,0,,0,0,,0,0,,0,0,,0,0,,0,0,,0,0,,0,0,,0,0,,0,0,,0,0,,0,0,,0,0,,0,0,,0,0,,0,0,3.3739910313901347,5575,18.81,2.4975024975024973,1442,3.601398601398601,0.8764885338876374,4133,15.208601398601399,5.743329097839898,1574,9.04,3.4965034965034967,1854,6.4825174825174825,2.2468256013364014,-280,2.5574825174825166,2.8867028493894167,2948,8.51,4.37062937062937,1648,7.202797202797202,-1.4839265212399533,1300,1.3072027972027982,4.748401445649152,3597,17.08,5.78386371337913,1816,10.503496503496502,-1.0354622677299785,1781,6.576503496503497,5.536734933407001,3204.0544135429263,17.74,7.791186666825507,1761,13.72027972027972,-2.254451733418507,1443.0544135429263,4.0197202797202785
B017A,2013,205,AME,AME,AME04,AME004,B 17,B017A,2013,Topaz,2,,2,0,0,0,0.5,0,2.5,0,0,0,0,0,244,0,0,0,0,0,0,244,122,0,0,0,0,0,0,0,0,0,0,0,0,,0,0,0,244,0,0,244,122,0,0,0,0,B017A,2013.0,170,AME004,B017A,2,0,244,2013,122,,0,0,,0,0,,0,0,,0,0,,0,0,,0,0,,0,0,2.4975024975024978,3416,8.531468531468532,,-3416,-8.531468531468532,3.957239309827457,2666,10.55,3.4965034965034967,4392,15.356643356643357,0.4607358133239603,-1726,-4.806643356643356,,0,0,4.370629370629371,3904,17.062937062937063,,-3904,-17.062937062937063,1.4803312629399585,483,0.715,6.118881118881118,3904,23.888111888111887,-4.63854985594116,-3421,-23.173111888111887,1.576086956521739,1288,2.03,8.391608391608392,3660,30.713286713286713,-6.815521435086652,-2372,-28.683286713286712,0.5951152390780874,5814,3.46,11.488511488511488,3416,39.24475524475525,-10.893396249433401,2398,-35.784755244755246,3.461337513061651,3828,13.25,13.448090371167293,3172,42.65734265734265,-9.986752858105643,656,-29.407342657342653,4.7599301615015275,4582,21.81,14.568764568764568,2928,42.65734265734265,-9.80883440726304,1654,-20.847342657342654,6.88066319645267,5187,35.69,15.202189115232592,2806,42.65734265734265,-8.321525918779923,2381,-6.967342657342655,8.559458818250093,4422.008540925267,37.85,15.893197711379528,2684,42.65734265734265,-7.333738893129436,1738.008540925267,-4.807342657342652
A018C,2022,171,AME,AME,AME04,AME004,A 18B,A018C,2022,Lonsum,1.9,,1.9,0,0,0,0.8,9.4,12.100000000000001,0,0,0,0,0,0,0,0,0,0,0,0,0,0,0,0,0,0,223,0,0,26,0,0,0,0,,0,0,0,223,26,0,249,131.05263157894737,0,0,0,0,A018C,2022.0,216,AME004,A018C,1.9,0.1740740740740741,270,2022,142.10526315789474,,0,0,,0,0,,0,0,,0,0,,0,0,,0,0,,0,0,,0,0,,0,0,,0,0,,0,0,,0,0,,0,0,,0,0,,0,0,,0,0,,0,0,,0,0,,0,0,,0,0,,0,0,,0,0,,0,0,,0,0,,0,0,,0,0,,0,0,,0,0,,0,0,,0,0,,0,0,,0,0,,0,0,3.4803320408033063,2183.699690402477,7.6,2.4975024975024973,3122,7.7972027972027975,0.982829543300809,-938.3003095975232,-0.19720279720279787
B021A,2013,216,AME,AME,AME04,AME004,B 21,B021A,2013,Topaz,30,,30,0,0,0,1.5,0,31.5,0,0,0,0,0,2900,499,0,0,0,0,0,3399,113.3,0,198,0,0,0,0,0,0,0,0,0,0,,0,0,0,2900,697,0,3597,119.9,174,33,207,0.057547956630525435,B021A,2013.0,171,AME004,B021A,30,0.19377258826800112,3597,2013,119.9,,0,0,,0,0,,0,0,2.0598491143336597,34313,70.67960266013087,,0,0,,34313,70.67960266013087,2.733865785366749,54465,148.9,2.4975024975024978,40600,101.3986013986014,0.23636328786425143,13865,47.501398601398606,4.0878696625743185,64755,264.71,3.37858674289587,59186,199.96503496503496,0.7092829196784485,5569,64.74496503496502,5.140005359056806,59712,306.92,4.228861312390257,55382,234.2027972027972,0.911144046666549,4330,72.71720279720282,5.623688401375225,67189,377.85,5.86222397784622,54384,318.81118881118886,-0.2385355764709951,12805,59.03881118881117,5.813491093401131,61359,356.71,8.039159969856886,51484,413.8881118881119,-2.225668876455755,9875,-57.178111888111914,6.840505629619396,57908,396.12,11.006441826863995,48085,529.2447552447552,-4.165936197244599,9823,-133.1247552447552,7.0605832616795645,55824,394.15,13.141738984284746,44686,587.2517482517482,-6.081155722605182,11138,-193.10174825174818,7.426073257187869,63475,471.37,13.644291657864366,44059,601.1538461538461,-6.218218400676498,19416,-129.78384615384607,7.407761194029851,58625,434.28,14.14135256380373,42902,606.6923076923076,-6.73359136977388,15723,-172.41230769230765,8.601671916945524,54158.075836659504,465.85,14.901472144803476,40806.5,608.076923076923,-6.299800227857952,13351.575836659504,-142.22692307692296
B022A,2013,218,AME,AME,AME04,AME004,B 22,B022A,2013,Topaz,12.92,,12.92,0,0,0,0.8,0,13.72,0,0,0,0,0,976,147,0,0,0,0,0,1123,86.91950464396285,0,78,0,10,0,0,0,0,0,0,0,0,,0,0,0,976,235,0,1211,93.73065015479877,117,21,138,0.11395540875309662,B022A,2013.0,172,AME004,B022A,12.92,0.250384024577573,1302,2013,100.77399380804954,,0,0,,0,0,,0,0,1.8050392399834778,7263,13.11,,0,0,,7263,13.11,2.7589827344843676,17144,47.3,2.4975024975024978,13664,34.12587412587413,0.26148023698186984,3480,13.17412587412587,4.071195676448256,22389,91.15,3.3917473538384577,19626,66.56643356643357,0.6794483226097983,2763,24.583566433566432,4.973016368583025,22421,111.5,4.243976371892264,18262,77.5034965034965,0.7290399966907612,4159,33.99650349650349,5.844912784558854,23677,138.39,5.890036054773366,17968,105.83216783216784,-0.04512327021451146,5709,32.557832167832146,5.600834554090647,22527,126.17,8.07702184820829,16992,137.24475524475525,-2.4761872941176426,5535,-11.074755244755252,6.851277154452137,20945,143.5,11.058196325068845,15869,175.48251748251752,-4.206919170616708,5076,-31.982517482517522,6.52704081632653,19600,127.93,13.174605131746056,14746,194.2727272727273,-6.647564315419525,4854,-66.3427272727273,7.536764705882353,22304,168.1,13.527417197141968,14715,199.05594405594408,-5.990652491259615,7589,-30.955944055944087,7.050577496274218,21472,151.39,13.871966184104913,14532,201.58741258741262,-6.821388687830695,6940,-50.19741258741263,8.687932346884928,18365.704707312838,159.56,14.609880357471399,13854.5,202.41258741258747,-5.921948010586471,4511.204707312838,-42.85258741258747
A019B,2017,173,AME,AME,AME04,AME004,A 19B,A019B,2017,Socfin,3,,3,0,0,0,0.5,0,3.5,0,0,0,0,0,0,0,0,0,392,0,0,392,130.66666666666666,0,0,0,0,0,0,0,17,0,0,0,0,,0,0,0,392,17,0,409,136.33333333333334,0,0,0,0,A019B,2017.0,184,AME004,A019B,3,0.04156479217603912,409,2017,136.33333333333334,,0,0,,0,0,,0,0,,0,0,,0,0,,0,0,,0,0,,0,0,,0,0,,0,0,,0,0,,0,0,,0,0,,0,0,,0,0,,0,0,,0,0,,0,0,3.3205374280230324,521,1.73,2.4975024975024973,5488,13.706293706293705,0.8230349305205351,-4967,-11.976293706293704,2.7311876699909337,4412,12.05,3.4965034965034962,7056,24.67132867132867,-0.7653158265125626,-2644,-12.62132867132867,5.3219063545150505,4784,25.46,4.37062937062937,6272,27.41258741258741,0.9512769838856805,-1488,-1.952587412587409,3.869918699186992,7380,28.56,6.118881118881119,6272,38.37762237762238,-2.248962419694127,1108,-9.817622377622381,5.348866982460632,7811,41.78,8.39160839160839,5880,49.34265734265734,-3.042741409147758,1931,-7.562657342657339,6.66085461664488,6479.649006622517,43.16,11.488511488511488,5488,63.048951048951054,-4.827656871866608,991.6490066225169,-19.888951048951057
B022B,2013,219,AME,AME,AME04,AME004,B 22,B022B,2013,0,0,,0,0,0,0,0.6,21.5,22.1,0,0,0,0,0,0,0,0,0,0,0,0,0,0,0,0,0,0,0,0,0,0,0,0,0,0,,0,0,0,0,0,0,0,0,0,0,0,0,B022B,2013.0,173,AME004,B022B,0,0,0,2013,0,,0,0,,0,0,,0,0,,0,0,,0,0,,0,0,,0,0,,0,0,,0,0,,0,0,,0,0,,0,0,,0,0,,0,0,,0,0,,0,0,,0,0,,0,0,,0,0,,0,0,,0,0,,0,0,,0,0,,0,0,,0,0,,0,0,,0,0,,0,0,,0,0,,0,0,,0,0,,0,0,,0,0,,0,0,,0,0,,0,0
A019C,2019,174,AME,AME,AME04,AME004,A 19C,A019C,2019,Socfin,2.6999999999999997,,2.6999999999999997,0,0,0,0.4,0,3.0999999999999996,0,0,0,0,0,0,0,0,0,0,0,301,301,111.4814814814815,0,10,0,0,0,0,0,83,0,0,0,0,,0,0,0,301,93,0,394,145.92592592592595,0,0,0,0,A019C,2019.0,200,AME004,A019C,2.6999999999999997,0.23604060913705582,394,2019,145.92592592592595,,0,0,,0,0,,0,0,,0,0,,0,0,,0,0,,0,0,,0,0,,0,0,,0,0,,0,0,,0,0,,0,0,,0,0,,0,0,,0,0,,0,0,,0,0,,0,0,,0,0,,0,0,,0,0,,0,0,,0,0,4.423076923076923,832,3.68,2.4975024975024978,4214,10.524475524475525,1.9255744255744256,-3382,-6.844475524475525,2.5252834814587803,6526,16.48,3.4713397433800472,5558,19.2937062937063,-0.9460562619212669,968,-2.8137062937063,4.456869009584665,6260,27.9,4.33913564417968,4996,21.67832167832168,0.1177333654049848,1264,6.2216783216783185,5.255121293910003,5297.689328743546,27.84,6.062667236300678,4976,30.167832167832174,-0.807545942390675,321.68932874354596,-2.327832167832174
C013A,2013,224,AME,AME,AME04,AME004,C 13,C013A,2013,Topaz,29.700000000000003,,29.700000000000003,0,0,0,1.58805831408,0,31.288058314080004,0,0,0,0,0,3514,94,0,0,0,0,0,3608,121.48148148148147,0,0,0,0,0,0,0,0,0,0,0,0,,0,0,0,3514,94,0,3608,121.48148148148147,216,65,281,0.07788248337028825,C013A,2013.0,174,AME004,C013A,29.700000000000003,0.04093886462882096,3664,2013,123.36700336700335,,0,0,,0,0,,0,0,,0,0,,0,0,,0,0,2.7197590134613576,53115,144.46,2.4975024975024973,49196,122.86713286713285,0.2222565159588603,3919,21.592867132867156,4.073813190053403,61046,248.69,3.476142244572426,64568,224.44755244755243,0.5976709454809765,-3522,24.242447552447572,5.314385953618617,62137,330.22,4.345092023799117,57916,251.65034965034963,0.9692939298195,4221,78.5696503496504,5.9778959565049465,67318,402.42,6.073333540074116,57728,350.60139860139856,-0.09543758356916943,9590,51.81860139860146,6.131705870416908,64067,392.84,8.328558592328099,54214,451.5244755244755,-2.196852721911191,9853,-58.684475524475545,6.994977398292315,59730,417.81,11.402224618048828,50606,577.020979020979,-4.407247219756513,9124,-159.21097902097898,6.862523418825505,61916,424.9,13.39321982753618,46998,629.4545454545454,-6.530696408710675,14918,-204.5545454545454,7.871479738745698,71195,560.41,14.537202829436062,43390,630.7692307692307,-6.6657230906903635,27805,-70.35923076923075,8.24614964779724,58631,483.48,15.184988342743704,41539,630.7692307692307,-6.9388386949464635,17092,-147.2892307692307,10.643500807236466,50968.19268629833,542.48,15.874398660355626,39735,630.7692307692307,-5.23089785311916,11233.192686298331,-88.2892307692307
C015A,2013,226,AME,AME,AME04,AME004,C 15,C015A,2013,Topaz,28.900000000000002,,28.900000000000002,0,0,0,2.1,0,31.000000000000004,0,0,0,0,0,3037,170,0,0,0,0,0,3207,110.96885813148788,0,65,0,0,0,0,0,0,0,0,0,0,,0,0,0,3037,235,0,3272,113.21799307958477,119,37,156,0.04767726161369193,C015A,2013.0,175,AME004,C015A,28.900000000000002,0.11843251088534107,3445,2013,119.20415224913494,,0,0,,0,0,,0,0,2.120572887753969,18014,38.2,,0,0,,18014,38.2,2.174254791704456,49617,107.88,2.4975024975024973,42518,106.18881118881119,-0.3232477057980412,7099,1.691188811188809,3.674890469606357,60029,220.6,3.4548244589264114,57046,197.08391608391605,0.22006601067994547,2983,23.516083916083943,4.881569971284883,63033,307.7,4.318843860391138,51652,223.07692307692307,0.5627261108937445,11381,84.62307692307692,5.523146353618694,72236,398.97,6.0262079672743845,51312,309.2167832167832,-0.5030616136556905,20924,89.75321678321683,5.678516132059242,63941,363.09,8.263554156873678,48275,398.92307692307685,-2.585038024814436,15666,-35.833076923076874,7.244205921814406,54409,394.15,11.31328509956361,45068,509.8671328671328,-4.069079177749203,9341,-115.71713286713282,6.832458565822805,60397,412.66,13.336678848730635,41861,558.2867132867132,-6.50422028290783,18536,-145.62671328671314,7.2892282566651865,69803,508.81,14.228517413230783,39564,562.9370629370627,-6.9392891565655965,30239,-54.1270629370627,7.69968688605108,65152,501.65,14.809173729339975,38135.5,564.7552447552446,-7.109486843288894,27016.5,-63.1052447552446,9.634990525166735,59686.61811320755,575.08,15.526888363545684,36402,565.20979020979,-5.891897838378949,23284.61811320755,9.870209790210083
A020B,2017,176,AME,AME,AME04,AME004,A 20B,A020B,2017,Socfin,6.7,,6.7,0,0,0,0.8,0,7.5,0,0,0,0,0,0,0,0,0,919,0,0,919,137.1641791044776,0,0,0,5,0,0,0,6,0,0,0,6,,0,0,0,919,11,6,936,139.70149253731344,0,0,0,0,A020B,2017.0,185,AME004,A020B,6.7,0.01816239316239316,936,2017,139.70149253731344,,0,0,,0,0,,0,0,,0,0,,0,0,,0,0,,0,0,,0,0,,0,0,,0,0,,0,0,,0,0,,0,0,,0,0,,0,0,,0,0,,0,0,,0,0,3.7717770034843205,1148,4.33,2.4975024975024978,12866,32.13286713286713,1.2742745059818228,-11718,-27.802867132867135,3.223842885035029,8707,28.07,3.496503496503497,16542,57.83916083916085,-0.272660611468468,-7835,-29.769160839160847,5.1674508718516465,10839,56.01,4.370629370629371,14704,64.26573426573427,0.7968215012222757,-3865,-8.255734265734269,3.2646656014608535,17524,57.21,6.11888111888112,14704,89.97202797202799,-2.8542155174202666,2820,-32.76202797202799,5.424876505522562,18017,97.74,8.361829437253473,13855,115.85314685314687,-2.936952931730911,4162,-18.113146853146873,6.04175851431075,15548.453281853283,93.94,11.432994298076114,12956,148.12587412587413,-5.391235783765364,2592.4532818532825,-54.185874125874136
C016A,2013,227,AME,AME,AME04,AME004,C 16,C016A,2013,Topaz,28.700000000000003,,28.700000000000003,0,0,0,1.7,0,30.400000000000002,0,0,0,0,0,3688,65,0,0,0,0,0,3753,130.76655052264806,0,0,0,0,0,0,0,0,0,0,0,0,,0,0,0,3688,65,0,3753,130.76655052264806,165,47,212,0.056488142819078074,C016A,2013.0,176,AME004,C016A,28.700000000000003,0.026912928759894456,3790,2013,132.05574912891984,,0,0,,0,0,,0,0,1.9720848546471321,21637,42.67,,0,0,,21637,42.67,2.4397127716765223,52084,127.07,2.497502497502497,51632,128.95104895104893,-0.057789725825974525,452,-1.881048951048939,3.5126560089748984,57048,200.39,3.4829942548312682,67294,234.3846153846154,0.029661754143630148,-10246,-33.9946153846154,4.651522723975043,62027,288.52,4.3536343346905335,60178,261.99300699300693,0.2978883892845099,1849,26.526993006993052,5.1272894027403355,71962,368.97,6.0886023116238945,60048,365.60839160839157,-0.961312908883559,11914,3.3616083916084563,5.423437727839795,61721,334.74,8.349670202047774,56360,470.5874125874126,-2.9262324742079784,5361,-135.84741258741258,6.587996426541054,61565,405.59,11.431114554273067,52607,601.3566433566433,-4.843118127732013,8958,-195.76664335664333,6.376991550022576,62012,395.45,13.411589434023625,48854,655.2097902097902,-7.034597884001049,13158,-259.7597902097902,6.943692088382038,70150,487.1,14.547767923524557,45101,656.1188811188811,-7.604075835142519,25049,-169.01888111888104,7.464936535962955,60034,448.15,15.190750164819436,43192,656.1188811188811,-7.725813628856481,16842,-207.9688811188811,9.552836457184315,56574.81968023735,540.45,15.880695649789573,41315.5,656.1188811188811,-6.327859192605258,15259.31968023735,-115.66888111888102
A020C,2019,177,AME,AME,AME04,AME004,A 20C,A020C,2019,Socfin,1.8,,1.8,0,0,0,0.3,0,2.1,0,0,0,0,0,0,0,0,0,0,0,210,210,116.66666666666666,0,0,0,17,0,0,0,3,0,0,0,0,,0,1,0,210,21,0,231,128.33333333333334,0,0,0,0,A020C,2019.0,201,AME004,A020C,1.8,0.18287937743190663,257,2019,142.77777777777777,,0,0,,0,0,,0,0,,0,0,,0,0,,0,0,,0,0,,0,0,,0,0,,0,0,,0,0,,0,0,,0,0,,0,0,,0,0,,0,0,,0,0,,0,0,,0,0,,0,0,,0,0,,0,0,,0,0,,0,0,2.529940119760479,668,1.69,2.497502497502497,2940,7.342657342657342,0.0324376222579823,-2272,-5.652657342657342,2.175769835918184,4449,9.68,3.496503496503496,3780,13.216783216783215,-1.320733660585312,669,-3.536783216783215,4.2663831432437656,5173,22.07,4.246726036609305,3598,15.279720279720278,0.019657106634460852,1575,6.790279720279722,4.975072394404344,4677.318872017354,23.27,5.899991988371694,3666,21.62937062937063,-0.92491959396735,1011.3188720173539,1.6406293706293695
C017A,2013,228,AME,AME,AME04,AME004,C 17,C017A,2013,Topaz,26.9,,26.9,0,0,0,1.5,0,28.4,0,0,0,0,0,3183,321,0,0,0,0,0,3504,130.26022304832713,0,0,0,0,0,0,0,0,0,0,0,0,,0,0,0,3183,321,0,3504,130.26022304832713,141,42,183,0.052226027397260275,C017A,2013.0,177,AME004,C017A,26.9,0.11014816885658373,3577,2013,132.9739776951673,,0,0,,0,0,,0,0,2.027062463942938,19067,38.65,,0,0,,19067,38.65,2.5686441020663997,49458,127.04,2.4975024975024973,44562,111.2937062937063,0.0711416045639024,4896,15.746293706293713,3.788303305433395,56392,213.63,3.4238435869820596,61788,211.5524475524475,0.3644597184513354,-5396,2.077552447552506,4.5077396404191905,62406,281.31,4.281561206754308,56706,242.7902097902098,0.22617843366488266,5700,38.519790209790216,5.2481777651970845,70655,370.81,5.958724494683398,56064,334.06993006993,-0.7105467294863139,14591,36.74006993006998,5.549385572523009,58347,323.79,8.17087264015272,52881,432.083916083916,-2.621487067629711,5466,-108.29391608391597,6.655071105423478,55481,369.23,11.186516867299419,49377,552.3566433566434,-4.531445761875941,6104,-183.1266433566434,6.793313356325738,53061,360.46,13.256118023628323,45873,608.0979020979021,-6.462804667302585,7188,-247.6379020979021,7.286965465652662,64168,467.59,14.458387325341937,42369,612.5874125874125,-7.171421859689275,21799,-144.9974125874125,7.312165536924724,56060,409.92,15.141878624878883,40456.5,612.5874125874125,-7.829713087954159,15603.5,-202.66741258741246,9.217054941885726,52166.33762428551,480.82,15.827291725443102,38704.5,612.5874125874125,-6.610236783557376,13461.837624285508,-131.76741258741248
C018B,2015,230,AME,AME,AME04,AME004,C 18B,C018B,2015,PPKS/Lonsum,3,,3,1,0,0,0.3,0,4.3,0,0,0,0,0,0,0,298,0,0,87,0,385,128.33333333333334,0,0,0,0,0,0,0,13,0,0,0,0,,0,0,0,298,100,0,398,132.66666666666666,0,0,0,0,C018B,2015.0,178,AME004,C018B,3,0.25125628140703515,398,2015,132.66666666666666,,0,0,,0,0,,0,0,,0,0,,0,0,,0,0,,0,0,,0,0,,0,0,,0,0,,0,0,,0,0,3.165250236071766,5295,16.76,2.497502497502497,4172,10.419580419580418,0.6677477385692692,1123,6.340419580419583,4.071898167575885,7149,29.11,3.496503496503496,5364,18.755244755244753,0.575394671072389,1785,10.354755244755246,5.741477764319086,5779,33.18,4.37062937062937,4768,20.839160839160837,1.370848393689716,1011,12.340839160839163,6.244477172312224,5432,33.92,5.3820219206119635,5986,32.21678321678321,0.8624552517002604,-554,1.7032167832167886,7.278238027884421,4949,36.02,7.1216060281666635,6036,42.98601398601398,0.15663199971775743,-1087,-6.9660139860139765,6.213770894034657,6521,40.52,9.707761684756651,5564,54.01398601398601,-3.493990790721994,957,-13.49398601398601,7.035787895821622,5337,37.55,11.510707294983785,5266,60.61538461538461,-4.474919399162163,71,-23.065384615384616,7.365580541851806,5737.497507477567,42.26,12.917220046906586,4881,63.04895104895104,-5.55163950505478,856.4975074775666,-20.78895104895104
A021B,2017,179,AME,AME,AME04,AME004,A 21B,A021B,2017,Socfin,5,,5,0,0,0,1.1,0,6.1,0,0,0,0,0,0,0,0,0,542,0,0,542,108.4,0,5,0,6,0,0,0,0,0,0,0,0,,0,0,0,542,11,0,553,110.6,6,0,6,0.0108499095840868,A021B,2017.0,186,AME004,A021B,5,0.16615384615384615,650,2017,130,,0,0,,0,0,,0,0,,0,0,,0,0,,0,0,,0,0,,0,0,,0,0,,0,0,,0,0,,0,0,,0,0,,0,0,,0,0,,0,0,,0,0,,0,0,3.4393404004711425,849,2.92,2.497502497502497,7588,18.951048951048946,0.9418379029686457,-6739,-16.031048951048945,3.1791709489551216,5838,18.56,3.496503496503496,9756,34.111888111888106,-0.31733254754837414,-3918,-15.551888111888108,4.626059191944001,8143,37.67,4.370629370629369,8672,37.90209790209789,0.25542982131463177,-529,-0.23209790209789105,3.259718775847808,12090,39.41,6.0898835778725955,8742,53.23776223776223,-2.8301648020247874,3348,-13.827762237762236,5.3353543008715425,13195,70.4,8.27893205060835,8304,68.74825174825175,-2.943577749736808,4891,1.6517482517482591,5.8855570370790655,11176.512195121952,65.78,11.304282137615468,7776,87.90209790209788,-5.4187251005364026,3400.5121951219517,-22.122097902097877
B012A,2016,180,AME,AME,AME04,AME004,B 12,B012A,2016,Topaz,26.000000000000004,,26.000000000000004,0,0,0,1.50009299492,0,27.500092994920003,0,0,0,0,0,0,0,0,2512,0,73,0,2585,99.4230769230769,0,247,0,0,0,0,0,742,0,0,0,0,,0,0,0,2512,1062,0,3574,137.46153846153845,13,1,14,0.00391717963066592,B012A,2016.0,181,AME004,B012A,26.000000000000004,0.2971460548405148,3574,2016,137.46153846153845,,0,0,,0,0,,0,0,,0,0,,0,0,,0,0,,0,0,,0,0,,0,0,,0,0,,0,0,,0,0,,0,0,,0,0,,0,0,2.0639658848614073,4690,9.68,2.4975024975024978,35168,87.83216783216784,-0.43353661264109045,-30478,-78.15216783216783,3.157500935278713,13365,42.2,3.4965034965034967,45216,158.0979020979021,-0.3390025612247838,-31851,-115.8979020979021,2.3079535805264646,35330,81.54,4.324180696287262,41214,178.21678321678323,-2.016227115760797,-5884,-96.67678321678322,5.949666464523954,32980,196.22,6.035861695284431,41506,250.52447552447558,-0.08619523076047653,-8526,-54.30447552447558,5.714131707016572,64932,371.03,7.798824349668202,42306,329.93706293706293,-2.08469264265163,22626,41.09293706293704,6.620496139548184,55952,370.43,10.463446611747337,40782,426.72027972027985,-3.8429504721991528,15170,-56.29027972027984,8.089526932419696,46986.678352810246,380.1,12.349743458673784,37703,465.62237762237766,-4.260216526254087,9283.678352810246,-85.52237762237763
B012B,2018,181,AME,AME,AME04,AME004,B 12B,B012B,2018,Lonsum,3.5,,3.5,0,0,0,0,0,3.5,0,0,0,0,0,0,0,0,0,0,293,0,293,83.71428571428571,0,164,0,0,0,0,0,35,0,0,0,1,,0,0,0,293,199,1,493,140.85714285714286,0,0,0,0,B012B,2018.0,195,AME004,B012B,3.5,0.4151696606786427,501,2018,143.14285714285714,,0,0,,0,0,,0,0,,0,0,,0,0,,0,0,,0,0,,0,0,,0,0,,0,0,,0,0,,0,0,,0,0,,0,0,,0,0,,0,0,,0,0,,0,0,,0,0,,0,0,,0,0,2.97585886722377,2154,6.41,2.4975024975024978,4102,10.244755244755247,0.47835636972127205,-1948,-3.8347552447552467,3.859334528790596,5019,19.37,3.4965034965034967,5274,18.440559440559444,0.3628310322870991,-255,0.9294405594405575,2.7733860342555996,7590,21.05,3.7548362290630335,6984,26.223776223776227,-0.9814501948074339,606,-5.173776223776226,4.986120749479528,8646,43.11,5.1056273569362585,7640,39.006993006993014,-0.11950660745673058,1006,4.103006993006986,5.547124605844773,8051.017991004498,44.66,6.888395832689893,7019,48.34965034965036,-1.3412712268451203,1032.017991004498,-3.689650349650364
B012C,2019,182,AME,AME,AME04,AME004,B 12C,B012C,2019,PPKS,0.4,,0.4,0,0,0,0,0,0.4,0,0,0,0,0,0,0,0,0,0,0,61,61,152.5,0,0,0,0,0,0,0,9,0,0,0,0,,0,0,0,61,9,0,70,175,0,0,0,0,B012C,2019.0,202,AME004,B012C,0.4,0.12857142857142856,70,2019,175,,0,0,,0,0,,0,0,,0,0,,0,0,,0,0,,0,0,,0,0,,0,0,,0,0,,0,0,,0,0,,0,0,,0,0,,0,0,,0,0,,0,0,,0,0,,0,0,,0,0,,0,0,,0,0,,0,0,,0,0,2.762645914396887,257,0.71,2.4975024975024978,854,2.132867132867133,0.26514341689438936,-597,-1.422867132867133,2.577319587628866,776,2,3.496503496503497,1098,3.8391608391608396,-0.919183908874631,-322,-1.8391608391608396,4.70404984423676,963,4.53,4.370629370629371,976,4.265734265734266,0.33342047360738913,-13,0.2642657342657344,5.3816172480142095,938.3796296296296,5.05,6.118881118881118,976,5.972027972027972,-0.7372638708669088,-37.62037037037044,-0.9220279720279718
B013A,2016,184,AME,AME,AME04,AME004,B 13,B013A,2016,Topaz,25.2,,25.2,0,0,0,1.5,0,26.7,0,0,0,0,0,0,0,0,2540,0,0,0,2540,100.7936507936508,0,455,0,0,0,0,0,258,0,0,0,22,,0,0,0,2540,713,22,3275,129.96031746031747,20,3,23,0.007022900763358778,B013A,2016.0,182,AME004,B013A,25.2,0.23216444981862153,3308,2016,131.26984126984127,,0,0,,0,0,,0,0,,0,0,,0,0,,0,0,,0,0,,0,0,,0,0,,0,0,,0,0,,0,0,,0,0,,0,0,,0,0,1.9447314049586777,3872,7.53,2.4975024975024973,35560,88.8111888111888,-0.5527710925438196,-31688,-81.2811888111888,3.345277706680317,11721,39.21,3.4965034965034962,45720,159.86013986013984,-0.15122578982317902,-33999,-120.65013986013983,2.469985593084681,31235,77.15,4.37062937062937,40640,177.6223776223776,-1.9006437775446892,-9405,-100.47237762237759,5.915022844792208,36551,216.2,6.118881118881118,40640,248.67132867132864,-0.2038582740889101,-4089,-32.47132867132865,5.646659665562646,61895,349.5,7.547321129511369,44470,335.62937062937056,-1.9006614639487225,17425,13.870629370629445,6.6455696202531644,55142,366.45,9.992407592407593,43750,437.16783216783216,-3.346837972154429,11392,-70.71783216783217,7.905266653039842,47144.519768563165,372.69,11.808290964618505,40300,475.8741258741258,-3.9030243115786636,6844.519768563165,-103.18412587412581
B012D,2025,183,AME,AME,AME04,AME004,B 12C,B012D,2025,0,0,1.1,1.1,0,0,0,0,0,1.1,0,0,0,0,0,0,0,0,0,0,0,0,0,0,0,0,0,0,0,0,0,0,0,0,0,0,,149,0,0,149,0,0,149,135.45454545454544,0,0,0,0,,,,,,,,,,,,,,,,,,,,,,,,,,,,,,,,,,,,,,,,,,,,,,,,,,,,,,,,,,,,,,,,,,,,,,,,,,,,,,,,,,,,,,,,,,,,,,,,,,,,,,,,,,,,,,,,,,,,,,
B013B,2018,185,AME,AME,AME04,AME004,B 13B,B013B,2018,Lonsum,2.4,,2.4,0,0,0,0.1,0,2.5,0,0,0,0,0,0,0,0,0,0,294,0,294,122.5,0,0,0,0,0,0,0,33,0,0,0,0,,0,0,0,294,33,0,327,136.25,0,0,0,0,B013B,2018.0,196,AME004,B013B,2.4,0.10091743119266056,327,2018,136.25,,0,0,,0,0,,0,0,,0,0,,0,0,,0,0,,0,0,,0,0,,0,0,,0,0,,0,0,,0,0,,0,0,,0,0,,0,0,,0,0,,0,0,,0,0,,0,0,,0,0,,0,0,3.3092755947607593,3741,12.38,2.4975024975024978,4116,10.27972027972028,0.8117730972582615,-375,2.1002797202797208,4.507215228738103,3257,14.68,3.4965034965034962,5292,18.503496503496503,1.0107117322346064,-2035,-3.8234965034965036,4.069611780455154,5229,21.28,4.370629370629371,4704,20.55944055944056,-0.3010175901742169,525,0.7205594405594411,5.025825637814995,6389,32.11,6.118881118881118,4704,28.78321678321678,-1.0930554810661235,1685,3.3267832167832196,5.565442496934378,6441.536323436513,35.85,8.391608391608392,4410,37.00699300699301,-2.8261658946740136,2031.5363234365132,-1.1569930069930052
B013C,2025,186,AME,AME,AME04,AME004,B 13B,B013C,2025,0,0,0.9,0.9,0,0,0,0.1,0.6,1.6,0,0,0,0,0,0,0,0,0,0,0,0,0,0,0,0,0,0,0,0,0,0,0,0,0,0,,134,0,0,134,0,0,134,148.88888888888889,0,0,0,0,,,,,,,,,,,,,,,,,,,,,,,,,,,,,,,,,,,,,,,,,,,,,,,,,,,,,,,,,,,,,,,,,,,,,,,,,,,,,,,,,,,,,,,,,,,,,,,,,,,,,,,,,,,,,,,,,,,,,,
B015B,2017,193,AME,AME,AME04,AME004,B 15B,B015B,2017,Socfin,1.6,,1.6,0,0,0,0.1,0,1.7000000000000002,0,0,0,0,0,0,0,0,0,176,41,0,217,135.625,0,0,0,19,0,0,0,3,0,0,0,0,,0,1,0,176,64,0,240,150,0,0,0,0,B015B,2017.0,187,AME004,B015B,1.6,0.2635983263598326,239,2017,149.375,,0,0,,0,0,,0,0,,0,0,,0,0,,0,0,,0,0,,0,0,,0,0,,0,0,,0,0,,0,0,,0,0,,0,0,,0,0,,0,0,,0,0,,0,0,3.185378590078329,383,1.22,2.497502497502498,2464,6.153846153846155,0.6878760925758307,-2081,-4.933846153846155,2.547438330170778,2108,5.37,3.3432628301682286,3742,12.510489510489512,-0.7958244999974506,-1634,-7.140489510489512,4.635251472587222,2207,10.23,4.189114205996593,3554,14.88811188811189,0.4461372665906289,-1347,-4.65811188811189,4.847307051637979,3602,17.46,5.788566272437241,3472,20.0979020979021,-0.941259220799262,130,-2.6379020979020993,5.365233472029589,4326,23.21,7.53289383272539,3562,26.832167832167837,-2.167660360695801,764,-3.622167832167836,6.013245098191758,3498.9426934097423,21.04,10.132807852772777,3421,34.66433566433567,-4.119562754581018,77.94269340974233,-13.624335664335668
B014B,2018,188,AME,AME,AME04,AME004,B 14B,B014B,2018,Lonsum,5.1,,5.1,0,0,0,0.7,0,5.8,0,0,0,0,0,0,0,0,0,0,712,0,712,139.60784313725492,0,4,0,0,0,0,0,36,0,0,0,0,,0,0,0,712,40,0,752,147.45098039215688,1,0,1,0.0013297872340425532,B014B,2018.0,197,AME004,B014B,5.1,0.05319148936170213,752,2018,147.45098039215688,,0,0,,0,0,,0,0,,0,0,,0,0,,0,0,,0,0,,0,0,,0,0,,0,0,,0,0,,0,0,,0,0,,0,0,,0,0,,0,0,,0,0,,0,0,,0,0,,0,0,,0,0,2.9594272076372317,419,1.24,2.4975024975024973,9968,24.895104895104893,0.46192471013473435,-9549,-23.655104895104895,4.555010511562719,8562,39,3.496503496503496,12816,44.811188811188806,1.0585070150592228,-4254,-5.811188811188806,4.33273822807409,8962,38.83,4.3614666256175685,11448,49.930069930069926,-0.028728397543478223,-2486,-11.100069930069928,4.9256625727213965,10829,53.34,6.102411196619152,11464,69.95804195804196,-1.1767486238977556,-635,-16.618041958041957,6.35933421238224,9136.176533523536,58.1,8.367656171081338,10744,89.90209790209789,-2.0083219586990975,-1607.823466476464,-31.80209790209789
B016B,2017,198,AME,AME,AME04,AME004,B 16B,B016B,2017,Socfin,1,,1,0,0,0,0,0,1,0,0,0,0,0,0,0,0,0,141,0,0,141,141,0,0,0,0,0,0,0,0,0,0,0,0,,0,0,0,141,0,0,141,141,0,0,0,0,B016B,2017.0,188,AME004,B016B,1,0,141,2017,141,,0,0,,0,0,,0,0,,0,0,,0,0,,0,0,,0,0,,0,0,,0,0,,0,0,,0,0,,0,0,,0,0,,0,0,,0,0,,0,0,,0,0,,0,0,2.8758169934640523,306,0.88,2.4975024975024973,1974,4.93006993006993,0.378314495961555,-1668,-4.05006993006993,2.9841656516443362,1642,4.9,3.496503496503497,2538,8.874125874125875,-0.5123378448591609,-896,-3.9741258741258747,3.829151732377539,1674,6.41,4.37062937062937,2256,9.86013986013986,-0.5414776382518309,-582,-3.45013986013986,3.7533632286995515,2230,8.37,6.118881118881119,2256,13.804195804195805,-2.3655178901815677,-26,-5.434195804195806,5.283357245337159,2788,14.73,8.391608391608393,2115,17.74825174825175,-3.1082511462712343,673,-3.0182517482517497,6.115766655773191,2238.4765100671143,13.69,11.48851148851149,1974,22.67832167832168,-5.372744832738299,264.4765100671143,-8.98832167832168
B014C,2019,189,AME,AME,AME04,AME004,B 14C,B014C,2019,SAINS,14.3,,14.3,0,0,0,0.51036922183,0,14.810369221830001,0,0,0,0,0,0,0,0,0,0,0,1592,1592,111.32867132867132,0,0,0,0,0,0,0,343,0,0,0,0,,0,0,0,1592,343,0,1935,135.3146853146853,0,0,0,0,B014C,2019.0,203,AME004,B014C,14.3,0.20953326713008938,2014,2019,140.83916083916083,,0,0,,0,0,,0,0,,0,0,,0,0,,0,0,,0,0,,0,0,,0,0,,0,0,,0,0,,0,0,,0,0,,0,0,,0,0,,0,0,,0,0,,0,0,,0,0,,0,0,,0,0,,0,0,,0,0,,0,0,3.8954819904226525,4803,18.71,2.4975024975024978,22288,55.66433566433567,1.3979794929201548,-17485,-36.954335664335666,3.647494763976156,18621,67.92,3.4965034965034967,28656,100.1958041958042,0.15099126747265945,-10035,-32.2758041958042,4.422777720153511,28923,127.92,4.370629370629371,25472,111.32867132867133,0.05214834952414016,3451,16.591328671328668,5.240326091900995,25196.90524680704,132.04,6.118881118881119,25472,155.86013986013987,-0.8785550269801243,-275.0947531929596,-23.820139860139875
B020B,2017,215,AME,AME,AME04,AME004,B 20,B020B,2017,PPKS,0,,0,0,0,0,0,0,0,0,0,0,0,0,0,0,0,0,0,0,0,0,0,0,0,0,0,0,0,0,0,0,0,0,0,,0,0,0,0,0,0,0,0,0,0,0,0,B020B,2017.0,189,AME004,B020B,0,0,0,2017,0,,0,0,,0,0,,0,0,,0,0,,0,0,,0,0,,0,0,,0,0,,0,0,,0,0,,0,0,,0,0,,0,0,,0,0,,0,0,,0,0,,0,0,,0,0,,0,0,,0,0,,0,0,,0,0,,0,0,,0,0,,0,0,,0,0,,0,0,,0,0,,0,0,,0,0,,0,0,,0,0,,0,0,,0,0,,0,0,,0,0
B014D,2020,190,AME,AME,AME04,AME004,B 14D,B014D,2020,SRIWIJAYA,0.6,,0.6,0,0,0,0,0,0.6,0,0,0,0,0,0,0,0,0,0,0,0,0,0,60,0,0,0,0,0,0,18,0,0,0,0,,0,0,0,60,18,0,78,130,0,0,0,0,B014D,2020.0,208,AME004,B014D,0.6,0.3023255813953488,86,2020,143.33333333333334,,0,0,,0,0,,0,0,,0,0,,0,0,,0,0,,0,0,,0,0,,0,0,,0,0,,0,0,,0,0,,0,0,,0,0,,0,0,,0,0,,0,0,,0,0,,0,0,,0,0,,0,0,,0,0,,0,0,,0,0,,0,0,,0,0,,0,0,2.7440904419321686,973,2.67,2.497502497502497,840,2.0979020979020975,0.2465879444296717,133,0.5720979020979025,3.8268156424581004,1432,5.48,3.4965034965034967,1080,3.7762237762237763,0.3303121459546037,352,1.7037762237762242,4.235930188100097,1992.4785407725324,8.44,4.37062937062937,960,4.195804195804195,-0.13469918252927293,1032.4785407725324,4.2441958041958046
B021B,2017,217,AME,AME,AME04,AME004,B 21B,B021B,2017,PPKS,1.4,,1.4,0,0,0,0,0,1.4,0,0,0,0,0,0,0,0,0,186,0,0,186,132.85714285714286,0,4,0,0,0,0,0,0,0,0,0,0,,0,0,0,186,4,0,190,135.71428571428572,13,4,17,0.08947368421052632,B021B,2017.0,190,AME004,B021B,1.4,0.021052631578947368,190,2017,135.71428571428572,,0,0,,0,0,,0,0,,0,0,,0,0,,0,0,,0,0,,0,0,,0,0,,0,0,,0,0,,0,0,,0,0,,0,0,,0,0,,0,0,,0,0,,0,0,2.8773584905660377,424,1.22,2.4975024975024978,2604,6.503496503496504,0.3798559930635399,-2180,-5.2834965034965045,2.99163179916318,1434,4.29,3.4965034965034967,3348,11.706293706293707,-0.5048716973403167,-1914,-7.416293706293707,3.9292970337261277,2461,9.67,4.370629370629371,2976,13.006993006993008,-0.44133233690324314,-515,-3.3369930069930085,2.8414531117994932,3551,10.09,6.051995497905788,3032,18.34965034965035,-3.210542386106295,519,-8.25965034965035,4.9933598937583,3012,15.04,8.268461098649778,2862,23.664335664335667,-3.2751012048914783,150,-8.624335664335668,5.736639578962233,2747.2529488859764,15.76,11.317767689581784,2668,30.195804195804197,-5.5811281106195505,79.25294888597637,-14.435804195804197
B014E,2021,191,AME,AME,AME04,AME004,B 14E,B014E,2021,SRIWIJAYA,6.8999999999999995,,6.8999999999999995,0,0,0,0.2,0,7.1,0,0,0,0,0,0,0,0,0,0,0,0,0,0,0,0,847,0,0,0,0,107,0,0,0,0,,0,0,0,847,107,0,954,138.2608695652174,0,0,0,0,B014E,2021.0,211,AME004,B014E,6.8999999999999995,0.140973630831643,986,2021,142.8985507246377,,0,0,,0,0,,0,0,,0,0,,0,0,,0,0,,0,0,,0,0,,0,0,,0,0,,0,0,,0,0,,0,0,,0,0,,0,0,,0,0,,0,0,,0,0,,0,0,,0,0,,0,0,,0,0,,0,0,,0,0,,0,0,,0,0,,0,0,,0,0,,0,0,,0,0,3.465594744121715,11568,40.09,2.4975024975024973,11858,29.615384615384613,0.9680922466192179,-290,10.47461538461539,4.197651051558425,12082.948148148149,50.72,3.496503496503496,15246,53.3076923076923,0.7011475550549289,-3163.051851851851,-2.5876923076923006
B015C,2021,194,AME,AME,AME04,AME004,B 15C,B015C,2021,SRIWIJAYA,3.3,,3.3,0,0,0,0.23,0,3.53,0,0,0,0,0,0,0,0,0,0,0,0,0,0,0,0,356,0,0,0,0,80,0,0,0,0,,0,27,0,356,107,0,463,140.3030303030303,0,0,0,0,B015C,2021.0,212,AME004,B015C,3.3,0.24416135881104034,471,2021,142.72727272727275,,0,0,,0,0,,0,0,,0,0,,0,0,,0,0,,0,0,,0,0,,0,0,,0,0,,0,0,,0,0,,0,0,,0,0,,0,0,,0,0,,0,0,,0,0,,0,0,,0,0,,0,0,,0,0,,0,0,,0,0,,0,0,,0,0,,0,0,,0,0,,0,0,,0,0,3.412037037037037,6480,22.11,2.497502497502498,4984,12.44755244755245,0.914534539534539,1496,9.66244755244755,4.496454238867117,5035.078485687904,22.64,3.496503496503497,6408,22.40559440559441,0.99995074236362,-1372.9215143120964,0.23440559440559028
B015D,2023,195,AME,AME,AME04,AME004,B 15C,B015D,2023,PPKS,4.3,,4.3,0,0,0,1.2000000000000002,18,23.5,0,0,0,0,0,0,0,0,0,0,0,0,0,0,0,0,0,0,0,0,589,0,0,0,0,0,,0,15,0,589,15,0,604,140.46511627906978,0,0,0,0,B015D,2023.0,219,AME004,B015D,4.3,0.03600654664484452,611,2023,142.09302325581396,,0,0,,0,0,,0,0,,0,0,,0,0,,0,0,,0,0,,0,0,,0,0,,0,0,,0,0,,0,0,,0,0,,0,0,,0,0,,0,0,,0,0,,0,0,,0,0,,0,0,,0,0,,0,0,,0,0,,0,0,,0,0,,0,0,,0,0,,0,0,,0,0,,0,0,,0,0,,0,0,,0,0,,0,0,,0,0,,0,0
B015E,2025,196,AME,AME,AME04,AME004,B 23,B015E,2025,0,,1.1,1.1,0,0,0,,,1.1,,,,,,,,,,,,,0,0,0,0,0,0,0,0,0,0,0,0,0,0,,139,0,0,139,0,0,139,126.36363636363636,0,0,0,0,B015E,2025.0,222,AME004,B015E,1.1,0,139,2025,126.36363636363636,,0,0,,0,0,,0,0,,0,0,,0,0,,0,0,,0,0,,0,0,,0,0,,0,0,,0,0,,0,0,,0,0,,0,0,,0,0,,0,0,,0,0,,0,0,,0,0,,0,0,,0,0,,0,0,,0,0,,0,0,,0,0,,0,0,,0,0,,0,0,,0,0,,0,0,,0,0,,0,0,,0,0,,0,0,,0,0,,0,0
B016C,2018,199,AME,AME,AME04,AME004,B 16C,B016C,2018,Lonsum,0.5,,0.5,0,0,0,0.1,0,0.6,0,0,0,0,0,0,0,0,0,0,63,0,63,126,0,0,0,0,0,0,0,0,0,0,0,0,,0,8,0,63,8,0,71,142,0,0,0,0,B016C,2018.0,198,AME004,B016C,0.5,0.11267605633802817,71,2018,142,,0,0,,0,0,,0,0,,0,0,,0,0,,0,0,,0,0,,0,0,,0,0,,0,0,,0,0,,0,0,,0,0,,0,0,,0,0,,0,0,,0,0,,0,0,,0,0,,0,0,,0,0,3.8186950024904536,602.3,2.3,2.4975024975024973,882,2.202797202797203,1.3211925049879563,-279.70000000000005,0.0972027972027969,2.90956749672346,763,2.22,3.4965034965034967,1134,3.9650349650349654,-0.5869359997800365,-371,-1.7450349650349652,2.075117370892019,1065,2.21,4.370629370629371,1008,4.405594405594406,-2.295511999737352,57,-2.195594405594406,4.787972243639167,1297,6.21,6.118881118881119,1008,6.167832167832168,-1.3309088752419518,289,0.0421678321678316,5.470876428960261,1102.2,6.03,8.391608391608392,945,7.930069930069931,-2.920731962648131,157.20000000000005,-1.9000699300699306
B017B,2018,206,AME,AME,AME04,AME004,B 17B,B017B,2018,Lonsum,4.2,,4.2,0,0,0,0.2,0,4.4,0,0,0,0,0,0,0,0,0,0,217,0,217,51.666666666666664,0,0,0,198,0,0,0,0,0,0,0,0,,0,23,0,217,221,0,438,104.28571428571428,0,0,0,0,B017B,2018.0,199,AME004,B017B,4.2,0.6219512195121951,574,2018,136.66666666666666,,0,0,,0,0,,0,0,,0,0,,0,0,,0,0,,0,0,,0,0,,0,0,,0,0,,0,0,,0,0,,0,0,,0,0,,0,0,,0,0,,0,0,,0,0,,0,0,,0,0,,0,0,4.227436060029592,473.1,2,2.4975024975024973,3038,7.587412587412587,1.7299335625270946,-2564.9,-5.587412587412587,4.570124879923151,4164,19.03,3.4965034965034962,3906,13.657342657342657,1.0736213834196549,258,5.3726573426573445,3.2010678315738383,8241,26.38,4.37062937062937,3472,15.174825174825173,-1.1695615390555316,4769,11.205174825174826,4.852114622684972,10853,52.66,4.511183883381192,6244,28.167832167832167,0.34093073930378015,4609,24.49216783216783,5.336511808404479,9019,48.13,5.8331461763049965,6819,39.77622377622377,-0.4966343679005174,2200,8.35377622377623
B016D,2019,200,AME,AME,AME04,AME004,B 16D,B016D,2019,Lonsum,0.1,,0.1,0,0,0,0,0,0.1,0,0,0,0,0,0,0,0,0,0,0,11,11,110,0,0,0,0,0,0,0,3,0,0,0,0,,0,0,0,11,3,0,14,140,0,0,0,0,B016D,2019.0,204,AME004,B016D,0.1,0.21428571428571427,14,2019,140,,0,0,,0,0,,0,0,,0,0,,0,0,,0,0,,0,0,,0,0,,0,0,,0,0,,0,0,,0,0,,0,0,,0,0,,0,0,,0,0,,0,0,,0,0,,0,0,,0,0,,0,0,,0,0,,0,0,,0,0,2.4096385542168677,83,0.2,2.4975024975024978,154,0.38461538461538464,-0.08786394328563008,-71,-0.18461538461538463,2.338129496402878,278,0.65,3.4965034965034967,198,0.6923076923076924,-1.1583740001006189,80,-0.04230769230769238,4.52887537993921,329,1.49,4.370629370629371,176,0.7692307692307693,0.15824600930983923,153,0.7207692307692307,5.134891734210424,323.2784810126582,1.66,6.11888111888112,176,1.076923076923077,-0.9839893846706964,147.27848101265818,0.5830769230769228
B016E,2021,201,AME,AME,AME04,AME004,B 16E,B016E,2021,SRIWIJAYA,2.1,,2.1,0,0,0,0,0,2.1,0,0,0,0,0,0,0,0,0,0,0,0,0,0,0,0,245,0,0,0,0,32,0,0,0,0,,0,8,0,245,40,0,285,135.71428571428572,0,0,0,0,B016E,2021.0,213,AME004,B016E,2.1,0.17785234899328858,298,2021,141.9047619047619,,0,0,,0,0,,0,0,,0,0,,0,0,,0,0,,0,0,,0,0,,0,0,,0,0,,0,0,,0,0,,0,0,,0,0,,0,0,,0,0,,0,0,,0,0,,0,0,,0,0,,0,0,,0,0,,0,0,,0,0,,0,0,,0,0,,0,0,,0,0,,0,0,,0,0,3.3877139979859012,4965,16.82,2.497502497502497,3430,8.566433566433565,0.8902115004834044,1535,8.253566433566435,3.70300692245706,4598.965207631874,17.03,3.4965034965034962,4410,15.419580419580418,0.20650342595356364,188.96520763187436,1.6104195804195829
B016F,2022,202,AME,AME,AME04,AME004,B 16E,B016F,2022,PPKS,1.9,,1.9,0,0,0,0.6,13.7,16.2,0,0,0,0,0,0,0,0,0,0,0,0,0,0,0,0,0,0,230,0,0,15,0,0,0,0,,0,4,0,230,19,0,249,131.05263157894737,0,0,0,0,B016F,2022.0,217,AME004,B016F,1.9,0.14814814814814814,270,2022,142.10526315789474,,0,0,,0,0,,0,0,,0,0,,0,0,,0,0,,0,0,,0,0,,0,0,,0,0,,0,0,,0,0,,0,0,,0,0,,0,0,,0,0,,0,0,,0,0,,0,0,,0,0,,0,0,,0,0,,0,0,,0,0,,0,0,,0,0,,0,0,,0,0,,0,0,,0,0,,0,0,,0,0,,0,0,3.199861114933744,2146.9681818181816,6.87,2.4975024975024978,3220,8.041958041958043,0.7023586174312464,-1073.0318181818184,-1.1719580419580433
B016G,2023,203,AME,AME,AME04,AME004,,B016G,2023,PPKS,0.9,,0.9,0,0,0,0,0,0.9,0,0,0,0,0,0,0,0,0,0,0,0,0,0,0,0,0,0,0,0,127,0,0,0,0,0,,0,0,0,127,0,0,127,141.11111111111111,0,0,0,0,B016G,2023.0,220,AME004,B016G,0.9,0.0078125,128,2023,142.22222222222223,,0,0,,0,0,,0,0,,0,0,,0,0,,0,0,,0,0,,0,0,,0,0,,0,0,,0,0,,0,0,,0,0,,0,0,,0,0,,0,0,,0,0,,0,0,,0,0,,0,0,,0,0,,0,0,,0,0,,0,0,,0,0,,0,0,,0,0,,0,0,,0,0,,0,0,,0,0,,0,0,,0,0,,0,0,,0,0,,0,0
B016H,2025,204,AME,AME,AME04,AME004,,B016H,2025,0,,1.3,1.3,0,0,0,,,1.3,,,,,,,,,,,,,0,0,0,0,0,0,0,0,0,0,0,0,0,0,,177,8,0,177,8,0,185,142.3076923076923,0,0,0,0,B016H,2025.0,223,AME004,B016H,1.3,0,177,2025,136.15384615384616,,0,0,,0,0,,0,0,,0,0,,0,0,,0,0,,0,0,,0,0,,0,0,,0,0,,0,0,,0,0,,0,0,,0,0,,0,0,,0,0,,0,0,,0,0,,0,0,,0,0,,0,0,,0,0,,0,0,,0,0,,0,0,,0,0,,0,0,,0,0,,0,0,,0,0,,0,0,,0,0,,0,0,,0,0,,0,0,,0,0
B017C,2019,207,AME,AME,AME04,AME004,B 17C,B017C,2019,Lonsum,0.5,,0.5,0,0,0,0.1,0,0.6,0,0,0,0,0,0,0,0,0,0,0,59,59,118,0,0,0,0,0,0,0,16,0,0,0,0,,0,0,0,59,16,0,75,150,0,0,0,0,B017C,2019.0,205,AME004,B017C,0.5,0.21333333333333335,75,2019,150,,0,0,,0,0,,0,0,,0,0,,0,0,,0,0,,0,0,,0,0,,0,0,,0,0,,0,0,,0,0,,0,0,,0,0,,0,0,,0,0,,0,0,,0,0,,0,0,,0,0,,0,0,,0,0,,0,0,,0,0,2.0170454545454546,352,0.71,2.4975024975024973,826,2.062937062937063,-0.4804570429570427,-474,-1.352937062937063,2.673956262425447,1006,2.69,3.4965034965034962,1062,3.7132867132867133,-0.8225472340780491,-56,-1.0232867132867134,4.344262295081967,1464,6.36,4.37062937062937,944,4.125874125874126,-0.026367075547402585,520,2.2341258741258745,4.712571659454364,1298.6539923954372,6.12,6.118881118881118,944,5.776223776223776,-1.4063094594267547,354.6539923954372,0.3437762237762243
B017D,2021,208,AME,AME,AME04,AME004,B 17D,B017D,2021,SRIWIJAYA,0.1,,0.1,0,0,0,0.13,0,0.23,0,0,0,0,0,0,0,0,0,0,0,0,0,0,0,0,12,0,0,0,0,0,0,0,0,0,,0,2,0,12,2,0,14,140,0,0,0,0,B017D,2021.0,214,AME004,B017D,0.1,0.14285714285714285,14,2021,140,,0,0,,0,0,,0,0,,0,0,,0,0,,0,0,,0,0,,0,0,,0,0,,0,0,,0,0,,0,0,,0,0,,0,0,,0,0,,0,0,,0,0,,0,0,,0,0,,0,0,,0,0,,0,0,,0,0,,0,0,,0,0,,0,0,,0,0,,0,0,,0,0,,0,0,3.580246913580247,324,1.16,2.4975024975024978,168,0.41958041958041964,1.082744416077749,156,0.7404195804195803,3.8494221112992846,426.03797468354423,1.64,3.4965034965034962,216,0.7552447552447552,0.35291861479578834,210.03797468354423,0.8847552447552447
B017E,2022,209,AME,AME,AME04,AME004,B 17D,B017E,2022,PPKS,2.9,,2.9,0,0,0,0.8999999999999999,8.6,12.399999999999999,0,0,0,0,0,0,0,0,0,0,0,0,0,0,0,0,0,0,345,0,0,17,0,0,0,0,,0,29,0,345,46,0,391,134.82758620689657,0,0,0,0,B017E,2022.0,218,AME004,B017E,2.9,0.16262135922330098,412,2022,142.0689655172414,,0,0,,0,0,,0,0,,0,0,,0,0,,0,0,,0,0,,0,0,,0,0,,0,0,,0,0,,0,0,,0,0,,0,0,,0,0,,0,0,,0,0,,0,0,,0,0,,0,0,,0,0,,0,0,,0,0,,0,0,,0,0,,0,0,,0,0,,0,0,,0,0,,0,0,,0,0,,0,0,,0,0,3.063239713353385,2925.0077821011673,8.96,2.4975024975024973,4830,12.062937062937062,0.5657372158508878,-1904.9922178988327,-3.1029370629370607
B017F,2023,210,AME,AME,AME04,AME004,,B017F,2023,PPKS,3.9,,3.9,0,0,0,0,0,3.9,0,0,0,0,0,0,0,0,0,0,0,0,0,0,0,0,0,0,0,0,551,0,0,0,0,0,,0,0,0,551,0,0,551,141.2820512820513,0,0,0,0,B017F,2023.0,221,AME004,B017F,3.9,0.005415162454873646,554,2023,142.05128205128204,,0,0,,0,0,,0,0,,0,0,,0,0,,0,0,,0,0,,0,0,,0,0,,0,0,,0,0,,0,0,,0,0,,0,0,,0,0,,0,0,,0,0,,0,0,,0,0,,0,0,,0,0,,0,0,,0,0,,0,0,,0,0,,0,0,,0,0,,0,0,,0,0,,0,0,,0,0,,0,0,,0,0,,0,0,,0,0,,0,0
B017G,2025,211,AME,AME,AME04,AME004,,B017G,2025,Dami Mas,,3.5,3.5,0,0,0,0,0,3.5,0,0,0,0,0,0,0,0,0,0,0,0,0,0,0,0,0,0,0,0,0,0,0,0,0,0,,515,0,0,515,0,0,515,147.14285714285714,0,0,0,0,B017G,2025.0,224,AME004,B017G,3.5,0,515,2025,147.14285714285714,,0,0,,0,0,,0,0,,0,0,,0,0,,0,0,,0,0,,0,0,,0,0,,0,0,,0,0,,0,0,,0,0,,0,0,,0,0,,0,0,,0,0,,0,0,,0,0,,0,0,,0,0,,0,0,,0,0,,0,0,,0,0,,0,0,,0,0,,0,0,,0,0,,0,0,,0,0,,0,0,,0,0,,0,0,,0,0,,0,0
B024A,2021,221,AME,AME,AME04,AME004,B 24,B024A,2021,SRIWIJAYA,0.6,,0.6,0,0,0,0,0,0.6,0,0,0,0,0,0,0,0,0,0,0,0,0,0,0,0,84,0,0,0,0,0,0,0,0,0,,0,0,0,84,0,0,84,140,0,0,0,0,B024A,2021.0,215,AME004,B024A,0.6,0.023255813953488372,86,2021,143.33333333333334,,0,0,,0,0,,0,0,,0,0,,0,0,,0,0,,0,0,,0,0,,0,0,,0,0,,0,0,,0,0,,0,0,,0,0,,0,0,,0,0,,0,0,,0,0,,0,0,,0,0,,0,0,,0,0,,0,0,,0,0,,0,0,,0,0,,0,0,,0,0,,0,0,,0,0,3.4509056244041947,1049,3.62,2.4975024975024978,1176,2.937062937062937,0.9534031269016969,-127,0.682937062937063,4.1512500893772195,1033.423645320197,4.29,3.4965034965034967,1512,5.286713286713287,0.6547465928737228,-478.576354679803,-0.9967132867132866
B023A,0,220,AME,AME,AME04,AME004,B 23,B023A,0,0,0,,0,0,0,0,1.24,16.6,17.84,0,0,0,0,0,0,0,0,0,0,0,0,0,0,0,0,0,0,0,0,0,0,0,0,0,0,,0,0,0,0,0,0,0,0,0,0,0,0,,,,,,,,,,,,,,,,,,,,,,,,,,,,,,,,,,,,,,,,,,,,,,,,,,,,,,,,,,,,,,,,,,,,,,,,,,,,,,,,,,,,,,,,,,,,,,,,,,,,,,,,,,,,,,,,,,,,,,
B024B,0,222,AME,AME,AME04,AME004,B 24,B024B,0,0,0,,0,0,0,0,0.6,3.9,4.5,0,0,0,0,0,0,0,0,0,0,0,0,0,0,0,0,0,0,0,0,0,0,0,0,0,0,,0,0,0,0,0,0,0,0,0,0,0,0,,,,,,,,,,,,,,,,,,,,,,,,,,,,,,,,,,,,,,,,,,,,,,,,,,,,,,,,,,,,,,,,,,,,,,,,,,,,,,,,,,,,,,,,,,,,,,,,,,,,,,,,,,,,,,,,,,,,,,
G005A,2008,236,OLE,OLE,OLE01,OLE001,G 05,G005A,2008,Socfindo,23.4,,23.4,0,0,0,1.38242104681,0,24.782421046809997,2639,0,117,157,0,0,0,0,0,0,0,0,2913,124.48717948717949,0,0,0,0,0,0,0,0,0,0,0,0,,0,0,0,2639,274,0,2913,124.48717948717949,30,3,33,0.01132852729145211,G005A,2008.0,226,OLE001,G005A,23.4,0.0940611053896327,2913,2008,124.48717948717949,5.579705621793063,60409,337.06443690689713,5.829108992795376,46528,271.21678321678326,-0.24940337100231336,13881,65.84765369011387,6.676744566105572,55071,367.695,7.909237297490127,44283,350.2447552447553,-1.2324927313845544,10788,17.450244755244682,6.982652466028646,46289,323.22,10.812681148998594,41330,446.8881118881119,-3.8300286829699486,4959,-123.66811188811187,7.260140960608039,59733,433.67,12.740746058524874,38574,491.4615384615385,-5.480605097916834,21159,-57.791538461538494,9.694020088246381,45101,437.21,14.019350437285997,35661,499.94405594405595,-4.325330349039616,9440,-62.73405594405597,10.978421398096488,48752,535.22,14.8842718153645,34067.5,507.0699300699301,-3.9058504172680113,14684.5,28.150069930069947,11.527537079966688,44431,512.18,15.682260709051372,32474,509.26573426573424,-4.154723629084684,11957,2.9142657342657117,13.090868522340603,35854,469.36,16.46031656697806,30939,509.26573426573424,-3.3694480446374584,4915,-39.905734265734225,10.828383414861403,34344,371.89,18.082794243004447,28163,509.26573426573424,-7.254410828143044,6181,-137.37573426573425,10.336791942679465,59176,611.69,19.626327759702644,24067.5,472.35664335664336,-9.289535817023179,35108.5,139.3333566433567,11.69904409497379,42159,493.22,20.12646482217483,22552.5,453.90209790209786,-8.427420727201042,19606.5,39.31790209790216,13.277083740233456,43593.91047945765,578.8,21.638991137328496,20900.5,452.26573426573424,-8.36190739709504,22693.41047945765,126.53426573426572
G006A,2008,237,OLE,OLE,OLE01,OLE001,G 06,G006A,2008,Socfindo,23.7,,23.7,0,0,0,1.374555382,0,25.074555382,2662,0,33,220,25,51,0,0,0,0,0,0,2991,126.20253164556962,0,0,0,0,0,0,0,0,0,0,0,0,,0,0,0,2662,329,0,2991,126.20253164556962,29,0,29,0.009695753928452023,G006A,2008.0,227,OLE001,G006A,23.7,0.1099966566365764,2991,2008,126.20253164556962,5.618107442125943,53356,299.7597406820718,5.844132092348927,46266,270.3846153846154,-0.22602465022298368,7090,29.375125297456407,6.838064176391649,58869,402.55,7.865102195874176,44768,352.1048951048951,-1.0270380194825268,14101,50.44510489510492,7.178356124099397,40806,292.92,10.596183477539407,42480,450.125874125874,-3.4178273534400097,-1674,-157.205874125874,7.9672949834785225,53264,424.37,12.419814342746815,39939,496.034965034965,-4.452519359268292,13325,-71.66496503496501,9.975471178634896,39953,398.55,13.661193906034379,36922,504.3986013986014,-3.685722727399483,3031,-105.84860139860137,10.693183244758757,47794,511.07,14.574754953652244,35313,514.6783216783217,-3.881571708893487,12481,-3.6083216783217154,11.643167270936843,44682,520.24,15.453479453717172,33653,520.055944055944,-3.8103121827803292,11029,0.18405594405601278,12.397546370673288,34235,424.43,16.313557262338094,32009.5,522.1888111888112,-3.916010891664806,2225.5,-97.7588111888112,10.432846358551023,36826,384.2,17.941399825084847,29145,522.9020979020979,-7.508553466533824,7681,-138.70209790209793,10.002032933523074,49190,492,19.456426915765107,24962,485.6713286713286,-9.454393982242033,24228,6.328671328671419,11.431578480900468,45132,515.93,19.91709782754559,23450,467.05594405594405,-8.485519346645122,21682,48.8740559440559,13.447563939736256,42972.83899074243,577.88,21.39212826235727,21811.5,466.5944055944056,-7.944564322621016,21161.338990742428,111.2855944055944
G007A,2008,238,OLE,OLE,OLE01,OLE001,G 07,G007A,2008,Socfindo,22.1,,22.1,0,0,0,1.34633582363,0,23.44633582363,2556,0,85,20,81,64,0,0,0,0,0,0,2806,126.9683257918552,0,0,0,0,0,0,0,0,0,0,0,0,,0,0,0,2556,250,0,2806,126.9683257918552,21,2,23,0.00819672131147541,G007A,2008.0,228,OLE001,G007A,22.1,0.08909479686386315,2806,2008,126.9683257918552,5.754722255712571,54710,314.8408546100348,6.001187497932686,42706,256.2867132867133,-0.2464652422201148,12004,58.55414132332152,6.546760051514563,56683,371.09,8.053824119270542,41194,331.7692307692308,-1.5070640677559792,15489,39.3207692307692,6.832306639288158,43830,299.46,10.75294688735846,39818,428.16083916083915,-3.9206402480703018,4012,-128.70083916083917,7.589073162990002,50408,382.55,12.588951120248915,37271,469.20279720279734,-4.999877957258913,13137,-86.65279720279733,9.504422448038978,45563,433.05,13.788282363191014,34482,475.44755244755254,-4.283859915152036,11081,-42.39755244755253,10.574576848801545,44015,465.44,14.579671948379927,33018,481.39160839160843,-4.005095099578382,10997,-15.951608391608431,10.825712748789671,40898,442.75,15.442797913423513,31490,486.2937062937064,-4.617085164633842,9408,-43.54370629370641,12.289001380579844,32595,400.56,16.319696567659378,30004.5,489.66433566433574,-4.030695187079534,2590.5,-89.10433566433574,10.141864014016843,35386,358.88,18.00152069866943,27251,490.55944055944065,-7.859656684652588,8135,-131.67944055944065,9.72632660927663,46698,454.2,19.553361513808632,23260,454.8111888111888,-9.827034904532002,23438,-0.6111888111888106,11.14554877581761,39169,436.56,20.02966205675413,21814.5,436.937062937063,-8.88411328093652,17354.5,-0.37706293706298766,13.2570465367722,36276.556672410494,480.92,21.447998018765627,20316.5,435.74825174825185,-8.190951481993427,15960.056672410494,45.17174825174817
G008A,2008,239,OLE,OLE,OLE01,OLE001,G 08,G008A,2008,Socfindo,22.2,,22.2,0,0,0,1.54346921121,0,23.743469211209998,2649,0,47,35,145,29,0,0,0,0,0,0,2905,130.85585585585585,0,0,0,0,0,0,0,0,0,0,0,0,,0,0,0,2649,256,0,2905,130.85585585585585,17,3,20,0.0068846815834767644,G008A,2008.0,229,OLE001,G008A,22.2,0.08812392426850259,2905,2008,130.85585585585585,5.831556523204467,55060,321.08550216763797,6.027549760395139,43720,263.5244755244755,-0.19599323719067208,11340,57.56102664316245,6.691319275854894,57668,385.875,7.972744339119753,43147,344,-1.2814250632648596,14521,41.875,7.308013266288649,46735,341.54,10.702944614182359,41414,443.2517482517482,-3.39493134789371,5321,-101.71174825174819,7.774938295874015,45783,355.96,12.567963377427887,38544,484.4195804195804,-4.793025081553872,7239,-128.45958041958045,9.197983906623044,45236,416.08,13.740755119583255,35755,491.3006993006993,-4.542771212960211,9481,-75.22069930069932,10.069571214149528,49302,496.45,14.561344629904864,34203.5,498.04895104895104,-4.491773415755336,15098.5,-1.5989510489510508,10.808695465198788,46507,502.68,15.462084431829703,32623,504.41958041958037,-4.653388966630915,13884,-1.7395804195803635,12.385357324158159,35458,439.16,16.334949412912458,31066,507.46153846153845,-3.949592088754299,4392,-68.30153846153843,10.016978409123066,35339,353.99,18.00819561971253,28202,507.86713286713285,-7.991217210589465,7137,-153.87713286713284,9.69705963409722,47171,457.42,19.54737946600439,24086,470.81818181818176,-9.85031983190717,23085,-13.39818181818174,10.913661975389747,39577,431.93,20.004144462348798,22610,452.2937062937063,-9.09048248695905,16967,-20.363706293706286,12.650133725035351,39673.09839632525,501.87,21.41167039474535,21093,451.6363636363636,-8.761536669709999,18580.09839632525,50.23363636363638
G001A,2009,232,OLE,OLE,OLE01,OLE001,G 01,G001A,2009,Socfindo,8.2,,8.2,0,0,0,0.887679952199,0,9.087679952199,0,122,67,283,614,0,0,92,0,0,0,0,1178,143.65853658536588,0,0,0,0,0,0,0,0,0,0,0,0,,0,0,0,122,1056,0,1178,143.65853658536588,3,1,4,0.003395585738539898,G001A,2009.0,230,OLE001,G001A,8.2,0.896434634974533,1178,2009,143.65853658536588,4.7155693600062,16699,78.74529274274353,3.1802467195725628,7120,22.643356643356647,1.5353226404336375,9579,56.10193609938688,5.197560428047594,26726,138.91,3.3450455252537337,16714,55.90909090909091,1.8525149027938603,10012,83.00090909090909,5.827367559828185,19556,113.96,4.34745429875827,18482,80.34965034965035,1.4799132610699157,1074,33.61034965034965,6.2376194518818435,45939,286.55,5.783726967436314,17065,98.69930069930071,0.45389248444552965,28874,187.85069930069932,8.229006363598552,24043,197.85,7.329340867733575,17881,131.05594405594405,0.8996654958649772,6162,66.79405594405594,9.960518894529047,17730,176.6,9.417722055372817,17163,161.63636363636365,0.5427968391562299,567,14.96363636363634,9.770369110392924,23516,229.76,11.765469080249074,15954,187.70629370629374,-1.9950999698561507,7562,42.053706293706256,11.832953591557741,16678,197.35,13.291036448931187,14962.5,198.8671328671329,-1.4580828573734461,1715.5,-1.517132867132915,8.982366325369739,17580,157.91,14.367573156489389,14020.5,201.44055944055947,-5.38520683111965,3559.5,-43.53055944055947,10.016873449131513,20150,201.84,15.359476352384156,13324.5,204.6573426573427,-5.342602903252644,6825.5,-2.8173426573426923,11.094009983361065,19232,213.36,16.29469939666206,12534,204.23776223776227,-5.200689413300996,6698,9.122237762237745,12.356382714044607,19814.860519147573,244.84,17.317270642620286,11690.5,202.44755244755245,-4.96088792857568,8124.360519147573,42.39244755244755
G009A,2009,240,OLE,OLE,OLE01,OLE001,G 09,G009A,2009,Socfindo,24.2,,24.2,0,0,0,1.88859432851,0,26.08859432851,0,1764,326,477,0,303,0,0,0,0,0,0,2870,118.59504132231406,0,0,0,0,0,0,0,0,0,0,0,0,,0,0,0,1764,1106,0,2870,118.59504132231406,93,24,117,0.04076655052264808,G009A,2009.0,231,OLE001,G009A,24.2,0.40566037735849053,2968,2009,122.64462809917356,5.180450231392152,61439,318.28168176650246,3.938004600256256,40770,160.55244755244755,1.242445631135896,20669,157.7292342140549,6.144696890377971,47755,293.44,5.366141972052598,42026,225.5174825174825,0.7785549183253728,5729,67.92251748251749,6.476880670305398,54781,354.81,6.8406220645026625,43550,297.90909090909093,-0.36374139419726426,11231,56.90090909090907,7.515797383611709,58554,440.08,9.151773423426965,42672,390.52447552447546,-1.6359760398152563,15882,49.55552447552452,8.720209339774557,49680,433.22,11.191573053898683,39499,442.0559440559441,-2.4713637141241254,10181,-8.835944055944083,9.94953596287703,51720,514.59,12.77399628423131,36932,471.7692307692308,-2.8244603213542803,14788,42.82076923076926,10.135994430262242,43090,436.76,13.934182804375114,34944,486.91608391608395,-3.798188374112872,8146,-50.15608391608396,13.090312681868685,37802,494.84,15.021905537923535,33119,497.51048951048955,-1.9315928560548503,4683,-2.670489510489574,10.041519879214897,47688,478.86,15.912098683842125,31532.5,501.7482517482518,-5.870578804627227,16155.5,-22.888251748251776,10.183153100065297,62789,639.39,17.263564951426225,29064,501.7482517482518,-7.080411851360928,33725,137.6417482517482,10.934245265368064,48103,525.97,18.561859897164542,25702,477.07692307692304,-7.627614631796478,22401,48.89307692307699,11.445586735756589,50141.597215554495,573.9,19.414906367759443,23702.5,460.1818181818182,-7.969319632002854,26439.097215554495,113.71818181818179
G010A,2009,241,OLE,OLE,OLE01,OLE001,G 10,G010A,2009,Socfindo,28,,28,0,0,0,1.72690578079,0,29.72690578079,0,104,1502,1283,1163,75,0,0,0,0,0,0,4127,147.39285714285714,0,0,0,0,0,0,0,0,0,0,0,0,,0,0,0,104,4023,0,4127,147.39285714285714,41,17,58,0.014053792100799612,G010A,2009.0,232,OLE001,G010A,28,0.9748000969227041,4127,2009,147.39285714285714,5.2139613935029,64066,334.0376506361568,3.143121504957688,46662,146.66433566433565,2.070839888545212,17404,187.37331497182115,6.10101516480762,55853,340.76,3.6364238171467087,65072,236.6293706293706,2.4645913476609116,-9219,104.13062937062938,6.2808577648094115,64773,406.83,4.782073324302854,68104,325.6783216783216,1.4987844405065571,-3331,81.15167832167839,7.183495085230808,64296,461.87,6.474865871192959,64472,417.4475524475524,0.708629214037849,-176,44.42244755244758,8.510300810091206,52957,450.68,8.795983207130309,61433,540.3636363636363,-0.28568239703910336,-8476,-89.68363636363625,9.308794650826883,61617,573.58,11.168507691747092,57381,640.8601398601398,-1.8597130409202087,4236,-67.2801398601398,9.767415980413977,62902,614.39,13.161115701167477,53306,701.5664335664335,-3.3936997207534993,9596,-87.1764335664335,12.789063859404907,45976,587.99,14.414280049908875,49982,720.4545454545454,-1.6252161905039681,-4006,-132.46454545454537,10.182264087843487,53823,548.04,15.253934957103064,47299.5,721.5034965034964,-5.071670869259577,6523.5,-173.46349650349646,9.79377942424944,64785,634.49,15.981382754000785,45146.5,721.5034965034964,-6.1876033297513455,19638.5,-87.01349650349641,10.28659687660889,52443,539.46,17.051457588541982,42228,720.0489510489509,-6.764860711933093,10215,-180.5889510489509,11.73333108789723,52825.578291175625,619.82,18.366552308321328,38021,698.3146853146852,-6.6332212204240975,14804.578291175625,-78.49468531468517
G002A,2011,233,OLE,OLE,OLE01,OLE001,G 02,G002A,2011,Socfindo,10.7,,10.7,0,0,0,0.976904367308,0,11.676904367308,0,0,0,459,603,241,0,47,0,0,0,0,1350,126.16822429906543,0,0,0,0,0,0,0,0,0,0,0,0,,0,0,0,459,891,0,1350,126.16822429906543,0,0,0,0,G002A,2011.0,248,OLE001,G002A,10.7,0.66,1350,2011,126.16822429906543,3.3500662865484525,10397,34.83063918124426,2.4975024975024978,6426,16.04895104895105,0.8525637890459548,3971,18.78168813229321,3.67588160593924,20474,75.26,2.991620448517,16704,49.97202797202797,0.6842611574222399,3770,25.28797202797203,4.161300782878584,21587,89.83,3.637841854048047,21572,78.47552447552447,0.5234589288305371,15,11.354475524475532,5.674993816472917,20215,114.72,4.794783275795934,21330,102.27272727272728,0.8802105406769822,-1115,12.447272727272718,8.91198926950062,19384,172.75,6.428835098004099,21047,135.3076923076923,2.48315417149652,-1663,37.44230769230771,9.574893961778583,20983,200.91,8.738398863814021,20173,176.27972027972027,0.836495097964562,810,24.63027972027973,9.523073876015053,25245,240.41,11.229928997291587,18776,210.85314685314685,-1.7068551212765346,6469,29.556853146853143,10.814921727545242,18014,194.82,13.107535742458193,17473,229.02797202797203,-2.2926140149129512,541,-34.20797202797203,8.92026335040234,13670,121.94,14.292205272177751,16352.5,233.7132867132867,-5.371941921775411,-2682.5,-111.7732867132867,8.888158471382242,22818,202.81,15.151552667244557,15533.5,235.35664335664333,-6.263394195862315,7284.5,-32.54664335664333,10.294805802526907,14959,154,15.909267678731783,14835,236.013986013986,-5.614461876204876,124,-82.013986013986,11.383355079048561,17269.073892091088,196.58,16.970876969438844,13907,236.013986013986,-5.587521890390283,3362.073892091088,-39.43398601398599
G011A,2009,242,OLE,OLE,OLE01,OLE001,G 11,G011A,2009,Socfindo,19.9,,19.9,0,0,0,1.32039375936,0,21.22039375936,0,2291,140,0,74,49,0,59,0,0,0,0,2613,131.3065326633166,0,0,0,0,0,0,0,0,0,0,0,0,,0,0,0,2291,322,0,2613,131.3065326633166,23,13,36,0.013777267508610792,G011A,2009.0,233,OLE001,G011A,19.9,0.12323000382701876,2613,2009,131.3065326633166,5.14774009557062,52813,271.8675976673712,4.314401138987622,39176,169.02097902097904,0.8333389565829981,13637,102.84661864639213,5.912509810761315,45868,271.195,5.9268588768739034,39932,236.67132867132872,-0.01434906611258846,5936,34.52367132867127,5.830818033259637,52015,303.29,7.986291729139255,38623,308.4545454545455,-2.1554736958796186,13392,-5.164545454545475,7.221893998589697,52471,378.94,10.88199879590608,36240,394.3636363636364,-3.660104797316383,16231,-15.423636363636376,8.679737879539461,38303,332.46,12.617662905759731,34537,435.77622377622384,-3.9379250262202703,3766,-103.31622377622386,10.04059353714194,43603,437.8,13.72335362666341,32268,442.8251748251749,-3.682760089521471,11335,-5.025174825174872,10.319689353440252,37599,388.01,14.546974096768352,30741.5,447.19580419580427,-4.2272847433281004,6857.5,-59.18580419580428,12.78094398438238,31759,405.91,15.358786708648969,29403,451.59440559440566,-2.5778427242665884,2356,-45.68440559440563,10.131795205755575,32247,326.72,16.20860437878524,28005.5,453.93006993007,-6.076809173029664,4241.5,-127.21006993006995,9.446790736529447,43094,407.1,17.88242934147756,25499.5,455.99300699300704,-8.435638604948114,17594.5,-48.89300699300702,10.925205781320889,30858,337.13,19.48291360056066,21802.5,424.7762237762238,-8.557707819239772,9055.5,-87.64622377622379,11.753906463072747,32509.19183341089,382.11,20.013145538936993,20326.5,406.79720279720283,-8.259239075864246,12182.691833410889,-24.687202797202815
G003A,2011,234,OLE,OLE,OLE01,OLE001,G 03,G003A,2011,Socfindo,2.4,,2.4,0,0,0,1.04795759488,0,3.44795759488,0,0,0,338,0,0,0,7,0,0,0,0,345,143.75,0,0,0,0,0,0,0,0,0,0,0,0,,0,0,0,338,7,0,345,143.75,2,0,2,0.005797101449275362,G003A,2011.0,249,OLE001,G003A,2.4,0.020289855072463767,345,2011,143.75,3.6632847211239588,4335,15.880339266072362,2.4975024975024973,4732,11.818181818181818,1.1657822236214614,-397,4.062157447890543,3.7375452898550723,8832,33.01,3.496503496503496,6084,21.27272727272727,0.2410417933515765,2748,11.737272727272728,4.221416095660352,7443,31.42,4.370629370629371,5408,23.636363636363637,-0.1492132749690187,2035,7.783636363636365,6.003501512016553,6283,37.72,6.118881118881118,5408,33.090909090909086,-0.11537960686456561,875,4.6290909090909125,9.095825221717499,4623,42.05,8.279839355690749,5168,42.790209790209786,0.8159858660267503,-545,-0.7402097902097893,12.21563981042654,4220,51.55,11.28122597863232,4858,54.80419580419581,0.9344138317942203,-638,-3.2541958041958097,9.938445755321878,3899,38.75,13.222463289041183,4506,59.58041958041957,-3.2840175337193056,-607,-20.830419580419573,10.912581883894285,4427,48.31,14.341704360898218,4168,59.77622377622377,-3.429122477003933,259,-11.46622377622377,9.767618085375094,3959,38.67,15.023053099205402,3992,59.972027972027966,-5.255435013830308,-33,-21.302027972027965,9.913857677902621,5340,52.94,15.780079459324742,3816,60.21678321678321,-5.866221781422121,1524,-7.276783216783215,10.398530243075184,3538,36.79,16.569968493045415,3640,60.31468531468531,-6.171438249970231,-102,-23.524685314685314,10.631181144126323,3850.9361702127662,40.94,18.304912083364282,3295,60.31468531468531,-7.673730939237959,555.9361702127662,-19.374685314685316
G012A,2009,243,OLE,OLE,OLE01,OLE001,G 12,G012A,2009,Socfindo,15.2,,15.2,0,0,0,1.4579166052,0,16.6579166052,0,1888,0,113,43,30,0,23,0,0,0,0,2097,137.96052631578948,0,0,0,0,0,0,0,0,0,0,0,0,,0,0,0,1888,209,0,2097,137.96052631578948,30,4,34,0.016213638531235097,G012A,2009.0,234,OLE001,G012A,15.2,0.09966618979494517,2097,2009,137.96052631578948,5.249261709888081,41167,216.09635681096265,4.277414941145674,31790,135.979020979021,0.9718467687424077,9377,80.11733583194166,5.820013013834272,35347,205.72,5.890103076803844,32844,193.45454545454544,-0.07009006296957221,2503,12.26545454545456,5.959350908404765,37098,221.08,7.959507448684384,31322,249.3076923076923,-2.000156540279619,5776,-28.22769230769228,7.255146262188516,36920,267.86,10.846422479380266,29468,319.62237762237766,-3.5912762171917496,7452,-51.76237762237764,9.369854555433589,29152,273.15,12.672854931861746,27729,351.40559440559434,-3.303000376428157,1423,-78.25559440559437,10.140589986800503,32577,330.35,13.889977811303023,25777,358.041958041958,-3.74938782450252,6800,-27.691958041958003,10.90430722051854,28696,312.91,14.719965616270645,24601,362.12587412587413,-3.8156583957521057,4095,-49.21587412587411,12.767181099755886,24169,308.57,15.526376397238314,23471,364.4195804195804,-2.759195297482428,698,-55.849580419580434,10.52030810158691,32327,340.09,16.334779212161948,22374.5,365.4825174825175,-5.814471110575038,9952.5,-25.39251748251752,9.628607205873983,35138,338.33,17.994483716278808,20355.5,366.2867132867133,-8.365876510404824,14782.5,-27.956713286713295,10.106942011616114,32541,328.89,19.54346099111287,17407.5,340.2027972027972,-9.436518979496755,15133.5,-11.312797202797242,11.291885696040492,32218.710832998448,363.81,20.07243263151433,16291,327,-8.78054693547384,15927.710832998448,36.81
G004A,0,235,OLE,OLE,OLE01,OLE001,G 04,G004A,0,0,0,,0,0.2,0,0,0,0,0.2,0,0,0,0,0,0,0,0,0,0,0,0,0,0,0,0,0,0,0,0,0,0,0,0,0,0,,0,0,0,0,0,0,0,0,0,0,0,0,,,,,,,,,,,,,,,,,,,,,,,,,,,,,,,,,,,,,,,,,,,,,,,,,,,,,,,,,,,,,,,,,,,,,,,,,,,,,,,,,,,,,,,,,,,,,,,,,,,,,,,,,,,,,,,,,,,,,,
H009A,2009,248,OLE,OLE,OLE01,OLE001,H 09,H009A,2009,Socfindo,35.1,,35.1,0,0,0,1.84861194806,0,36.94861194806,0,1723,0,324,1749,266,0,468,0,0,0,0,4530,129.05982905982904,0,0,0,0,0,0,0,0,0,0,0,0,,0,0,0,1723,2807,0,4530,129.05982905982904,64,15,79,0.017439293598233995,H009A,2009.0,235,OLE001,H009A,35.1,0.6196467991169977,4530,2009,129.05982905982904,4.596475507986562,57458,264.10428973789186,4.105973767075188,32104,131.8181818181818,0.4905017409113741,25354,132.28610791971005,5.152988502106363,63142,325.37,4.322820185032119,57886,250.23076923076923,0.8301683170742447,5256,75.13923076923078,5.625245535039739,66182,372.29,5.418828171149452,66235,358.91608391608395,0.20641736389028686,-53,13.373916083916072,6.556066749844042,102592,672.6,7.215037612279791,62078,447.8951048951049,-0.6589708624357486,40514,224.70489510489512,8.076005328570801,68311,551.68,8.299689591418712,66051,548.2027972027973,-0.223684262847911,2260,3.477202797202608,9.145864138470905,68982,630.9,9.808442839771299,64127,628.9860139860141,-0.6625787013003936,4855,1.913986013985891,9.213962790541336,59501,548.24,11.758271982807534,59990.5,705.3846153846154,-2.544309192266198,-489.5,-157.14461538461535,9.350724186263822,64210,600.41,13.245954608870612,56790,752.2377622377621,-3.89523042260679,7420,-151.82776223776216,8.772981545056899,57383,503.42,14.433153810259293,53283.5,769.048951048951,-5.6601722652023945,4099.5,-265.628951048951,8.92875615931179,73466,655.96,15.774504667856746,49790,785.4125874125874,-6.845748508544956,23676,-129.45258741258738,9.90760007566608,68723,680.88,16.850863322071184,45568,767.8601398601397,-6.943263246405104,23155,-86.98013986013973,11.646232671432815,65099.16308470291,758.16,17.61510217006989,42907,755.8111888111887,-5.9688694986370745,22192.16308470291,2.3488111888112826
H010A,2009,249,OLE,OLE,OLE01,OLE001,H 10,H010A,2009,Socfindo,23.7,,23.7,0,0,0,1.5284201389,0,25.2284201389,0,457,0,0,1848,687,144,0,0,0,0,0,3136,132.32067510548524,0,0,0,0,0,0,0,0,0,0,0,0,,0,0,0,457,2679,0,3136,132.32067510548524,11,1,12,0.003826530612244898,H010A,2009.0,236,OLE001,H010A,23.7,0.8542729591836735,3136,2009,132.32067510548524,4.613489948600151,30658,141.44037484418342,4.37062937062937,7312,31.958041958041953,0.24286057797078087,23346,109.48233288614148,5.216074548631334,42925,223.9,3.2954629748265236,33184,109.35664335664336,1.9206115738048104,9741,114.54335664335665,5.77968009856193,47077,272.09,3.9779871494691443,49737,197.85314685314685,1.8016929490927858,-2660,74.23685314685312,6.4027864666993555,59143,378.68,4.98544118946121,50348,251.00699300699299,1.4173452772381454,8795,127.67300699300702,6.957269048344284,45962,319.77,6.475934999349743,49093,317.92307692307696,0.48133404899454124,-3131,1.8469230769230194,8.188701923076923,49920,408.78,8.383637867508835,46500,389.83916083916085,-0.19493594443191142,3420,18.94083916083912,8.916692313155465,42241,376.65,10.922211441228738,43736.5,477.6993006993007,-2.0055191280732725,-1495.5,-101.04930069930072,8.848432764937355,44218,391.26,13.020020220784383,40829,531.5944055944057,-4.171587455847028,3389,-140.33440559440567,8.575717770688685,47961,411.3,14.40443448275417,37921.5,546.2377622377622,-5.828716712065484,10039.5,-134.93776223776223,9.390953342039653,50538,474.6,15.353106267288767,35709.5,548.2517482517483,-5.962152925249114,14828.5,-73.65174825174824,10.122478108243644,51846,524.81,16.120792558129857,33612.5,541.8601398601398,-5.998314449886212,18233.5,-17.050139860139893,11.34874191383917,50529.830033469094,573.45,16.809884244233352,32044.5,538.6643356643357,-5.461142330394182,18485.330033469094,34.785664335664364
H005A,2010,244,OLE,OLE,OLE01,OLE001,H 05,H005A,2010,Socfindo,24.4,,24.4,2.8,0,0,1.67971761039,0,28.87971761039,0,0,653,1224,530,668,0,244,0,0,0,0,3319,136.02459016393445,0,0,0,0,0,0,0,0,0,0,0,0,,0,0,0,653,2666,0,3319,136.02459016393445,23,2,25,0.007532389273877674,H005A,2010.0,237,OLE001,H005A,24.4,0.8032539921663152,3319,2010,136.02459016393445,3.9252857806974566,37831,148.49748636956548,2.903949632921596,28890,83.89510489510491,1.0213361477758607,8941,64.60238147446057,4.838643511554766,58504,283.08,3.5396182764603816,39900,141.23076923076923,1.2990252350943843,18604,141.84923076923076,5.464784295193652,50787,277.54,4.215472206642185,48924,206.23776223776227,1.2493120885514664,1863,71.30223776223775,6.307899996493566,57038,359.79,5.635845220473251,49883,281.13286713286715,0.6720547760203148,7155,78.65713286713287,8.163447251114412,47110,384.58,7.312038678089071,50086,366.2307692307692,0.8514085730253411,-2976,18.349230769230758,9.113252700342798,46383,422.7,9.423420069807904,48655,458.4965034965035,-0.3101673694651055,-2272,-35.79650349650353,9.655790429893694,40731,393.29,11.410859166558627,45092,514.5384615384615,-1.7550687366649331,-4361,-121.24846153846153,9.90146490432791,41914,415.01,13.039377168464279,42343.5,552.1328671328672,-3.1379122641363697,-429.5,-137.1228671328672,9.042707828614937,43341,391.92,14.220671603750953,39963,568.3006993006993,-5.177963775136016,3378,-176.3806993006993,9.000388317766559,48929,440.38,15.240958262293885,37847.5,576.8321678321678,-6.240569944527326,11081.5,-136.4521678321678,10.112189475558722,44924,454.28,16.235390960834795,35739.5,580.2447552447552,-6.123201485276073,9184.5,-125.96475524475522,10.977839630227237,46208.5453137103,507.27,17.468934882448476,32693,571.1118881118881,-6.491095252221239,13515.545313710303,-63.841888111888125
H006A,2010,245,OLE,OLE,OLE01,OLE001,H 06,H006A,2010,Socfindo,19.3,,19.3,0,0,0,1.45649920289,0,20.75649920289,0,0,560,1032,81,463,0,444,0,0,0,0,2580,133.67875647668393,0,0,0,0,0,0,0,0,0,0,0,0,,0,0,0,560,2020,0,2580,133.67875647668393,39,3,42,0.01627906976744186,H006A,2010.0,238,OLE001,H006A,19.3,0.7829457364341086,2580,2010,133.67875647668393,3.6600537593788323,13916,50.93330811551583,2.908050853256333,24528,71.32867132867133,0.7520029061224993,-10612,-20.395363213155505,4.3895251143913345,38683,169.8,3.730172861669199,28670,106.94405594405595,0.6593522527221354,10013,62.855944055944065,4.963804087035658,48348,239.99,4.437918121624575,33412,148.2797202797203,0.5258859654110832,14936,91.71027972027971,5.950149681114148,46098,274.29,5.9732693917164985,34542,206.3286713286713,-0.02311971060235063,11556,67.96132867132872,8.184988532470388,31829,260.52,7.21245281914738,38240,275.80419580419584,0.9725357133230084,-6411,-15.28419580419586,9.410985565226794,36994,348.15,9.059193160593678,38343,347.35664335664336,0.351792404633116,-1349,0.793356643356617,9.466402041394954,35270,333.88,10.778287088488398,35319,380.6783216783217,-1.311885047093444,-49,-46.79832167832171,10.346927807965606,33494,346.56,12.26487704089832,33463,410.4195804195804,-1.9179492329327132,31,-63.859580419580425,8.699447192318882,34370,299,13.552027693888233,31679,429.31468531468533,-4.852580501569351,2691,-130.31468531468533,9.080570357213341,40536,368.09,14.859920857816334,29935.5,444.83916083916085,-5.779350500602993,10600.5,-76.74916083916088,10.02040978609484,37727,378.04,16.026753994668432,28143.5,451.0489510489511,-6.0063442085735925,9583.5,-73.00895104895108,10.606054055486386,37817.08049965302,401.09,17.343303133054853,25555.5,443.21678321678326,-6.7372490775684675,12261.58049965302,-42.12678321678328
H011A,2010,250,OLE,OLE,OLE01,OLE001,H 11,H011A,2010,Socfindo,23.9,,23.9,0,0,0,1.67806317607,0,25.57806317607,0,0,1082,1794,0,221,221,0,0,0,0,0,3318,138.8284518828452,0,0,0,0,0,0,0,0,0,0,0,0,,0,0,0,1082,2236,0,3318,138.8284518828452,26,0,26,0.007836045810729355,H011A,2010.0,239,OLE001,H011A,23.9,0.6738999397227247,3318,2010,138.8284518828452,3.567098525911353,21147,75.43343252744738,2.9338261308121374,44592,130.82517482517483,0.6332723950992154,-23445,-55.39174229772745,4.072334547281176,39815,162.14,3.8015770214786424,49604,188.5734265734266,0.2707575258025332,-9789,-26.4334265734266,4.771007808390986,49434,235.85,4.868904258030709,49110,239.11188811188813,-0.09789644963972322,324,-3.2618881118881404,5.870294306063233,53074,311.56,6.412116514796976,52006,333.4685314685315,-0.541822208733743,1068,-21.90853146853152,7.137771535127019,41293,294.74,8.658310945892646,49572,429.2097902097903,-1.5205394107656272,-8279,-134.4697902097903,7.866941198491857,37397,294.2,11.129787754512105,46254,514.7972027972029,-3.2628465560202473,-8857,-220.5972027972029,8.445688901490986,42321,357.43,12.796342383663099,43157,552.2517482517484,-4.350653482172113,-836,-194.82174825174837,9.508919257250156,38344,364.61,14.020823159010382,40380,566.1608391608393,-4.511903901760226,-2036,-201.55083916083925,8.826454260197924,41430,365.68,14.986468077377168,38500,576.979020979021,-6.1600138171792445,2930,-211.299020979021,9.18442240113874,44962,412.95,15.84024931922256,36620,580.0699300699301,-6.65582691808382,8342,-167.11993006993015,9.72468596641304,44422,431.99,16.906977078358185,34309.5,580.0699300699301,-7.182291111945146,10112.5,-148.07993006993013,10.87730059267961,41269.430423032376,448.9,18.418957760039877,30671.5,564.937062937063,-7.541657167360267,10597.930423032376,-116.03706293706307
H012A,2010,251,OLE,OLE,OLE01,OLE001,H 12,H012A,2010,Socfindo,18.7,,18.7,0,0,0,1.48641426623,0,20.18641426623,0,0,869,682,0,921,143,0,0,0,0,0,2615,139.83957219251337,0,0,0,0,0,0,0,0,0,0,0,0,,0,0,0,869,1746,0,2615,139.83957219251337,35,8,43,0.01644359464627151,H012A,2010.0,240,OLE001,H012A,18.7,0.6676864244741875,2615,2010,139.83957219251337,3.2909545617330527,20018,65.87832841677225,3.1178428558341227,25190,78.53846153846155,0.17311170589893,-5172,-12.660133121689299,4.278669043374926,33660,144.02,3.9607451372157247,26180,103.69230769230768,0.31792390615920096,7480,40.32769230769233,4.519579008774701,41141,185.94,4.374755448741129,37710,164.97202797202797,0.1448235600335721,3431,20.967972027972024,5.6870443073471675,44575,253.5,5.622754511695654,42527,239.11888111888112,0.06428979565151316,2048,14.38111888111888,7.2998692228498285,35939,262.35,7.530876417190827,39706,299.020979020979,-0.23100719434099837,-3767,-36.67097902097896,7.941228693181818,33792,268.35,9.553545559249434,37869,361.7832167832168,-1.6123168660676157,-4077,-93.43321678321678,8.693132653328789,38137,331.53,11.331014382120408,35397,401.0839160839161,-2.637881728791619,2740,-69.55391608391614,9.698886866215046,33509,325,13.164743825710515,33216.5,437.2867132867133,-3.4658569594954685,292.5,-112.28671328671328,8.507600038079524,31513,268.1,14.506416552501266,31377,455.1678321678322,-5.998816514421742,136,-187.0678321678322,9.129064815498609,40623,370.85,15.47753981101421,29537.5,457.1678321678322,-6.348474995515602,11085.5,-86.3178321678322,9.297197722451713,35828,333.1,16.489966533250332,27724,457.1678321678322,-7.1927688107986185,8104,-124.0678321678322,10.415176635880055,36532.265683254984,380.49,17.654731359529727,25206.5,445.013986013986,-7.239554723649672,11325.765683254984,-64.52398601398602
I012A,2010,254,OLE,OLE,OLE01,OLE001,I 12,I012A,2010,Socfindo,30.599999999999998,,30.599999999999998,0,0,0,1.57486706192,0,32.17486706192,0,0,613,457,1750,721,0,352,0,0,0,0,3893,127.22222222222223,0,0,0,0,0,0,0,0,0,0,0,0,,0,0,0,613,3280,0,3893,127.22222222222223,8,1,9,0.0023118417672745952,I012A,2010.0,241,OLE001,I012A,30.599999999999998,0.8425378885178526,3893,2010,127.22222222222223,3.493736901421139,17532,61.25219535571541,3.129843997214351,17432,54.55944055944056,0.363892904206788,100,6.692754796274848,4.027702142772582,42235,170.11,3.122635581374473,42534,132.8181818181818,0.905066561398109,-299,37.2918181818182,4.151954602774275,53924,223.89,3.8716775951507016,58714,227.32167832167832,0.2802770076235732,-4790,-3.4316783216783335,5.507603707369747,55565,306.03,5.038833481035794,57485,289.6573426573426,0.4687702263339535,-1920,16.372657342657362,7.070437333099855,45686,323.02,6.513661294048934,59901,390.1748251748252,0.5567760390509218,-14215,-67.15482517482519,7.427513092348959,46974,348.9,8.440771900567759,58489,493.6923076923076,-1.0132588082187999,-11515,-144.79230769230765,8.359999073838246,43189,361.06,10.764362840168461,54244,583.9020979020979,-2.4043637663302153,-11055,-222.84209790209792,7.8986493560883675,47755,377.2,12.613994774180622,51009.5,643.4335664335664,-4.715345418092254,-3254.5,-266.2335664335664,8.798052795342768,39852,350.62,13.921149100524353,47651.5,663.3636363636363,-5.123096305181585,-7799.5,-312.74363636363626,9.063335588415322,62082,562.67,14.958905623860181,45168.5,675.6713286713286,-5.895570035444859,16913.5,-113.00132867132868,9.493775790327872,57919,549.87,15.92424819182268,42739.5,680.5944055944055,-6.430472401494809,15179.5,-130.72440559440554,10.57855767122852,58274.48496846061,616.46,16.89534962529645,39775.5,672.020979020979,-6.316791954067931,18498.98496846061,-55.56097902097895
I014A,2010,256,OLE,OLE,OLE01,OLE001,I 14,I014A,2010,Socfindo/Lonsum,28.099999999999998,,28.099999999999998,2.5,0,0,1.754699,0,32.354699,0,0,402,1062,133,1195,0,232,283,0,105,0,3412,121.42348754448399,0,0,0,0,0,0,0,209,0,0,0,0,,0,0,0,402,3219,0,3621,128.8612099644128,35,14,49,0.013532173432753383,I014A,2010.0,242,OLE001,I014A,28.099999999999998,0.8889809444904723,3621,2010,128.8612099644128,3.289772166060358,28616,94.14012030398321,2.8245370264914236,22104,62.433566433566426,0.4652351395689345,6512,31.706553870416784,4.202236291228428,39172,164.61,3.6337613499233345,27410,99.6013986013986,0.5684749413050936,11762,65.00860139860141,4.476297795943314,52358,234.37,3.8492108624664785,42548,163.77622377622373,0.6270869334768352,9810,70.59377622377627,5.582064254346542,38939,217.36,5.123958767336393,46660,239.08391608391605,0.4581054870101493,-7721,-21.723916083916038,7.246475404067653,42629,308.91,6.579992292416837,46054,303.034965034965,0.6664831116508161,-3425,5.875034965035013,7.811376612391626,37832,295.52,8.092116609351699,49347,399.3216783216783,-0.28073999696007235,-11515,-103.80167832167831,8.231969251639159,35384,291.28,9.778925730898287,47223,461.79020979020976,-1.5469564792591282,-11839,-170.51020979020979,7.5752164766890075,40882,309.69,11.366247069866185,45536,517.5734265734266,-3.7910305931771777,-4654,-207.88342657342656,8.660777564037664,39508,342.17,12.633505190302548,43664,551.6293706293704,-3.9727276262648843,-4156,-209.45937062937043,8.954009272481857,51119,457.72,13.881662414468217,40945.5,568.3916083916083,-4.92765314198636,10173.5,-110.67160839160829,9.457806767223808,46607,440.8,15.050627202506378,38833.5,584.4685314685314,-5.592820435282571,7773.5,-143.6685314685314,10.380473466464844,48140.386044470455,499.72,16.322960017312734,35884.5,585.7412587412588,-5.942486550847891,12255.886044470455,-86.02125874125875
I015A,2010,257,OLE,OLE,OLE01,OLE001,I 15,I015A,2010,Socfindo,30.4,,30.4,0,0,0,1.5551500228,0,31.955150022799998,0,0,36,977,192,1767,0,107,0,0,0,0,3079,101.28289473684211,0,0,0,0,0,0,0,943,0,0,0,0,,0,0,0,36,3986,0,4022,132.30263157894737,38,15,53,0.013177523620089508,I015A,2010.0,243,OLE001,I015A,30.4,0.9910492292391844,4022,2010,132.30263157894737,3.0780754246447595,33635,103.53106690792649,2.54268975475174,14326,36.42657342657343,0.5353856698930195,19309,67.10449348135306,3.7291620605792617,45230,168.67,3.391859938622528,20850,70.7202797202797,0.3373021219567338,24380,97.94972027972028,4.170088725292027,46999,195.99,3.2816829582741023,44402,145.7132867132867,0.8884057670179248,2597,50.27671328671332,5.871139292288811,48890,287.04,4.403882112011397,51050,224.8181818181818,1.4672571802774144,-2160,62.22181818181821,7.394448554858111,41899,309.82,5.726424988523694,48001,274.8741258741258,1.6680235663344174,-6102,34.945874125874184,7.937544672565499,40573,322.05,7.778431969521245,47224,367.3286713286713,0.1591127030442543,-6651,-45.278671328671294,8.622623110677718,32816,282.96,9.94325625326125,44038,437.8811188811189,-1.3206331425835316,-11222,-154.9211188811189,8.851561222821644,36702,324.87,12.300230195274493,41084,505.3426573426573,-3.4486689724528485,-4382,-180.47265734265727,8.841536483866047,45897,405.8,13.84129288781146,38511.5,533.048951048951,-4.999756403945412,7385.5,-127.24895104895103,8.65615166315952,51799,448.38,14.896356591930337,36035,536.7902097902097,-6.240204928770817,15764,-88.4102097902097,9.570465518812062,43908,420.22,15.636960065265894,34424,538.2867132867132,-6.066494546453832,9484,-118.06671328671314,10.065159538986926,44069.84293511219,443.57,16.64628532286743,32306.5,537.7832167832167,-6.5811257838805055,11763.342935112189,-94.21321678321675
J012A,2010,259,OLE,OLE,OLE01,OLE001,J 12,J012A,2010,Socfindo,28.7,,28.7,0,0,0,1.39697553467,0,30.096975534669998,0,0,341,1530,1344,0,0,529,0,0,0,0,3744,130.45296167247386,0,0,0,0,0,0,0,0,0,0,0,0,,0,0,0,341,3403,0,3744,130.45296167247386,11,1,12,0.003205128205128205,J012A,2010.0,244,OLE001,J012A,28.7,0.9113364534581384,3846,2010,134.00696864111498,3.4814529844774325,10452,36.38814659375812,2.720010231440669,27558,74.95804195804196,0.7614427530367633,-17106,-38.56989536428384,4.181851732250773,43354,181.3,3.2257559471332344,51812,167.13286713286712,0.9560957851175385,-8458,14.167132867132892,4.6448062886019095,44525,206.81,4.156167509699878,54128,224.965034965035,0.48863877890203167,-9603,-18.155034965034986,5.967645296584782,46732,278.88,5.610663627454563,51099,286.6993006993007,0.356981669130219,-4367,-7.8193006993006975,7.240950201106642,45001,325.85,7.01893720221933,56634,397.51048951048955,0.22201299888731185,-11633,-71.66048951048953,8.31066603513995,44337,368.47,9.150406629473885,55535,508.16783216783216,-0.839740594333934,-11198,-139.69783216783213,8.491882375953576,46011,390.72,11.319471367850285,51262,580.2587412587413,-2.827588991896709,-5251,-189.5387412587413,8.742115198673972,43438,379.74,12.73092024375272,48217.5,613.8531468531469,-3.988805045078749,-4779.5,-234.11314685314687,8.44436739281188,41819,353.135,13.84417956022704,45409,628.6503496503497,-5.39981216741516,-3590,-275.51534965034966,8.749044715792333,58883,515.17,14.955152883398306,43272.5,647.1468531468531,-6.206108167605972,15610.5,-131.97685314685316,9.424343010141392,54529,513.9,15.977968157240959,40965.5,654.5454545454545,-6.553625147099567,13563.5,-140.64545454545453,10.457234553223799,54694.19253139703,571.95,17.22493502044439,37723,649.7762237762238,-6.7677004672205925,16971.192531397028,-77.82622377622374
J013A,2010,260,OLE,OLE,OLE01,OLE001,J 13,J013A,2010,Socfindo,29.7,,29.7,0,0,0,1.54268416604,0,31.24268416604,0,0,299,3365,0,349,0,208,0,0,0,0,4221,142.12121212121212,0,0,0,0,0,0,0,0,0,0,0,0,,0,0,0,299,3922,0,4221,142.12121212121212,35,3,38,0.009002606017531391,J013A,2010.0,245,OLE001,J013A,29.7,0.9291637052831083,4221,2010,142.12121212121212,3.2296257479732824,17675,57.083635095427766,2.5999299793401756,52492,136.47552447552448,0.6296957686331068,-34817,-79.39188938009671,3.8827736251427094,46423,180.25,3.560490676811024,65354,232.69230769230765,0.3222829483316856,-18931,-52.44230769230765,4.10101761564418,37637,154.35,4.358214608568884,63510,276.7902097902098,-0.25719699292470466,-25873,-122.44020979020982,5.95486889036259,55793,332.24,6.021668829104557,64607,389.0419580419581,-0.06679993874196644,-8814,-56.80195804195807,7.80368127528184,41779,326.03,7.969594254566624,63157,503.33566433566426,-0.16591297928478355,-21378,-177.3056643356643,8.62759238619725,45759,394.79,10.621719763866468,60325,640.7552447552447,-1.9941273776692174,-14566,-245.96524475524467,8.585044471285824,45535,390.92,12.50599264768436,55896,699.034965034965,-3.920948176398536,-10361,-308.114965034965,8.441528736588205,48092,405.97,13.780924307998731,52032.5,717.055944055944,-5.339395571410526,-3940.5,-311.08594405594397,8.499900433115945,40174,341.475,14.659628043051853,49643.5,727.7552447552447,-6.159727609935908,-9469.5,-386.28024475524467,8.880084256983801,59817,531.18,15.554666159370475,47254.5,735.027972027972,-6.674581902386674,12562.5,-203.8479720279721,9.374132563111894,53318,499.81,16.438601996793597,44890.5,737.9370629370629,-7.064469433681703,8427.5,-238.12706293706293,11.051575947373136,50145.7894004453,554.19,18.030820989451765,40694.5,733.7552447552448,-6.979245042078629,9451.289400445297,-179.56524475524475
H007A,2011,246,OLE,OLE,OLE01,OLE001,H 07,H007A,2011,Socfindo,16.6,,16.6,0,0,0,1.70396495829,0,18.303964958290003,0,0,0,7,871,1029,0,253,0,0,0,0,2160,130.12048192771084,0,0,0,0,0,0,0,0,0,0,0,0,,0,0,0,7,2153,0,2160,130.12048192771084,17,4,21,0.009722222222222222,H007A,2011.0,250,OLE001,H007A,16.6,0.9967592592592591,2160,2011,130.12048192771084,2.9550884523834524,7463,22.053825120137706,2.4975024975024978,98,0.24475524475524477,0.45758595488095466,7365,21.809069875382463,3.2989193361636433,20728,68.38,2.507719553174099,12320,30.895104895104897,0.7911997829895445,8408,37.4848951048951,3.905116002379536,33620,131.29,3.023139266350287,30196,91.28671328671328,0.881976736029249,3424,40.00328671328671,5.668380462724936,36566,207.27,3.8795407846682024,32570,126.35664335664336,1.7888396780567333,3996,80.91335664335665,7.064434970997274,28618,202.17,4.903751929921636,34047,166.95804195804195,2.1606830410756377,-5429,35.21195804195804,8.151393084927829,29790,242.83,6.653596250155742,34181,227.4265734265734,1.4977968347720871,-4391,15.4034265734266,9.148128413480752,30028,274.7,9.082456199051515,31768,288.53146853146853,0.06567221442923632,-1740,-13.831468531468545,10.534409574838216,28742,302.78,11.512314750652381,29861,343.7692307692308,-0.9779051758141648,-1119,-40.9892307692308,8.746916080568546,27157,237.54,13.18333708378647,27704.5,365.23776223776224,-4.436421003217923,-547.5,-127.69776223776225,9.177296117261813,32065,294.27,14.39697947096873,25983.5,374.08391608391605,-5.219683353706918,6081.5,-79.81391608391607,9.74269698130288,28721,279.82,15.24084342827532,24777,377.6223776223776,-5.49814644697244,3944,-97.8023776223776,11.017202898683836,27219.25,299.88,16.023353741349244,23567,377.6223776223776,-5.0061508426654076,3652.25,-77.7423776223776
J014A,2010,261,OLE,OLE,OLE01,OLE001,J 14,J014A,2010,Socfindo,30.3,,30.3,0,0,0,1.54553799708,0,31.84553799708,0,0,1630,431,0,1589,0,322,0,0,0,0,3972,131.0891089108911,0,0,0,0,0,0,0,0,0,0,0,0,,0,0,0,1630,2342,0,3972,131.0891089108911,19,0,19,0.004783484390735146,J014A,2010.0,246,OLE001,J014A,30.3,0.5896273917421954,3972,2010,131.0891089108911,3.619455713928495,19778,71.58559511007778,3.326096643222216,35374,117.65734265734267,0.29335907070627876,-15596,-46.07174754726489,4.738347635874137,47544,225.28,4.170219519826471,33838,141.11188811188813,0.5681281160476663,13706,84.16811188811187,4.7412685170571125,44351,210.28,4.441702949544027,55222,245.27972027972027,0.2995655675130857,-10871,-34.999720279720265,5.713588138678031,45054,257.42,5.794649068820018,59948,347.3776223776224,-0.08106093014198645,-14894,-89.95762237762239,7.664899120538024,46392,355.59,7.409987044213703,59217,438.7972027972029,0.2549120763243211,-12825,-83.20720279720291,8.354292015709339,51689,431.825,9.070544129746102,58444,530.1188811188812,-0.716252114036763,-6755,-98.29388111888119,8.8138353467344,41141,362.61,10.763548547482065,54150,582.8461538461539,-1.9497132007476647,-13009,-220.2361538461539,9.5949263502455,43992,422.1,12.616439392235945,51315,647.4125874125875,-3.0215130419904455,-7323,-225.3125874125875,8.804466977254043,43788,385.53,14.029238253245204,48373.5,678.6433566433568,-5.224771275991161,-4585.5,-293.11335664335684,8.894848245676975,55748,495.87,15.185378101384444,45432,689.902097902098,-6.290529855707469,10316,-194.03209790209803,9.515374587838355,52164,496.36,16.35049668955956,42470,694.4055944055945,-6.835122101721204,9694,-198.04559440559444,10.8724378995421,51776.79607843138,562.94,17.45457453338683,38477.5,671.6083916083917,-6.58213663384473,13299.296078431376,-108.66839160839163
H008A,2011,247,OLE,OLE,OLE01,OLE001,H 08,H008A,2011,Socfindo,10.200000000000001,,10.200000000000001,0,0,0,2.18789549426,0,12.38789549426,0,0,0,913,396,0,0,101,0,0,0,0,1410,138.23529411764704,0,0,0,0,0,0,0,0,0,0,0,0,,0,0,0,913,497,0,1410,138.23529411764704,2,0,2,0.0014184397163120568,H008A,2011.0,251,OLE001,H008A,10.200000000000001,0.3524822695035461,1410,2011,138.23529411764704,2.6430521493570955,4711,12.451418675621277,2.4975024975024978,12782,31.923076923076927,0.14554965185459778,-8071,-19.47165824745565,2.766412213740458,16375,45.3,3.2445032445032447,21978,71.3076923076923,-0.4780910307627866,-5603,-26.00769230769231,3.475527287348759,27357,95.08,4.083972707454489,21736,88.76923076923077,-0.6084454201057299,5621,6.310769230769225,5.3766668993925855,28646,154.02,5.58999823705706,20944,117.07692307692307,-0.21333133766447432,7702,36.943076923076944,6.789410657770935,23382,158.75,7.331488749068605,21445,157.2237762237762,-0.5420780912976699,1937,1.5262237762237874,8.079817877717897,21524,173.91,9.885538025752245,20540,203.0489510489511,-1.8057201480343483,984,-29.1389510489511,8.801946989528796,24448,215.19,12.106291942331671,19029,230.3706293706294,-3.304344952802875,5419,-15.18062937062939,10.373587721168194,18764,194.65,13.472588359721545,17720,238.73426573426576,-3.099000638553351,1044,-44.084265734265756,8.523162134944613,19860,169.27,14.407266904806644,16766.5,241.5594405594406,-5.884104769862031,3093.5,-72.28944055944058,9.222702035780383,21073,194.35,15.307657803441954,16011,245.09090909090912,-6.084955767661571,5062,-50.74090909090913,10.053200425603405,17857,179.52,16.158336108518014,15255.5,246.50349650349654,-6.105135682914609,2601.5,-66.98349650349653,10.338784388180876,19184.073538349337,198.34,17.552853384376867,14043.5,246.50349650349654,-7.214068996195991,5140.5735383493375,-48.16349650349653
J015A,2010,262,OLE,OLE,OLE01,OLE001,J 15,J015A,2010,Socfindo,30.5,,30.5,0,0,0,1.55752471064,0,32.05752471064,0,0,653,486,2289,27,0,117,0,0,0,0,3572,117.11475409836065,0,0,0,0,0,0,0,0,3,0,0,0,,0,0,0,653,2919,3,3575,117.21311475409836,6,1,7,0.001958041958041958,J015A,2010.0,247,OLE001,J015A,30.5,0.8238942826321467,3708,2010,121.57377049180327,3.2091211635324406,20287,65.10344104458262,3.1302354289745167,18558,58.09090909090908,0.07888573455792391,1729,7.012531953673545,3.5289296836584167,42707,150.71,3.0499729379554523,51242,156.28671328671328,0.4789567457029644,-8535,-5.576713286713272,3.621153209794838,48352,175.09,4.061987106599507,59804,242.9230769230769,-0.4408338968046692,-11452,-67.8330769230769,5.690206913001133,50311,286.28,5.331750599759597,54681,291.5454545454545,0.35845631324153615,-4370,-5.265454545454531,7.333729080572616,43799,321.21,7.188617354419335,55126,396.27972027972027,0.1451117261532815,-11327,-75.06972027972029,7.770362666358507,51921,403.445,9.401938781227972,52166,490.4615384615384,-1.6315761148694659,-245,-87.0165384615384,8.579901904870537,43835,376.1,11.94106757569843,48477,578.8671328671328,-3.3611656708278925,-4642,-202.76713286713277,8.98762977689419,45270,406.87,13.563798187324876,45348.5,615.0979020979022,-4.576168410430686,-78.5,-208.2279020979022,8.787761781308033,54387,477.94,14.611728421769511,42346,618.7482517482517,-5.823966640461478,12041,-140.80825174825173,8.825323098197032,56407,497.81,15.38330272770107,40488,622.8391608391609,-6.557979629504038,15919,-125.02916083916085,9.483944525438302,53502,507.41,16.297610054950137,38317,624.4755244755245,-6.813665529511836,15185,-117.06552447552446,11.040141443557589,53809.093211089275,594.06,17.29632362212858,35576.5,615.3426573426573,-6.25618217857099,18232.593211089275,-21.28265734265733
I010A,2013,252,OLE,OLE,OLE01,OLE001,I 10,I010A,2013,Topaz,19.2,,19.2,0,0,0,2.9160277281,0,22.1160277281,0,0,0,0,0,1898,0,361,0,0,0,0,2259,117.65625,0,219,0,0,0,0,0,0,0,0,0,0,,0,0,0,1898,580,0,2478,129.0625,4,4,8,0.003228410008071025,I010A,2013.0,254,OLE001,I010A,19.2,0.23405972558514931,2478,2013,129.0625,,0,0,,0,0,,0,0,,0,0,,0,0,,0,0,4.733853613005263,38569,182.58,2.4975024975024973,26572,66.36363636363636,2.236351115502766,11997,116.21636363636365,5.065849156943098,31967,161.94,3.4965034965034967,34164,119.45454545454545,1.569345660439601,-2197,42.485454545454544,6.635978035708415,30413,201.82,4.103372207939991,35422,145.34965034965035,2.532605827768424,-5009,56.47034965034965,7.019568971030249,31274,219.53,5.6566609216747565,36866,208.53846153846155,1.3629080493554921,-5592,10.991538461538454,8.058677144728225,38175,307.64,7.713421893180112,34246,264.15384615384613,0.3452552515481129,3929,43.486153846153854,8.803040076282358,35657,313.89,10.529720063539772,32348,340.6153846153846,-1.7266799872574143,3309,-26.7253846153846,8.294119582743756,30389,252.05,12.538095026712128,30089,377.2587412587412,-4.243975443968372,300,-125.20874125874121,8.511609446318714,40312,343.12,12.866988009401268,30896,397.53846153846155,-4.355378563082555,9416,-54.41846153846154,9.507228353800715,38598,366.96,13.41715208171777,30462,408.7132867132867,-3.9099237279170556,8136,-41.75328671328674,10.074443359008287,38455.722683038344,387.42,14.28727294158791,28714,410.24475524475525,-4.212829582579623,9741.722683038344,-22.824755244755238
J011A,2011,258,OLE,OLE,OLE01,OLE001,J 11,J011A,2011,Socfindo,10.4,,10.4,0,0,0,1.5709440833,0,11.970944083300001,0,0,0,365,580,277,0,119,0,0,0,0,1341,128.94230769230768,0,0,0,0,0,0,0,0,0,0,0,0,,0,0,0,365,976,0,1341,128.94230769230768,18,0,18,0.013422818791946308,J011A,2011.0,252,OLE001,J011A,10.4,0.7278150633855333,1341,2011,128.94230769230768,2.706190476190476,105,0.28414999999999996,2.4975024975024973,5110,12.76223776223776,0.2086879786879785,-5005,-12.47808776223776,2.6151444184231067,12810,33.5,2.9442987237405203,14690,43.25174825174824,-0.3291543053174135,-1880,-9.75174825174824,3.064984851295369,16173,49.57,3.557559614708141,20158,71.7132867132867,-0.4925747634127724,-3985,-22.143286713286706,5.4179683801950205,21126,114.46,4.661656855031967,20106,93.72727272727272,0.7563115251630537,1020,20.732727272727274,7.160475843651372,20595,147.47,6.054703939900314,20853,126.25874125874124,1.1057719037510578,-258,21.21125874125876,9.051472612166254,18165,164.42,8.159422994587828,20384,166.3216783216783,0.8920496175784258,-2219,-1.901678321678304,9.106443795439011,16093,146.55,10.583740926163246,18924,200.28671328671325,-1.477297130724235,-2831,-53.73671328671324,10.346824332561258,16406,169.75,12.507772421906417,17702,221.41258741258738,-2.1609480893451583,-1296,-51.662587412587385,8.446362515413071,12165,102.75,13.819045825574069,16543.5,228.61538461538458,-5.372683310160998,-4378.5,-125.86538461538458,8.476176570788923,20547,174.16,14.85015781666499,15675,232.77622377622373,-6.373981245876067,4872,-58.616223776223734,9.647210934613964,16242,156.69,15.686889223188988,14945,234.4405594405594,-6.039678288575024,1297,-77.75055944055941,10.891314652384594,15084.49670619236,164.29,16.706970207771917,14032.5,234.4405594405594,-5.815655555387323,1051.9967061923599,-70.15055944055942
I011A,2013,253,OLE,OLE,OLE01,OLE001,I 11,I011A,2013,Topaz,31.1,,31.1,0,0,0,1.62517960998,0,32.72517960998,0,0,0,0,0,3550,0,143,0,0,0,0,3693,118.74598070739549,0,20,0,260,0,0,0,0,0,0,0,0,,0,0,0,3550,423,0,3973,127.74919614147909,22,1,23,0.005789076264787314,I011A,2013.0,255,OLE001,I011A,31.1,0.10646866347847975,3973,2013,127.74919614147909,,0,0,,0,0,,0,0,,0,0,,0,0,,0,0,4.597286447482087,39358,180.94,2.4975024975024978,49700,124.12587412587413,2.0997839499795896,-10342,56.814125874125864,5.224293754239308,54549,284.98,3.4965034965034962,63900,223.4265734265734,1.7277902577358115,-9351,61.553426573426606,6.815650435527631,42018,286.38,4.306856029586549,58802,253.25174825174827,2.5087944059410816,-16784,33.12825174825173,7.487589356632248,40288,301.66,6.005194993641115,59374,356.5524475524476,1.4823943629911334,-19086,-54.89244755244755,8.207617919873693,50670,415.88,8.225956045467012,55538,456.8531468531468,-0.01833812559331882,-4868,-40.97314685314683,8.220236701313206,55513,456.33,11.252193217262079,51988,584.979020979021,-3.031956515948872,3525,-128.64902097902103,8.30700238624208,48612,403.82,13.223509071940585,48295,638.6293706293706,-4.916506685698504,317,-234.80937062937056,9.056937649630477,57642,522.06,14.356059697176402,44882,644.3286713286712,-5.299122047545925,12760,-122.2686713286713,9.570886320259055,46631,446.3,14.051474187709298,46684,655.9790209790209,-4.480587867450243,-53,-209.6790209790209,10.196833579031837,48042.364936440674,489.88,14.495293632644504,45766,663.3916083916083,-4.298460053612667,2276.364936440674,-173.51160839160832
K012A,2011,263,OLE,OLE,OLE01,OLE001,K 12,K012A,2011,Socfindo,3.6,,3.6,0,0,0,0.34945229,0,3.94945229,0,0,0,90,227,0,0,0,96,0,0,0,413,114.72222222222221,0,0,0,0,0,0,0,0,0,0,0,0,,0,0,0,90,323,0,413,114.72222222222221,2,0,2,0.004842615012106538,K012A,2011.0,253,OLE001,K012A,3.6,0.7820823244552058,413,2011,114.72222222222221,,0,0,2.4975024975024973,1260,3.1468531468531467,,-1260,-3.1468531468531467,2.783505154639175,4753,13.23,2.8348058777404335,4798,13.6013986013986,-0.05130072310125833,-45,-0.3713986013985995,3.209521855120049,4873,15.64,3.7242887405753855,5526,20.58041958041958,-0.5147668854553364,-653,-4.940419580419579,4.83446519524618,4712,22.78,4.866978447420086,5072,24.68531468531468,-0.03251325217390644,-360,-1.9053146853146785,7.164579606440071,5590,40.05,6.734734554887104,4982,33.552447552447546,0.4298450515529675,608,6.497552447552451,8.131424375917767,5448,44.3,7.722681711698187,6009,46.40559440559441,0.40874266421957994,-561,-2.1055944055944096,8.85878891885266,8158,72.27,9.59294162059139,6076,58.28671328671328,-0.7341527017387293,2082,13.983286713286716,7.634197617379117,7135,54.47,11.16092457928276,5567,62.132867132867126,-3.526726961903643,1568,-7.662867132867127,8.241981323589119,4926,40.6,12.241394111082496,5295,64.81818181818181,-3.9994127874933767,-369,-24.21818181818181,7.506604604352749,7949,59.67,13.392222300068743,5040.5,67.50349650349649,-5.885617695715995,2908.5,-7.833496503496491,9.013743955204887,7858,70.83,14.805712465553668,4786,70.86013986013985,-5.791968510348781,3072,-0.03013986013985459,10.118960839104199,6658.786516853933,67.38,16.093346083315993,4486.5,72.2027972027972,-5.974385244211794,2172.286516853933,-4.822797202797204
I013A,2013,255,OLE,OLE,OLE01,OLE001,I 13,I013A,2013,Topaz,30.5,,30.5,0,0,0,1.54882168911,0,32.04882168911,0,0,0,0,0,3795,0,0,0,0,0,0,3795,124.42622950819673,0,251,0,0,0,0,0,0,0,0,0,0,,0,0,0,3795,251,0,4046,132.65573770491804,20,6,26,0.006426099851705388,I013A,2013.0,256,OLE001,I013A,30.5,0.0620365793376174,4046,2013,132.65573770491804,,0,0,,0,0,,0,0,,0,0,,0,0,,0,0,4.330562505043983,49564,214.64,2.4975024975024978,53130,132.6923076923077,1.8330600075414853,-3566,81.94769230769228,5.442826552462527,46700,254.18,3.4965034965034967,68310,238.84615384615384,1.9463230559590299,-21610,15.333846153846167,7.375602836879432,35250,259.99,4.370629370629372,60720,265.3846153846154,3.0049734662500605,-25470,-5.394615384615406,7.379857330580064,42616,314.5,6.118881118881118,60720,371.5384615384615,1.2609762116989458,-18104,-57.03846153846149,8.27367366252853,35926,297.24,8.391608391608392,56925,477.6923076923077,-0.11793472907986136,-20999,-180.45230769230767,6.979042171760287,46856,327.01,11.48851148851149,53130,610.3846153846155,-4.509469316751203,-6274,-283.3746153846155,8.249634996281094,36301,299.47,13.448090371167295,49335,663.4615384615385,-5.198455374886201,-13034,-363.9915384615384,8.768240859525337,49888,437.43,13.704035598274599,49054,672.2377622377622,-4.935794738749262,834,-234.80776223776223,9.235039616346956,38368,354.33,14.104063314515864,48160.5,679.2587412587412,-4.869023698168908,-9792.5,-324.92874125874124,10.171787344037924,37870.433874709975,385.21,14.88197342745976,45761,681.013986013986,-4.710186083421837,-7890.5661252900245,-295.80398601398605
K013A,2013,264,OLE,OLE,OLE01,OLE001,K 13,K013A,2013,Topaz,15.1,,15.1,0,0,0,0.749849815,0,15.849849814999999,0,0,0,0,0,1648,0,0,214,0,0,0,1862,123.3112582781457,0,126,0,0,0,0,0,0,0,0,0,0,,0,0,0,1648,340,0,1988,131.65562913907286,1,0,1,0.0005030181086519115,K013A,2013.0,257,OLE001,K013A,15.1,0.1710261569416499,1988,2013,131.65562913907286,,0,0,,0,0,,0,0,2.6465483995372154,10372,27.45,,0,0,,10372,27.45,2.9369029231737316,17481,51.34,2.4975024975024978,23072,57.62237762237763,0.43940042567123383,-5591,-6.2823776223776235,5.170617816091954,16704,86.37,3.4965034965034967,29664,103.72027972027972,1.6741143195884574,-12960,-17.350279720279715,6.416289592760181,15470,99.26,4.370629370629371,26368,115.24475524475525,2.0456602221308104,-10898,-15.984755244755249,6.866120379649826,16963,116.47,5.749392958220095,29364,168.82517482517486,1.1167274214297311,-12401,-52.355174825174856,7.357345788992151,20767,152.79,7.731663548547211,28572,220.9090909090909,-0.3743177595550602,-7805,-68.11909090909091,6.151322534344884,24385,150,10.568688557818993,26496,280.02797202797206,-4.417366023474108,-2111,-130.02797202797206,8.669380896988496,15474,134.15,12.438141382120778,24848,309.06293706293707,-3.7687604851322813,-9374,-174.91293706293706,8.580816990072982,28911,248.08,12.907254361799815,24750,319.45454545454544,-4.326437371726833,4161,-71.37454545454543,8.837592414014786,24888,219.95,13.646413051764885,24216,330.46153846153845,-4.808820637750099,672,-110.51153846153846,9.883613645519347,25781.05631592712,254.81,14.58325326422683,22926,334.3356643356643,-4.699639618707483,2855.0563159271187,-79.52566433566432
K014A,2013,265,OLE,OLE,OLE01,OLE001,K 14,K014A,2013,Topaz,25.6,,25.6,0,0,0,1.17639570882,0,26.77639570882,0,0,0,0,0,2870,0,169,63,0,0,0,3102,121.171875,0,191,0,0,0,0,0,0,0,0,0,0,,0,0,0,2870,423,0,3293,128.6328125,3,0,3,0.0009110233829334953,K014A,2013.0,258,OLE001,K014A,25.6,0.12845429699362285,3293,2013,128.6328125,,0,0,,0,0,,0,0,2.679257362355954,12496,33.48,,0,0,,12496,33.48,3.180314463071033,26903,85.56,2.497502497502497,40180,100.34965034965033,0.6828119655685363,-13277,-14.78965034965033,4.859165369505597,26982,131.11,3.4965034965034962,51660,180.6293706293706,1.3626618730021005,-24678,-49.5193706293706,6.237105582524272,26368,164.46,4.2788466969388965,48286,206.60839160839157,1.9582588855853755,-21918,-42.14839160839156,6.949374054202779,29076,202.06,5.894755272814819,49844,293.8181818181818,1.0546187813879602,-20768,-91.75818181818181,6.9922093935657434,35684,249.51,8.041331642252986,46888,377.041958041958,-1.049122248687243,-11204,-127.53195804195803,5.611420485667336,43816,245.87,10.994245888987528,43892,482.5594405594406,-5.382825403320192,-76,-236.68944055944058,7.826209905469823,24754,193.73,12.95348716590731,40853,529.1888111888113,-5.127277260437487,-16099,-335.4588111888113,8.15224409038842,48015,391.43,13.445602017030591,40425,543.5384615384617,-5.293357926642171,7590,-152.10846153846165,8.971877326544826,41639,373.58,14.003531006719104,39522,553.4475524475524,-5.031653680174278,2117,-179.86755244755244,9.467694027841873,45970.011147393314,435.23,14.828392059998816,37473,555.6643356643357,-5.360698032156943,8497.011147393314,-120.43433566433566
K015A,2013,266,OLE,OLE,OLE01,OLE001,K 15,K015A,2013,Topaz,36.4,,36.4,0,0,0,1.49584204342,0,37.89584204342,0,0,0,0,0,3692,0,559,0,0,0,0,4251,116.78571428571429,0,475,0,68,0,0,0,0,0,0,0,0,,0,0,0,3692,1102,0,4794,131.7032967032967,9,0,9,0.0018773466833541927,K015A,2013.0,259,OLE001,K015A,36.4,0.2298706716729245,4794,2013,131.7032967032967,,0,0,,0,0,,0,0,2.6927141431339163,17033,45.865,,0,0,,17033,45.865,3.1966963091578875,42619,136.24,2.497502497502497,51688,129.09090909090907,0.6991938116553906,-9069,7.149090909090944,4.626962098009188,41792,193.37,3.4965034965034962,66456,232.36363636363635,1.1304586015056919,-24664,-38.99363636363634,6.347090320163938,45383,288.05,4.151503374200614,66898,277.7272727272727,2.1955869459633233,-21515,10.32272727272732,6.995404270290477,45477,318.13,5.737211265605399,69134,396.6363636363636,1.2581930046850776,-23657,-78.50636363636363,6.969871425829975,57321,399.52,7.832507024099586,64324,503.81818181818176,-0.8626355982696108,-7003,-104.29818181818177,6.856036036036036,55500,380.51,10.696421931413356,60632,648.5454545454546,-3.8403858953773202,-5132,-268.0354545454546,8.065593757620093,41010,330.77,12.696088785551547,56381,715.8181818181818,-4.630495027931454,-15371,-385.0481818181818,7.98390227876833,66966,534.65,12.79299128907839,58780,751.9720279720278,-4.8090890103100605,8186,-217.32202797202785,8.589810558573618,57432,493.33,13.092922914457011,59227,775.4545454545454,-4.503112355883394,-1795,-282.1245454545454,9.533334401575297,59970.62265072003,571.72,13.904928784524111,56144,780.6783216783217,-4.371594382948814,3826.6226507200336,-208.95832167832168
F013A,2009,267,OLE,OLE,OLE02,OLE002,F 13,F013A,2009,Socfindo,24.6,,24.6,0,0,0,1.37541090994,0,25.975410909940003,0,643,0,1638,194,380,0,0,0,0,0,0,2855,116.05691056910568,0,0,0,0,0,0,0,0,0,0,0,0,,0,0,0,643,2212,0,2855,116.05691056910568,36,6,42,0.014711033274956218,F013A,2009.0,260,OLE002,F013A,24.6,0.7747810858143607,2855,2009,116.05691056910568,4.550916680252403,26619,121.14085111163871,3.0775966958989236,33220,102.23776223776224,1.4733199843534792,-6601,18.90308887387647,4.7689566285486915,57803,275.66,4.067623207144954,42488,172.8251748251748,0.7013334214037377,15315,102.83482517482523,4.839476484652487,72357,350.17,4.947476121773669,44665,220.97902097902096,-0.10799963712118199,27692,129.19097902097906,5.219159312244928,67873,354.24,6.671961161042969,45154,301.2657342657342,-1.4528018487980408,22719,52.97426573426583,5.953790988593773,61633,366.95,8.647231001373425,42113,364.1608391608391,-2.6934400127796527,19520,2.7891608391608997,6.720738670155822,67256,452.01,11.037123732012471,39638,437.4895104895104,-4.316385061856649,27618,14.520489510489597,7.236709589238184,55604,402.39,12.877445830322165,37104.5,477.81118881118874,-5.640736241083981,18499.5,-75.42118881118876,10.867095698392434,38381,417.09,14.283971791709487,34571,493.8111888111887,-3.416876093317052,3810,-76.72118881118871,8.21532521980425,66309,544.75,15.191084690270541,32856.5,499.125874125874,-6.975759470466292,33452.5,45.62412587412598,8.056350393444756,61508,495.53,16.143797982562432,30917.5,499.125874125874,-8.087447589117676,30590.5,-3.5958741258740474,9.212164126262438,53666,494.38,16.990774331225676,28847,490.1328671328671,-7.778610204963238,24819,4.247132867132905,10.216457026510414,46517.104585945235,475.24,18.256662981386196,26600.5,485.6363636363635,-8.040205954875782,19916.604585945235,-10.396363636363503
F014A,2009,268,OLE,OLE,OLE02,OLE002,F 14,F014A,2009,Socfindo,25.4,,25.4,0,0,0,1.38856208927,0,26.78856208927,0,359,0,965,1523,255,0,0,0,0,0,0,3102,122.1259842519685,0,0,0,0,0,0,0,0,0,0,0,0,,0,0,0,359,2743,0,3102,122.1259842519685,43,9,52,0.016763378465506126,F014A,2009.0,261,OLE002,F014A,25.4,0.8842682140554481,3102,2009,122.1259842519685,4.472081526207615,34879,155.9817315525954,3.0563079799602075,19254,58.84615384615384,1.415773546247407,15625,97.13557770644155,4.817079419299744,58550,282.04,3.3561271746526944,44436,149.13286713286712,1.4609522446470495,14114,132.9071328671329,4.878808909607553,76367,372.58,4.19696499528189,51809,217.44055944055944,0.6818439143256629,24558,155.13944055944054,5.509039143911025,71301,392.8,5.559429240232087,49424,274.7692307692307,-0.050390096321062394,21877,118.0307692307693,6.183099706977113,63135,390.37,7.379025681190002,47590,351.16783216783216,-1.195925974212889,15545,39.202167832167845,6.967751141552512,56064,390.64,9.714220249946509,44743,434.64335664335664,-2.746469108393997,11321,-44.00335664335665,7.414528798091157,57417,425.72,12.15969382299292,41820.5,508.52447552447546,-4.745165024901763,15596.5,-82.80447552447544,9.221858532395478,43077,397.25,13.850101772359984,38898,538.7412587412587,-4.628243239964506,4179,-141.49125874125866,8.084307414309109,70836,572.66,14.874861273456913,36458,542.3076923076922,-6.7905538591478045,34378,30.352307692307818,8.045122782516168,60147,483.89,15.673632725655843,34600,542.3076923076922,-7.628509943139674,25547,-58.417692307692164,9.231052854746235,54243,500.72,16.435812581422855,32690,537.2867132867132,-7.20475972667662,21553,-36.56671328671314,10.162181091730357,48442.35657250794,492.28,17.444138234182763,30656.5,534.7762237762238,-7.281957142452406,17785.85657250794,-42.496223776223815
F016A,2009,270,OLE,OLE,OLE02,OLE002,F 16,F016A,2009,Socfindo,24.7,,24.7,0,0,0,1.37741417299,0,26.07741417299,0,931,833,567,52,236,0,94,0,0,0,0,2713,109.83805668016194,0,0,0,0,0,0,0,0,0,0,0,0,,0,0,0,931,1782,0,2713,109.83805668016194,62,13,75,0.027644673792849243,F016A,2009.0,262,OLE002,F016A,24.7,0.6568374493180981,2713,2009,109.83805668016194,4.400117363663808,45939,202.1369915693517,3.631083941964771,37828,137.35664335664336,0.7690334216990373,8111,64.78034821270833,4.9011438167358445,63122,309.37,4.773024615713211,39158,186.9020979020979,0.12811920102263397,23964,122.46790209790211,5.000575553764944,60811,304.09,6.154810587762194,40605,249.9160839160839,-1.1542350339972502,20206,54.17391608391608,5.575415539234634,64675,360.59,8.280900319911431,39681,328.59440559440554,-2.705484780676797,24994,31.99559440559443,6.614386264697506,49158,325.15,10.289391186914358,38194,392.993006993007,-3.6750049222168517,10964,-67.84300699300701,7.1962851856509005,55669,400.61,12.025142900871755,36187,435.1538461538462,-4.828857715220854,19482,-34.543846153846175,7.335896890881336,51751,379.64,13.359555602985306,33845.5,452.1608391608392,-6.023658712103971,17905.5,-72.52083916083922,10.013414895900407,37272,373.22,14.443814901637598,32108.5,463.76923076923083,-4.430400005737191,5163.5,-90.5492307692308,7.991203205942723,51155,408.79,15.369238594918386,30561,469.69930069930075,-7.378035388975663,20594,-60.90930069930073,8.01570306923626,58842,471.66,16.553020717645904,28574,472.98601398601403,-8.537317648409644,30268,-1.3260139860140043,9.481026177554,45879,434.98,17.86313442588856,25823,461.2797202797203,-8.38210824833456,20056,-26.299720279720304,9.798594164832801,42025.416409010606,411.79,19.015529379001894,23303,443.1188811188811,-9.216935214169093,18722.416409010606,-31.3288811188811
G013A,2009,279,OLE,OLE,OLE02,OLE002,G 13,G013A,2009,Socfindo,24.9,,24.9,0,0,0,1.38395472587,0,26.28395472587,0,2322,0,0,0,398,332,0,0,0,0,0,3052,122.570281124498,0,0,0,0,0,0,0,0,0,0,0,0,,0,0,0,2322,730,0,3052,122.570281124498,30,6,36,0.011795543905635648,G013A,2009.0,263,OLE002,G013A,24.9,0.23918741808650062,3052,2009,122.570281124498,4.138216913529986,47990,198.593029680304,4.370629370629371,37152,162.37762237762237,-0.23241245709938507,10838,36.215407302681626,4.7811827767394295,56714,271.16,6.118881118881119,37152,227.32867132867133,-1.3376983421416897,19562,43.83132867132869,5.041177468292407,53063,267.5,7.578728879654574,40402,306.1958041958041,-2.537551411362167,12661,-38.6958041958041,5.887122446304515,53403,314.39,9.25374264724445,44320,410.1258741258741,-3.366620200939936,9083,-95.73587412587409,7.117842278002897,54539,388.2,10.690602602194419,42530,454.67132867132864,-3.5727603241915222,12009,-66.47132867132865,7.714693245664388,57489,443.51,11.838101206905575,39544,468.1258741258741,-4.123407961241187,17945,-24.615874125874086,7.496110340187545,47562,356.53,12.861536252348413,37985,488.54545454545445,-5.365425912160869,9577,-132.01545454545447,10.386182418076837,40007,415.52,14.17820833790247,36094,511.74825174825173,-3.792025919825633,3913,-96.22825174825175,8.381443089843195,49297,413.18,15.464230533084141,34203,528.9230769230769,-7.082787443240946,15094,-115.7430769230769,8.121358831598483,61965,503.24,17.128388609239945,31151,533.5664335664335,-9.007029777641462,30814,-30.32643356643348,9.27871869590938,45641,423.49,18.46522862110436,27137,501.090909090909,-9.18650992519498,18504,-77.600909090909,9.824966660963101,41955.35865152674,412.21,18.93144144520506,25611,484.85314685314677,-9.106474784241959,16344.358651526738,-72.64314685314679
G014A,2009,280,OLE,OLE,OLE02,OLE002,G 14,G014A,2009,Socfindo,24.9,,24.9,0,0,0,1.38079451221,0,26.280794512209997,0,1117,0,1143,616,195,99,0,0,0,0,0,3170,127.30923694779118,0,0,0,0,0,0,0,0,0,0,0,0,,0,0,0,1117,2053,0,3170,127.30923694779118,81,27,108,0.03406940063091483,G014A,2009.0,264,OLE002,G014A,24.9,0.6476340694006308,3170,2009,127.30923694779118,4.4369827836648925,52877,234.61433865184853,3.4857685268029486,33874,118.07692307692308,0.9512142568619439,19003,116.53741557492545,5.007942671561706,56656,283.73,4.309160140900103,47070,202.83216783216784,0.6987825306616031,9586,80.89783216783218,5.5151472846572664,57304,316.04,5.4464477010065515,48861,266.1188811188811,0.06869958365071493,8443,49.9211188811189,6.525717948261435,56167,366.53,7.19772031247441,48678,350.37062937062933,-0.6720023642129753,7489,16.159370629370642,7.258342873741948,58523,424.78,9.032583821486112,46424,419.3286713286713,-1.7742409477441639,12099,5.4513286713286675,7.6755636604774535,60320,462.99,11.13428670522096,43350,482.6713286713286,-3.4587230447435067,16970,-19.681328671328572,7.590803594453591,50411,382.66,12.93956731973261,40837.5,528.4195804195805,-5.348763725279019,9573.5,-145.75958041958046,10.827099541192899,40104,434.21,14.299753508668905,38226,546.6223776223776,-3.472653967476006,1878,-112.41237762237762,8.405735976381274,47420,398.6,15.276935522334295,36186,552.8111888111888,-6.87119954595302,11234,-154.21118881118878,8.08924916073037,61065,493.97,16.350129196967274,33895.5,554.1958041958042,-8.260880036236903,27169.5,-60.22580419580413,9.11141660938574,48009,437.43,17.29300753189785,31144,538.5734265734266,-8.18159092251211,16865,-101.14342657342655,9.821926605787722,44018.858758854,432.35,18.310038387658054,28987.5,530.7622377622378,-8.488111781870332,15031.358758854003,-98.41223776223774
G015A,2009,281,OLE,OLE,OLE02,OLE002,G 15,G015A,2009,Socfindo,4.8,,4.8,0,0,0,0,0,4.8,0,526,0,0,0,0,11,2,0,0,0,0,539,112.29166666666667,0,0,0,0,0,0,0,0,0,0,0,0,,0,0,0,526,13,0,539,112.29166666666667,40,6,46,0.08534322820037106,G015A,2009.0,265,OLE002,G015A,4.8,0.024118738404452687,539,2009,112.29166666666667,4.086322365758846,10001,40.867309979954214,4.370629370629371,8416,36.78321678321679,-0.2843070048705245,1585,4.084093196737427,4.97604665694647,9602,47.78,6.118881118881118,8416,51.49650349650349,-1.1428344619346484,1186,-3.716503496503492,5.940146809712027,7084,42.08,8.391608391608392,7890,66.20979020979021,-2.451461581896365,-806,-24.129790209790215,7.406544530339934,9443,69.94,11.304338119980576,7518,84.98601398601397,-3.897793589640642,1925,-15.046013986013975,8.793822567917935,8871,78.01,13.125747412270629,7064,92.72027972027972,-4.331924844352693,1807,-14.710279720279715,8.561911811356667,9457,80.97,14.232548567312516,6524,92.85314685314685,-5.670636755955849,2933,-11.883146853146854,9.166150990099009,6464,59.25,14.891293778939616,6257,93.17482517482517,-5.725142788840607,207,-33.92482517482517,10.777777777777779,7380,79.54,15.634040036513714,5983,93.53846153846155,-4.856262258735935,1397,-13.998461538461541,8.579881656804734,7943,68.15,16.467324510079024,5707,93.97902097902099,-7.88744285327429,2236,-25.82902097902098,8.140469642479374,9454,76.96,18.228095433977785,5168,94.2027972027972,-10.08762579149841,4286,-17.242797202797206,8.388708178438662,8608,72.21,19.897875830079215,4366,86.87412587412585,-11.509167651640553,4242,-14.664125874125858,10.260671270587455,6650.6370002918,68.24,20.31395536462073,4095.5,83.19580419580419,-10.053284094033273,2555.1370002918,-14.955804195804191
G016A,2009,283,OLE,OLE,OLE02,OLE002,G 16A,G016A,2009,Dami Mas,7.699999999999999,,7.699999999999999,0,0,4,1.44277326756,0,12.742773267559999,0,411,115,0,0,117,305,42,0,0,0,0,990,128.57142857142858,0,0,0,0,0,0,0,0,4,0,0,0,,0,0,0,411,579,4,994,129.0909090909091,55,9,64,0.06438631790744467,G016A,2009.0,266,OLE002,G016A,7.699999999999999,0.5865191146881288,994,2009,129.0909090909091,4.564438430072252,17583,80.2565209159604,4.161348713742885,8646,35.97902097902098,0.40308971632936696,8937,44.277499936939414,5.177327256535177,19089,98.83,5.736658778483873,8416,48.27972027972028,-0.5593315219486961,10673,50.55027972027972,6.014298480786416,11190,67.3,6.95674749392472,9643,67.08391608391608,-0.9424490131383036,1547,0.21608391608391742,7.18579077667108,17369,124.81,7.11717009082581,13855,98.6083916083916,0.06862068584527048,3514,26.201608391608403,7.937844902701133,17215,136.65,7.998108045078454,14903,119.1958041958042,-0.060263142377321444,2312,17.454195804195805,8.514285714285714,19250,163.9,9.141343048770391,13935,127.38461538461539,-0.627057334484677,5315,36.51538461538462,8.65516634395353,11362,98.34,10.398666826892121,13413.5,139.48251748251747,-1.7435004829385914,-2051.5,-41.14251748251746,12.175444087956803,12779,155.59,12.042245376888106,12728.5,153.27972027972027,0.1331987110686974,50.5,2.3102797202797376,8.638910561032697,14099,121.8,13.89453357957295,12001.5,166.75524475524475,-5.255623018540254,2097.5,-44.95524475524475,7.246717416849742,19573,141.84,15.583115953519783,11069,172.48951048951048,-8.336398536670043,8504,-30.649510489510476,8.905385342151437,14818,131.96,16.847429654517853,9932,167.3286713286713,-7.942044312366416,4886,-35.3686713286713,11.081430449828684,12352.19592088999,136.88,17.508456493511865,9301,162.84615384615384,-6.427026043683181,3051.19592088999,-25.966153846153844
G017A,2009,286,OLE,OLE,OLE02,OLE002,G 17,G017A,2009,Socfindo,24.1,,24.1,0,0,0,1.71465359976,0,25.81465359976,0,1428,870,0,267,118,0,0,0,0,0,0,2683,111.32780082987551,0,0,0,0,0,0,0,0,0,0,0,0,,0,0,0,1428,1255,0,2683,111.32780082987551,62,29,91,0.033917256802087216,G017A,2009.0,267,OLE002,G017A,24.1,0.4677599701826314,2683,2009,111.32780082987551,4.437102054547391,63600,282.1996906692141,4.015149699163412,38508,154.61538461538464,0.42195235538397924,25092,127.58430605382944,4.865246875347404,62967,306.35,5.183899199600577,40506,209.979020979021,-0.3186523242531729,22461,96.37097902097904,5.261320798622423,64461,339.15,6.838919250996385,41798,285.8531468531469,-1.5775984523739623,22663,53.296853146853095,6.360342610989598,59893,380.94,9.262303192015654,39438,365.28671328671334,-2.9019605810260565,20455,15.653286713286661,7.132472324723247,54200,386.58,11.488511488511492,36904,423.97202797202806,-4.356039163788244,17296,-37.392027972028075,7.548721352582185,54237,409.42,13.014621593788142,34339,446.909090909091,-5.465900241205957,19898,-37.489090909090976,7.568513702740548,49990,378.35,14.196646726767211,32370,459.5454545454546,-6.628133024026663,17620,-81.1954545454546,9.153066522200401,44301,405.49,15.15778941515094,30836,467.4055944055944,-6.004722892950539,13465,-61.91559440559439,8.151036322593885,38984,317.76,16.007642620160535,29302,469.05594405594405,-7.85660629756665,9682,-151.29594405594406,7.936973314606742,56960,452.09,17.25263242504622,27187.5,469.05594405594405,-9.315659110439476,29772.5,-16.965944055944078,9.394675168380381,47363,444.96,18.72509344468649,23983,449.0839160839161,-9.330418276306109,23380,-4.123916083916129,9.962466686641012,38951.19674732249,388.05,19.609584545395123,21771.5,426.9300699300699,-9.647117858754111,17179.696747322487,-38.88006993006991
G018A,2009,287,OLE,OLE,OLE02,OLE002,G 18,G018A,2009,Socfindo,24.9,,24.9,0,0,0,1.74012322892,0,26.640123228919997,0,1247,1088,48,333,152,0,0,0,0,0,0,2868,115.18072289156628,0,0,0,0,0,0,0,0,0,0,0,0,,0,0,0,1247,1621,0,2868,115.18072289156628,90,32,122,0.042538354253835425,G018A,2009.0,268,OLE002,G018A,24.9,0.5652022315202232,2868,2009,115.18072289156628,4.530076102203933,64040,290.1060735851398,3.913565543092006,40208,157.3566433566434,0.6165105591119264,23832,132.74943022849644,5.142898961575201,64906,333.805,4.96274233624418,42886,212.83216783216787,0.18015662533102184,22020,120.97283216783214,5.278233713414191,68845,363.38,6.513163302710667,45003,293.11188811188816,-1.2349295892964758,23842,70.26811188811183,5.483115531398173,69176,379.3,8.802392163105612,42610,375.0699300699301,-3.3192766317074387,26566,4.230069930069931,7.034725585901114,53678,377.61,11.078143608264092,39923,442.27272727272737,-4.043418022362978,13755,-64.66272727272735,6.9353376186350175,49627,344.18,12.705519545630278,37207,472.73426573426576,-5.77018192699526,12420,-128.55426573426575,7.030386740331492,46336,325.76,13.995014638561297,34962.5,489.30069930069936,-6.964627898229805,11373.5,-163.54069930069937,7.007647323436797,55575,389.45,15.010303868460323,33262,499.27272727272725,-8.002656545023527,22313,-109.82272727272726,7.476011603689378,53776,402.03,15.874328454468074,31585.5,501.3986013986014,-8.398316850778695,22190.5,-99.36860139860141,7.604749937539498,68043,517.45,17.024263255419033,29452,501.3986013986014,-9.419513317879534,38591,16.05139860139866,9.913005406228585,52532,520.75,18.452664885730044,26227,483.9580419580419,-8.53965947950146,26305,36.79195804195808,10.133353968637662,45352.21027730319,459.57,19.42574127025797,23681,460.020979020979,-9.292387301620307,21671.210277303187,-0.45097902097899123
F015A,2010,269,OLE,OLE,OLE02,OLE002,F 15,F015A,2010,Socfindo,19.8,,19.8,0,0,0,1.32378660326,0,21.12378660326,0,0,610,541,403,615,0,401,0,0,0,0,2570,129.7979797979798,0,0,0,0,0,0,0,0,0,0,0,0,,0,0,0,610,1960,0,2570,129.7979797979798,27,3,30,0.011673151750972763,F015A,2010.0,275,OLE002,F015A,19.8,0.7626459143968872,2570,2010,129.7979797979798,3.1365591795244083,26079,81.79832684281705,3.088697440319732,18554,57.30769230769231,0.04786173920467629,7525,24.49063453512474,3.5457616213607848,31085,110.22,3.611662800206953,25140,90.7972027972028,-0.0659011788461683,5945,19.4227972027972,3.879240552610274,38291,148.54,4.21293991889091,34280,144.4195804195804,-0.3336993662806358,4011,4.120419580419593,5.917186108637578,40428,239.22,5.5666505389073615,35324,196.63636363636365,0.3505355697302166,5104,42.583636363636344,6.470692246485722,45244,292.76,6.813089910841292,38557,262.6923076923077,-0.34239766435556973,6687,30.06769230769231,6.995446830293396,37117,259.65,8.543325506570513,38607,329.83216783216784,-1.5478786762771168,-1490,-70.18216783216786,7.691275986100104,32806,252.32,10.42475315682185,35636,371.49650349650346,-2.7334771707217467,-2830,-119.17650349650347,7.827459231983167,32317,252.96,12.135886143940153,33772,409.8531468531468,-4.308426911956986,-1455,-156.89314685314682,7.61269023562916,55129,419.68,13.521243920111043,31777.5,429.67132867132864,-5.908553684481883,23351.5,-9.991328671328631,7.982066503383287,48178,384.56,14.797388907345718,29984.5,443.6923076923077,-6.815322403962432,18193.5,-59.13230769230768,9.073578361769977,42961,389.81,15.936039558086799,28194,449.30069930069925,-6.862461196316822,14767,-59.49069930069925,9.772912526119844,38353.970630372496,374.83,17.065557951418256,25828,440.7692307692307,-7.292645425298412,12525.970630372496,-65.93923076923073
H013A,2009,298,OLE,OLE,OLE02,OLE002,H 13,H013A,2009,Socfindo,36.5,,36.5,0,0,0,1.52976372323,0,38.02976372323,0,1929,943,52,1216,0,0,0,0,0,0,0,4140,113.42465753424658,0,0,0,0,0,0,0,0,12,0,0,0,,0,0,0,1929,2211,12,4152,113.75342465753425,78,24,102,0.024566473988439308,H013A,2009.0,269,OLE002,H013A,36.5,0.5467575187969925,4256,2009,116.6027397260274,4.897943316771534,84519,413.96927119021325,4.0370410794164036,48566,196.06293706293707,0.8609022373551305,35953,217.90633412727618,5.64209788219991,98404,555.205,4.703145146254421,63912,300.5874125874126,0.938952735945489,34492,254.61758741258745,6.541364578680319,87309,571.12,6.222385857703418,66743,415.30069930069925,0.3189787209769017,20566,155.81930069930075,7.070145648986996,94817,670.37,8.448768959193933,61439,519.083916083916,-1.3786233102069367,33378,151.28608391608395,7.883339562698561,85616,674.94,10.501640545219116,58515,614.5034965034965,-2.618300982520555,27101,60.43650349650352,8.856210297265996,85479,757.02,12.20274897516277,54375,663.5244755244755,-3.346538677896774,31104,93.49552447552446,8.333356626741764,71551,596.26,13.804221345310614,51199.5,706.7692307692307,-5.4708647185688495,20351.5,-110.50923076923073,12.929353503307928,51694,668.37,14.924605866033422,48495.5,723.7762237762238,-1.9952523627254948,3198.5,-55.40622377622378,9.03617125595078,63227,571.33,15.796938370190949,45817.5,723.7762237762238,-6.760767114240169,17409.5,-152.44622377622375,8.747330960854093,77275,675.95,16.917378953701792,42783,723.7762237762238,-8.1700479928477,34492,-47.82622377622374,9.621195498855906,63806,613.89,18.18720268312438,38312.5,696.7972027972028,-8.566007184268473,25493.5,-82.90720279720279,10.425891955916637,58856.35517753168,613.63,18.99779951291709,35273.5,670.1188811188811,-8.571907557000454,23582.85517753168,-56.48888111888107
H014A,2009,299,OLE,OLE,OLE02,OLE002,H 14,H014A,2009,Socfindo,24.9,,24.9,0,0,0,1.39460479841,0,26.29460479841,0,291,19,1175,860,441,0,0,0,0,0,0,2786,111.88755020080322,0,0,0,0,0,0,0,0,0,0,0,0,,0,0,0,291,2495,0,2786,111.88755020080322,33,7,40,0.014357501794687724,H014A,2009.0,270,OLE002,H014A,24.9,0.8955491744436467,2786,2009,111.88755020080322,4.687557063514048,56636,265.48448184918163,2.9200564448606223,21448,62.62937062937063,1.767500618653426,35188,202.85511121981102,5.422270524838111,66249,359.22,3.5082348843816726,38150,133.83916083916083,1.9140356404564383,28099,225.3808391608392,6.234999841686983,63166,393.84,4.215207260217565,45123,190.2027972027972,2.019792581469418,18043,203.63720279720278,7.296784774660881,58534,427.11,5.6206584061768305,44857,252.1258741258741,1.6761263684840504,13677,174.9841258741259,8.020263041973443,63564,509.8,7.4574519385063045,42490,316.8671328671329,0.5628111034671388,21074,192.9328671328671,8.91447484866721,56498,503.65,9.829577571513056,40145,394.6083916083916,-0.9151027228458464,16353,109.04160839160835,8.683081774129976,43131,374.51,12.090483873869868,37504.5,453.4475524475524,-3.407402099739892,5626.5,-78.93755244755243,11.939117677879073,38172,455.74,13.789700055776017,34873.5,480.8951048951049,-1.8505823778969432,3298.5,-25.1551048951049,8.665072946223106,44759,387.84,14.835910358298419,32830,487.06293706293707,-6.170837412075313,11929,-99.22293706293709,8.75994950734598,57038,499.65,15.675804997037014,31071,487.06293706293707,-6.915855489691035,25967,12.58706293706291,9.701014002897152,51775,502.27,16.440915904791318,29377.5,482.993006993007,-6.739901901894166,22397.5,19.276993006992996,10.244827279771487,48005.68975634013,491.81,17.557612232168445,27378,480.6923076923077,-7.312784952396958,20627.68975634013,11.117692307692323
F017A,2010,271,OLE,OLE,OLE02,OLE002,F 17,F017A,2010,Socfindo,22.3,,22.3,0,0,0,1.38937418351,0,23.68937418351,0,0,219,962,1083,161,47,0,0,0,0,0,2472,110.85201793721973,0,0,0,0,0,0,0,0,0,0,0,0,,0,0,0,219,2253,0,2472,110.85201793721973,63,17,80,0.032362459546925564,F017A,2010.0,276,OLE002,F017A,22.3,0.9114077669902912,2472,2010,110.85201793721973,3.2541567175000137,42600,138.6270761655006,2.723697898884574,17410,47.41958041958043,0.5304588186154398,25190,91.20749574592017,3.8230622928962177,51001,194.98,3.160671244713266,35982,113.72727272727273,0.6623910481829518,15019,81.25272727272726,3.997262036319253,60629,242.35,3.998216132848552,40644,162.50349650349654,-0.0009540965292988979,19985,79.84650349650346,5.5803354044525815,51341,286.5,5.289521024714777,39561,209.25874125874128,0.2908143797378049,11780,77.24125874125872,5.972348769956027,50486,301.52,7.231068361644111,38246,276.55944055944065,-1.2587195916880836,12240,24.960559440559337,6.637526870713481,48845,324.21,9.707551699303817,35888,348.38461538461536,-3.070024828590336,12957,-24.17461538461538,7.082678078836784,38789,274.73,12.118592939200777,33463,405.52447552447563,-5.035914860363993,5326,-130.79447552447562,8.392233752570418,41822,350.98,13.749469771077141,31100.5,427.61538461538464,-5.357236018506724,10721.5,-76.63538461538462,7.610304130730822,44060,335.31,14.76814707931447,29219,431.5104895104895,-7.157842948583649,14841,-96.20048951048949,7.787894619001418,53596,417.4,15.501554294193916,27879,432.16783216783216,-7.713659675192498,25717,-14.767832167832182,8.874893950270835,45969,407.97,16.30206835789635,26510,432.16783216783216,-7.427174407625515,19459,-24.197832167832132,9.67914247139823,40930.27881040892,396.17,17.461743920602878,24574,429.1048951048951,-7.782601449204648,16356.27881040892,-32.93489510489508
H015A,2009,300,OLE,OLE,OLE02,OLE002,H 15,H015A,2009,Socfindo,24.7,,24.7,0,0,0,1.38832861335,0,26.08832861335,0,1831,0,838,314,41,0,0,0,0,0,0,3024,122.42914979757086,0,0,0,0,0,0,0,0,0,0,0,0,,0,0,0,1831,1193,0,3024,122.42914979757086,92,18,110,0.036375661375661374,H015A,2009.0,271,OLE002,H015A,24.7,0.394510582010582,3024,2009,122.42914979757086,4.556513690023171,52545,239.42201184226752,3.8350067598385826,41028,157.34265734265736,0.7215069301845882,11517,82.07935449961016,5.3340263431451245,75997,405.37,4.981528230667151,48776,242.979020979021,0.35249811247797336,27221,162.39097902097902,6.124102375253176,70603,432.38,6.587671230232644,47099,310.2727272727273,-0.4635688549794681,23504,122.10727272727269,6.560366894197952,65632,430.57,8.951810621304418,44804,401.0769230769231,-2.3914437271064655,20828,29.4930769230769,7.559763403065178,52917,400.04,10.91945412207938,42053,459.19580419580416,-3.3596907190142016,10864,-59.15580419580414,8.170338761647653,57415,469.1,12.757270883710609,39070,498.4265734265735,-4.586932122062956,18345,-29.326573426573475,8.463354211461157,42788,362.13,14.130182142843966,36961.5,522.2727272727273,-5.666827931382809,5826.5,-160.14272727272726,11.446557515803951,37807,432.76,15.15215052069842,34853,528.0979020979021,-3.705593004894469,2954,-95.33790209790209,8.932950453530243,43878,391.96,15.941361094918472,33163.5,528.6713286713288,-7.008410641388229,10714.5,-136.71132867132877,8.555633555633555,62678,536.25,17.211874417519777,30715.5,528.6713286713288,-8.656240861886221,31962.5,7.578671328671248,9.268857520952801,54408,504.3,18.37840668784134,27372.5,503.06293706293707,-9.10954916688854,27035.5,1.2370629370629445,10.585990898206523,43723.82372616792,462.86,19.270040731039494,25441.5,490.2587412587413,-8.68404983283297,18282.323726167917,-27.398741258741268
F018A,2010,272,OLE,OLE,OLE02,OLE002,F 18,F018A,2010,Socfindo,23.8,,23.8,0,0,0,1.34931815561,0,25.14931815561,0,0,1251,521,0,696,107,0,0,0,0,0,2575,108.19327731092437,0,0,0,0,0,0,0,0,0,0,0,0,,0,0,0,1251,1324,0,2575,108.19327731092437,80,26,106,0.04116504854368932,F018A,2010.0,277,OLE002,F018A,23.8,0.5339046199701938,2684,2010,112.77310924369748,3.3678866741879436,26719,89.98656404762767,3.2520813414413303,29812,96.95104895104895,0.11580533274661331,-3093,-6.96448490342128,3.9446573704096335,36789,145.12,4.09174414073373,29394,120.27272727272727,-0.14708677032409634,7395,24.84727272727274,3.9769707705934456,64353,255.93,4.810078623602353,38096,183.24475524475525,-0.8331078530089071,26257,72.68524475524475,4.871093638720337,70206,341.98,6.225131398375254,41127,256.02097902097904,-1.3540377596549167,29079,85.95902097902098,6.07430174165701,59541,361.67,8.3924827224038,38391,322.19580419580427,-2.3181809807467904,21150,39.474195804195745,6.418183174224343,53632,344.22,10.386646727808657,36405,378.12587412587413,-3.9684635535843134,17227,-33.90587412587411,6.682596409574468,48128,321.62,12.018567518464387,33937,407.8741258741259,-5.335971108889919,14191,-86.25412587412592,8.955162709363643,36599,327.75,13.605402022752552,31987.5,435.2027972027972,-4.650239313388909,4611.5,-107.45279720279723,7.5492870869018525,42151,318.21,14.808598500860493,30298.5,448.67832167832165,-7.25931141395864,11852.5,-130.46832167832167,7.5058254790804435,57506,431.63,15.735151791356897,28609.5,450.1748251748252,-8.229326312276452,28896.5,-18.544825174825178,8.91469833398582,45978,409.88,16.89655163363079,26643,450.1748251748252,-7.981853299644969,19335,-40.29482517482518,9.378039424788767,41707.01169864296,391.13,18.146213792917365,23844,432.6783216783217,-8.768174368128598,17863.011698642957,-41.54832167832171
H017A,2009,302,OLE,OLE,OLE02,OLE002,H 17,H017A,2009,Socfindo,24.6,,24.6,0,0,0,1.41302729791,0,26.01302729791,0,1352,141,414,118,495,0,47,0,0,0,0,2567,104.34959349593495,0,0,0,0,0,0,0,0,0,0,0,0,,0,0,0,1352,1215,0,2567,104.34959349593495,48,11,59,0.022984028048305415,H017A,2009.0,272,OLE002,H017A,24.6,0.47331515387612,2567,2009,104.34959349593495,4.223054011655639,53116,224.31173688310093,3.9342956982948976,29966,117.89510489510491,0.28875831336074187,23150,106.41663198799603,4.637047189629554,78068,362.005,5.225678782904778,32992,172.40559440559443,-0.588631593275224,45076,189.59940559440557,5.259429020429544,76360,401.61,6.219483138936743,38214,237.6713286713287,-0.9600541185071991,38146,163.93867132867132,6.054828915099848,68504,414.78,8.192899002726119,38465,315.1398601398601,-2.1380700876262706,30039,99.64013986013987,7.122917604682575,57746,411.32,9.909044193812038,36226,358.96503496503493,-2.786126589129463,21520,52.35496503496506,7.544749983786238,61676,465.33,11.453491694266361,34389,393.8741258741259,-3.9087417104801236,27287,71.45587412587406,7.600024175027197,49638,377.25,12.879881512589288,32451,417.965034965035,-5.279857337562091,17187,-40.71503496503499,10.48489353329544,45742,479.6,14.285315369171615,30677.5,438.23776223776224,-3.8004218358761754,15064.5,41.36223776223778,7.8301788865437185,57802,452.6,15.36180582423357,29064,446.4755244755245,-7.531626937689852,28738,6.124475524475542,8.304126133337974,57463,477.18,16.69997879959309,26833.5,448.1188811188812,-8.395852666255117,30629.5,29.06111888111883,9.502198952879581,47750,453.73,17.83385051722257,24104,429.8671328671328,-8.331651564342987,23646,23.862867132867223,10.27179857836251,42825.02199046484,439.89,18.63960797543585,22449,418.4405594405594,-8.36780939707334,20376.02199046484,21.449440559440575
F019A,2010,273,OLE,OLE,OLE02,OLE002,F 19,F019A,2010,Socfindo,23.8,,23.8,0,0,0,1.3923286175,0,25.1923286175,0,0,628,0,1059,721,119,0,0,0,0,0,2527,106.17647058823529,0,0,0,0,0,0,0,0,0,0,0,0,,0,0,0,628,1899,0,2527,106.17647058823529,93,26,119,0.04709141274238227,F019A,2010.0,278,OLE002,F019A,23.8,0.7655841731989548,2679,2010,112.56302521008404,2.9564746010358696,20201,59.723743415525604,3.4965034965034967,11304,39.52447552447553,-0.5400288954676271,8897,20.199267891050077,3.7410978415689713,36508,136.58,3.2541632203930186,24874,80.94405594405595,0.48693462117595265,11634,55.635944055944066,3.8624932151257463,55270,213.48,3.9114033604391736,39204,153.34265734265736,-0.0489101453134273,16066,60.13734265734263,4.959812660522737,66190,328.29,4.941556687557469,41008,202.64335664335667,0.018255972965268263,25182,125.64664335664335,5.9454563751635305,59622,354.48,6.662465255858468,39414,262.59440559440566,-0.7170088806949373,20208,91.88559440559436,6.632501239874359,48392,320.96,8.589186161273975,37489,322.00000000000006,-1.9566849213996163,10903,-1.0400000000000773,6.799064316431171,42322,287.75,10.904035675279369,35081,382.5244755244756,-4.104971358848198,7241,-94.77447552447558,8.496932515337424,36186,307.47,12.95710496148612,32868,425.8741258741258,-4.460172446148697,3318,-118.40412587412578,7.58332518815365,40924,310.34,14.357164609978183,30655,440.1188811188812,-6.773839421824532,10269,-129.7788811188812,7.493629520122935,51409,385.24,15.248890005115951,28971.5,441.7832167832168,-7.755260484993016,22437.5,-56.54321678321679,8.560626338329765,44832,383.79,16.162110767828818,27334.5,441.7832167832168,-7.6014844294990525,17497.5,-57.99321678321678,9.522541503508755,39003.24297490824,371.41,17.018433360845815,25443,433.00000000000006,-7.49589185733706,13560.242974908237,-61.59000000000003
H018A,2009,303,OLE,OLE,OLE02,OLE002,H 18,H018A,2009,Socfindo,24.8,,24.8,0,0,0,1.4779578968,0,26.2779578968,0,820,778,129,322,519,0,0,0,0,0,0,2568,103.54838709677419,0,0,0,0,0,0,0,0,0,0,0,0,,0,0,0,820,1748,0,2568,103.54838709677419,66,10,76,0.029595015576323987,H018A,2009.0,273,OLE002,H018A,24.8,0.6986402058066887,2721,2009,109.71774193548387,4.0336098802422296,34395,138.73601183093146,3.8305628004902106,28930,110.8181818181818,0.20304707975201897,5465,27.91783001274966,4.448863868151593,49026,218.11,4.755322460119053,32398,154.06293706293707,-0.30645859196746006,16628,64.04706293706295,4.91171057649263,60313,296.24,5.688372920153028,39874,226.8181818181818,-0.7766623436603979,20439,69.4218181818182,5.464568443319124,62402,341,7.4954510584610325,39708,297.62937062937067,-2.030882615141908,22694,43.37062937062933,6.6759825327510915,51525,343.98,9.5429568401444,36943,352.54545454545456,-2.866974307393309,14582,-8.565454545454543,6.883111640393194,49543,341.01,11.218591690879189,34894,391.4615384615384,-4.3354800504859945,14649,-50.451538461538405,7.110296843987873,45849,326,12.800646323373599,32736,419.0419580419581,-5.690349479385725,13113,-93.04195804195808,7.511888268993148,53414,401.24,14.263322494665537,30967,441.6923076923077,-6.75143422567239,22447,-40.45230769230767,7.613817860999985,65741,500.54,15.342197315712909,29262.5,448.95104895104896,-7.728379454712924,36478.5,51.58895104895106,7.858684279361758,61168,480.7,16.439673695523418,27309,448.95104895104896,-8.58098941616166,33859,31.748951048951028,9.450474754126219,47077,444.9,17.629050511062122,24816,437.48251748251755,-8.178575756935903,22261,7.417482517482426,10.300058975786001,40813.35854369908,420.38,18.548982254661095,22689.5,420.8671328671329,-8.248923278875093,18123.858543699083,-0.4871328671329138
F020A,2010,274,OLE,OLE,OLE02,OLE002,F 20,F020A,2010,Socfindo,23.9,,23.9,0,0,0,1.495617,0,25.395616999999998,0,0,1471,1276,0,88,208,0,0,0,0,0,3043,127.32217573221759,0,0,0,0,0,0,0,0,0,0,0,0,,0,0,0,1471,1572,0,3043,127.32217573221759,64,16,80,0.02628984554715741,F020A,2010.0,279,OLE002,F020A,23.9,0.5165954650016431,3043,2010,127.32217573221759,2.844990915523947,20600,58.60681285979331,3.0940373504984935,44342,137.19580419580421,-0.24904643497454648,-23742,-78.5889913360109,3.344949457502286,40461,135.34,3.9389047216330892,46504,183.17482517482517,-0.5939552641308032,-6043,-47.83482517482517,3.846056994166282,47654,183.28,5.2302071158303445,45184,236.3216783216783,-1.3841501216640624,2470,-53.04167832167829,4.823582678438601,61842,298.3,6.873472228858907,46977,322.8951048951049,-2.049889550420306,14865,-24.595104895104896,6.0587339201083275,47264,286.36,9.278049847492433,44886,416.4545454545454,-3.2193159273841054,2378,-130.09454545454537,6.728010550877549,49285,331.59,11.637692413283814,41723,485.5594405594406,-4.909681862406265,7562,-153.9694405594406,7.002982358590709,39566,277.08,13.157923130151065,38888,511.68531468531467,-6.154940771560356,678,-234.60531468531468,8.286004585243852,38384,318.05,14.23109087028388,36580.5,520.5804195804195,-5.945086285040029,1803.5,-202.5304195804195,7.6078962153327545,39158,297.91,15.155220878345395,34911,529.083916083916,-7.54732466301264,4247,-231.17391608391603,7.590002076607956,52971,402.05,16.00388090167432,33241.5,531.9930069930069,-8.413878825066366,19729.5,-129.94300699300692,8.831389229017637,46551,411.11,17.227473874872715,30880.5,531.9930069930069,-8.396084645855078,15670.5,-120.88300699300692,9.35271361656269,41045.84142512077,383.89,18.767691024571757,27250,511.41958041958037,-9.414977408009067,13795.841425120772,-127.52958041958038
H019A,2009,304,OLE,OLE,OLE02,OLE002,H 19,H019A,2009,Socfindo,24.6,,24.6,0,0,0,1.4821851242,0,26.082185124200002,0,1525,488,0,156,527,0,0,0,0,0,0,2696,109.59349593495935,0,0,0,0,0,0,0,0,0,0,0,0,,0,0,0,1525,1171,0,2696,109.59349593495935,54,9,63,0.02336795252225519,H019A,2009.0,274,OLE002,H019A,24.6,0.4618913196894849,2834,2009,115.20325203252033,4.051367829125706,37797,153.12954983746428,4.139243109831345,33184,137.35664335664336,-0.08787528070563955,4613,15.772906480820922,4.489297274720685,47885,214.97,5.4920074110583545,34392,188.8811188811189,-1.0027101363376696,13493,26.08888111888109,4.753746316383472,63796,303.27,6.557024174289094,40869,267.97902097902096,-1.8032778579056217,22927,35.29097902097902,5.428334408701263,54245,294.46,8.628928878855083,40652,350.7832167832168,-3.2005944701538205,13593,-56.32321678321682,6.681763956568332,49457,330.46,10.56867836168089,37585,397.22377622377627,-3.8869144051125577,11872,-66.76377622377629,7.03493022842414,45004,316.6,11.948098208545465,35416,423.1538461538462,-4.913167980121325,9588,-106.55384615384617,7.334207740807217,43458,318.73,13.241234983936396,33482.5,443.34965034965035,-5.907027243129179,9975.5,-124.61965034965033,6.73954475169909,55618,374.84,14.5930878482069,31793,463.95804195804203,-7.853543096507811,23825,-89.11804195804206,7.764966451696957,46053,357.6,15.65693927047258,30103.5,471.32867132867136,-7.891972818775623,15949.5,-113.72867132867134,7.887378185593248,59722,471.05,16.99737360315445,27729.5,471.32867132867136,-9.109995417561201,31992.5,-0.2786713286713507,9.510971522522713,47441,451.21,18.28339258506856,24612.5,450,-8.772421062545849,22828.5,1.2099999999999795,9.836771899017279,41645.776094587105,409.66,18.989330648277374,22776.5,432.51048951048955,-9.152558749260095,18869.276094587105,-22.850489510489524
F021A,2010,275,OLE,OLE,OLE02,OLE002,F 21,F021A,2010,Socfindo,28.7,,28.7,0,0,0,1.556094,0,30.256094,0,0,1867,634,579,489,190,0,0,0,0,0,3759,130.97560975609755,0,0,0,0,0,0,0,0,0,0,0,0,,0,0,0,1867,1892,0,3759,130.97560975609755,74,13,87,0.02314445331205108,F021A,2010.0,280,OLE002,F021A,28.7,0.5033253524873637,3759,2010,130.97560975609755,2.784776190836778,24922,69.40219222803418,3.28777667415208,42482,139.67132867132867,-0.5030004833153021,-17560,-70.26913644329449,3.1977616116396197,44675,142.86,3.861232915697382,49390,190.7062937062937,-0.6634713040577624,-4715,-47.84629370629369,3.7235132454100466,61493,228.97,4.899401973628633,57284,280.6573426573426,-1.1758887282185864,4209,-51.68734265734261,4.916972837683903,62329,306.47,6.369189197214674,58875,374.986013986014,-1.4522163595307713,3454,-68.51601398601395,5.9363644747763535,54215,321.84,8.599794677862917,56156,482.93006993007,-2.6634302030865635,-1941,-161.09006993007,6.661648150070952,57786,384.95,10.672775683402675,52696,562.4125874125874,-4.011127533331723,5090,-177.46258741258742,7.003058103975535,50358,352.66,12.427330846937174,49127,610.5174825174826,-5.424272742961639,1231,-257.85748251748254,8.564625691542753,42839,366.9,13.84464805736255,46301.5,641.027972027972,-5.2800223658197964,-3462.5,-274.1279720279721,7.606005042402017,43630,331.85,14.945550419256262,43793,654.5104895104895,-7.339545376854246,-163,-322.66048951048947,7.3559603167151755,63906,470.09,15.807183147347674,41574,657.1678321678322,-8.4512228306325,22332,-187.07783216783224,7.986062972016491,54818,437.78,16.996012832147937,38666,657.1678321678322,-9.009949860131446,16152,-219.38783216783224,9.437335639237794,46951.81107660456,443.1,18.237293376372925,34602.5,631.0559440559441,-8.79995773713513,12349.311076604557,-187.9559440559441
F022A,2010,276,OLE,OLE,OLE02,OLE002,F 22,F022A,2010,Socfindo,30.3,,30.3,0,0,0,1.59458861405,0,31.89458861405,0,0,305,1787,1020,550,151,0,0,0,0,0,3813,125.84158415841584,0,0,0,0,0,0,0,0,0,0,0,0,,0,0,0,305,3508,0,3813,125.84158415841584,26,6,32,0.008392341987936008,F022A,2010.0,281,OLE002,F022A,30.3,0.920010490427485,3813,2010,125.84158415841584,2.844158741808616,20171,57.369525981021596,2.6772755237420243,30508,81.67832167832168,0.1668832180665918,-10337,-24.308795697300084,3.279509202453988,40750,133.64,3.3016704684085734,51326,169.46153846153845,-0.022161265954585563,-10576,-35.821538461538466,3.9302595639587183,61141,240.3,4.0020786846023695,59532,238.25174825174827,-0.07181912064365115,1609,2.0482517482517437,4.481547544973106,72321,324.11,5.277417173158706,61501,324.56643356643355,-0.7958696281856001,10820,-0.4564335664335317,5.58562685527907,54574,304.83,7.160018702462644,58913,421.8181818181817,-1.5743918471835734,-4339,-116.98818181818172,6.263584061367995,65702,411.53,9.613478829140371,55499,533.5384615384615,-3.3498947677723763,10203,-122.00846153846157,6.817400772384695,58779,400.72,11.841043960958306,51837,613.8041958041957,-5.023643188573611,6942,-213.0841958041957,8.271300448430493,49060,405.79,13.523698805942221,48176.5,651.5244755244754,-5.252398357511728,883.5,-245.73447552447539,7.673894548046633,43489,333.73,14.63342480090077,45409.5,664.4965034965035,-6.959530252854137,-1920.5,-330.76650349650345,7.371408819580159,75219,554.47,15.447735162699532,43152.5,666.6083916083916,-8.076326343119373,32066.5,-112.13839160839154,8.399992880155212,56181,471.92,16.251606407147875,41018,666.6083916083916,-7.851613526992663,15163,-194.68839160839156,9.383315997840372,50635.617526826776,475.13,17.470067189160904,37913,662.3426573426573,-8.086751191320532,12722.617526826776,-187.21265734265728
F023A,2013,277,OLE,OLE,OLE02,OLE002,F 23,F023A,2013,Topaz,28.400000000000002,,28.400000000000002,0,0,0,1.41547886559,0,29.815478865590002,0,0,0,0,0,3284,320,0,76,0,0,0,3680,129.57746478873239,0,0,0,0,0,0,0,0,0,0,0,0,,0,0,0,3284,396,0,3680,129.57746478873239,38,10,48,0.013043478260869565,F023A,2013.0,288,OLE002,F023A,28.400000000000002,0.1076086956521739,3680,2013,129.57746478873239,,0,0,,0,0,,0,0,2.4054054054054053,2220,5.34,,0,0,,2220,5.34,2.7813789039481436,18667,51.92,2.4975024975024978,45976,114.82517482517484,0.2838764064456458,-27309,-62.90517482517484,4.264377476287669,41645,177.59,3.4261247621418716,63592,217.8741258741259,0.8382527141457978,-21947,-40.28412587412589,5.626045945534764,26292,147.92,4.284272259025278,58304,249.79020979020981,1.3417736865094856,-32012,-101.87020979020983,6.334662217792608,46154,292.37,5.900855716957067,58728,346.5454545454546,0.43380650083554073,-12574,-54.17545454545461,7.121884441087613,42368,301.74,8.062755928150203,55748,449.4825174825175,-0.9408714870625898,-13380,-147.74251748251748,6.098653713930845,45087,274.97,11.036124976731223,51992,573.7902097902098,-4.937471262800378,-6905,-298.8202097902098,7.527419814867633,38567,290.31,13.082478404459064,48388,633.0349650349652,-5.555058589591431,-9821,-342.72496503496524,7.358618540448388,54551,401.42,14.306977803443766,44708,639.6363636363639,-6.948359262995378,9843,-238.21636363636384,8.279929394663068,48155,398.72,15.052582758230757,42670,642.2937062937065,-6.77265336356769,5485,-243.57370629370644,9.430948899431158,43812.13432562679,413.19,15.771637658282103,40792,643.3566433566435,-6.340688758850945,3020.1343256267864,-230.16664335664353
F024A,2013,278,OLE,OLE,OLE02,OLE002,F 24,F024A,2013,Topaz,9.5,,9.5,0,0,0,0.0406098304615,0,9.5406098304615,0,0,0,0,0,990,0,0,0,0,0,0,990,104.21052631578948,0,208,0,0,0,0,0,0,0,0,0,0,,0,0,0,990,208,0,1198,126.10526315789474,11,0,11,0.009181969949916527,F024A,2013.0,289,OLE002,F024A,9.5,0.17362270450751252,1198,2013,126.10526315789474,,0,0,,0,0,,0,0,,0,0,,0,0,,0,0,,0,0,2.4975024975024973,13860,34.61538461538461,,-13860,-34.61538461538461,,0,0,3.4965034965034962,17820,62.30769230769231,,-17820,-62.30769230769231,6.854130052724077,569,3.9,4.37062937062937,15840,69.23076923076923,2.483500682094707,-15271,-65.33076923076922,5.387178461948554,7503,40.42,6.11888111888112,15840,96.92307692307693,-0.7317026569325664,-8337,-56.50307692307693,5.584372030629925,17891,99.91,8.391608391608392,14850,124.61538461538461,-2.8072363609784663,3041,-24.705384615384617,6.915476649942107,12955,89.59,11.48851148851149,13860,159.23076923076925,-4.573034838569383,-905,-69.64076923076925,6.8417784401390955,16104,110.18,13.448090371167293,12870,173.07692307692307,-6.6063119310281975,3234,-62.89692307692306,7.043662661084225,18391,129.54,12.192377660198105,14792,180.34965034965035,-5.14871499911388,3599,-50.809650349650354,8.354000935891436,17096,142.82,12.30536269203729,15129,186.16783216783216,-3.951361756145854,1967,-43.347832167832166,9.138038177702988,17502.662703933223,159.94,13.196116023517906,14218,187.6223776223776,-4.058077845814918,3284.6627039332234,-27.6823776223776
G015B,2015,282,OLE,OLE,OLE02,OLE002,G 15B,G015B,2015,Topaz,0.5,,0.5,0,0,20,0.8,0,21.3923275014,0,0,0,0,0,0,0,61,0,0,0,0,61,122,0,0,0,0,0,0,0,0,0,0,0,0,,0,0,0,61,0,0,61,122,0,0,0,0,G015B,2015.0,295,OLE002,G015B,0.5,0.06153846153846154,65,2015,130,,0,0,,0,0,,0,0,,0,0,,0,0,,0,0,,0,0,,0,0,,0,0,,0,0,,0,0,,0,0,6.704545454545454,176,1.18,2.4975024975024978,854,2.132867132867133,4.207042957042956,-678,-0.952867132867133,5.997144217039505,2101,12.6,3.4965034965034967,1098,3.839160839160839,2.5006407205360084,1003,8.760839160839161,3.349328214971209,1042,3.49,4.370629370629371,976,4.265734265734266,-1.0213011556581617,66,-0.7757342657342656,4.3090909090909095,550,2.37,6.118881118881118,976,5.972027972027972,-1.8097902097902088,-426,-3.6020279720279715,7.148080438756856,547,3.91,8.391608391608392,915,7.678321678321678,-1.2435279528515357,-368,-3.768321678321678,6.866764275256222,683,4.69,11.488511488511488,854,9.811188811188812,-4.621747213255266,-171,-5.121188811188811,7.758064516129032,1240,9.62,13.448090371167293,793,10.664335664335663,-5.690025855038261,447,-1.044335664335664,7.293005089938551,1498.696335078534,10.93,14.568764568764568,732,10.664335664335663,-7.275759478826017,766.696335078534,0.26566433566433645
G019A,2010,288,OLE,OLE,OLE02,OLE002,G 19,G019A,2010,Socfindo,24.599999999999998,,24.599999999999998,0,0,0,1.75439488574,0,26.35439488574,0,0,746,329,1217,340,0,134,0,0,0,0,2766,112.43902439024392,0,0,0,0,0,0,0,0,0,0,0,0,,0,0,0,746,2020,0,2766,112.43902439024392,62,22,84,0.03036876355748373,G019A,2010.0,282,OLE002,G019A,24.599999999999998,0.7302964569775849,2766,2010,112.43902439024392,3.297028774758112,32496,107.14024706453961,3.2413521933317884,18034,58.45454545454547,0.05567658142632359,14462,48.68570160999414,3.6745300930320868,42136,154.83,3.3077307836592564,34896,115.42657342657341,0.36679930937283034,7240,39.4034265734266,4.422394425813174,61426,271.65,4.206548933672446,43866,184.52447552447552,0.215845492140728,17560,87.12552447552446,5.204320212171971,57312,298.27,5.532402240769268,42046,232.6153846153846,-0.3280820285972972,15266,65.65461538461537,6.493948736827574,43462,282.24,7.328171152963052,42167,309.006993006993,-0.8342224161354785,1295,-26.766993006993005,6.939681107099879,39888,276.81,9.359945441705358,40411,378.24475524475525,-2.420264334605479,-523,-101.43475524475525,7.214169645758856,30770,221.98,11.619155816857823,37511,435.8461538461538,-4.404986171098967,-6741,-213.86615384615382,7.947004338140462,34116,271.12,13.290125283771033,35252,468.5034965034965,-5.343120945630571,-1136,-197.38349650349647,7.469586822490108,54335,405.86,14.444471149544809,33023.5,477.00699300699296,-6.974884327054701,21311.5,-71.14699300699294,7.89027481659308,59567,470,15.338809613333154,31403.5,481.6923076923077,-7.448534796740074,28163.5,-11.69230769230768,9.388171464442651,44604,418.75,16.34747328701116,29580.5,483.56643356643355,-6.9593018225685075,15023.5,-64.81643356643355,9.783751829675367,41088.53198633705,402,17.381809960796,27220,473.13286713286715,-7.598058131120634,13868.531986337053,-71.13286713286715
G020A,2010,289,OLE,OLE,OLE02,OLE002,G 20,G020A,2010,Socfindo,24.9,,24.9,0,0,0,1.40350998078,0,26.30350998078,0,0,854,1534,366,0,92,0,0,0,0,0,2846,114.29718875502009,0,0,0,0,0,0,0,0,0,0,0,0,,0,0,0,854,1992,0,2846,114.29718875502009,72,16,88,0.030920590302178495,G020A,2010.0,283,OLE002,G020A,24.9,0.6999297259311315,2846,2010,114.29718875502009,3.3555737998660744,52988,177.80514450730354,2.9142589932863494,36848,107.3846153846154,0.441314806579725,16140,70.42052912268814,3.83057237976816,49862,191,3.643597781528816,46400,169.06293706293707,0.18697459823934404,3462,21.937062937062933,4.416384141700685,57812,255.32,4.775338956962316,44796,213.91608391608392,-0.3589548152616313,13016,41.40391608391607,5.2706965366293295,62136,327.5,6.438255887669344,44498,286.4895104895105,-1.1675593510400146,17638,41.01048951048949,6.640503373118838,46248,307.11,8.75912072296083,42478,372.06993006993014,-2.1186173498419922,3770,-64.95993006993012,6.735335502594319,45484,306.35,11.343739720067491,39540,448.5314685314686,-4.608404217473172,5944,-142.18146853146857,7.455391319710264,33962,253.2,13.194058700501369,36786,485.35664335664336,-5.738667380791105,-2824,-232.15664335664337,8.237978628673197,35936,296.04,14.34658105301455,34367,493.04895104895104,-6.108602424341353,1569,-197.00895104895102,7.463478229810337,55994,417.91,15.169363725072115,32715,496.2657342657343,-7.705885495261778,23279,-78.35573426573427,8.208116864444147,52163,428.16,15.923716557397668,31246,497.5524475524476,-7.715599692953521,20917,-69.39244755244755,8.955630305942655,43701,391.37,16.95238322154847,29350,497.5524475524476,-7.996752915605814,14351,-106.18244755244757,9.844364212529376,36924.68016749693,363.5,18.45998599590936,26306,485.6083916083916,-8.615621783379984,10618.680167496932,-122.10839160839163
G016B,2015,284,OLE,OLE,OLE02,OLE002,G 16B,G016B,2015,Socfindo,0.2,,0.2,0,0,0,0,0,0.5,0,0,0,0,0,0,0,30,0,0,0,0,30,150,0,0,0,0,0,0,0,0,0,0,0,0,,0,0,0,30,0,0,30,150,4,0,4,0.13333333333333333,G016B,2015.0,296,OLE002,G016B,0.2,0,30,2015,150,,0,0,,0,0,,0,0,,0,0,,0,0,,0,0,,0,0,,0,0,,0,0,,0,0,,0,0,,0,0,1.3571428571428572,980,1.33,2.4975024975024973,420,1.048951048951049,-1.14035964035964,560,0.2810489510489511,6.500229042601924,2183,14.19,3.4965034965034967,540,1.8881118881118881,3.003725546098427,1643,12.301888111888111,3.8959764474975467,1019,3.97,4.370629370629371,480,2.097902097902098,-0.47465292313182417,539,1.8720979020979023,5.141065830721003,319,1.64,6.11888111888112,480,2.9370629370629375,-0.9778152881601168,-161,-1.2970629370629376,6.656346749226006,323,2.15,8.391608391608392,450,3.7762237762237763,-1.735261642382386,-127,-1.6262237762237763,6.956521739130435,759,5.28,11.48851148851149,420,4.825174825174826,-4.531989749381055,339,0.45482517482517437,7.670623145400594,674,5.17,13.448090371167295,390,5.244755244755245,-5.777467225766701,284,-0.07475524475524509,7.823135450362203,885.8340807174887,6.93,14.56876456876457,360,5.244755244755245,-6.745629118402366,525.8340807174887,1.6852447552447547
H016A,2010,301,OLE,OLE,OLE02,OLE002,H 16,H016A,2010,Socfindo,19,,19,0,0,0,1.53289310513,0,20.53289310513,0,0,516,1677,204,0,0,27,0,0,0,0,2424,127.57894736842105,0,0,0,0,0,0,0,0,0,0,0,0,,0,0,0,516,1908,0,2424,127.57894736842105,40,6,46,0.018976897689768978,H016A,2010.0,284,OLE002,H016A,19,0.787128712871287,2424,2010,127.57894736842105,3.147482282875398,35528,111.82375054599714,2.780683883046088,32766,91.11188811188812,0.36679839982930984,2762,20.711862434109023,3.4620456823337027,37914,131.26,3.6021656681252785,41298,148.76223776223776,-0.1401199857915758,-3384,-17.50223776223777,4.397489126136813,40464,177.94,4.660200480633918,38760,180.62937062937067,-0.2627113544971049,1704,-2.6893706293706714,6.263081425954391,47491,297.44,6.432989782181028,37836,243.3986013986014,-0.16990835622663614,9655,54.04139860139861,7.4717072579668,41265,308.32,8.744898809028067,36021,315,-1.2731915510612666,5244,-6.680000000000007,8.321518588531822,38088,316.95,11.482114470374876,33732,387.31468531468533,-3.1605958818430544,4356,-70.36468531468535,8.73927209154482,25168,219.95,13.365650365746271,31281,418.0909090909091,-4.626378274201452,-6113,-198.14090909090913,10.07098429208982,28457,286.59,14.470499646534238,29142,421.69930069930075,-4.399515354444418,-685,-135.10930069930077,8.626441827374284,33031,284.94,15.188284723958564,27814.5,422.4545454545455,-6.561842896584279,5216.5,-137.5145454545455,8.267763950220795,39856,329.52,15.923825694783611,26589,423.39860139860144,-7.656061744562816,13267,-93.87860139860146,8.962712457362759,34301,307.43,16.879816126993042,25105.5,423.77622377622384,-7.917103669630283,9195.5,-116.34622377622384,10.925562709157695,28324.399231228042,309.46,18.49279441341771,22525.5,416.5594405594406,-7.5672317042600135,5798.8992312280425,-107.09944055944061
G016C,2016,285,OLE,OLE,OLE02,OLE002,G 16C,G016C,2016,Topaz,1.3,,1.3,0,0,0,0,0,1.3,0,0,0,0,0,0,0,0,166,0,0,0,166,127.6923076923077,0,0,0,0,0,0,0,0,0,0,0,0,,0,0,0,166,0,0,166,127.6923076923077,1,0,1,0.006024096385542169,G016C,2016.0,299,OLE002,G016C,1.3,0,169,2016,130,,0,0,,0,0,,0,0,,0,0,,0,0,,0,0,,0,0,,0,0,,0,0,,0,0,,0,0,,0,0,,0,0,,0,0,,0,0,4.4508670520231215,2249,10.01,2.4975024975024973,2324,5.804195804195803,1.9533645545206242,-75,4.2058041958041965,3.6904761904761907,1428,5.27,3.4965034965034962,2988,10.447552447552447,0.19397269397269445,-1560,-5.177552447552447,4.568099638409,2489,11.37,4.37062937062937,2656,11.608391608391607,0.19747026777962962,-167,-0.23839160839160733,5.391061452513966,2506,13.51,6.118881118881118,2656,16.25174825174825,-0.7278196663671519,-150,-2.74174825174825,6.737231182795699,2976,20.05,8.391608391608392,2490,20.895104895104893,-1.6543772088126927,486,-0.8451048951048925,7.664897649734647,2638,20.22,11.488511488511488,2324,26.6993006993007,-3.823613838776841,314,-6.479300699300701,6.405858504289341,3677.8832976445397,23.56,13.448090371167293,2158,29.02097902097902,-7.042231866877952,1519.8832976445397,-5.460979020979021
H020A,2010,305,OLE,OLE,OLE02,OLE002,H 20,H020A,2010,Socfindo,23.1,,23.1,0,0,0,1.49278631976,0,24.592786319760002,0,0,1847,583,0,118,0,161,0,0,0,0,2709,117.27272727272727,0,0,0,0,0,0,0,0,0,0,0,0,,0,0,0,1847,862,0,2709,117.27272727272727,34,3,37,0.013658176448874123,H020A,2010.0,285,OLE002,H020A,23.1,0.34827099505998593,2834,2010,122.68398268398268,3.3202434585050824,36001,119.53208474964148,3.299588742015326,41408,136.6293706293706,0.020654716489756364,-5407,-17.097285879729128,3.9651906774767283,43293,171.665,4.141565870577507,40046,165.85314685314685,-0.17637519310077865,3247,5.811853146853139,4.388061370966239,53641,235.38,5.568940089812488,40532,225.72027972027973,-1.180878718846249,13109,9.659720279720261,5.611030176899064,48050,269.61,7.584672140179457,39157,296.993006993007,-1.973641963280393,8893,-27.383006993006973,6.69348463005162,43006,287.86,9.919619675717238,38745,384.3356643356644,-3.2261350456656173,4261,-96.47566433566436,7.352006777507148,37772,277.7,11.86061969632954,36959,438.3566433566434,-4.508612918822392,813,-160.65664335664343,7.469282788837032,31497,235.26,13.228227960252955,34089,450.937062937063,-5.758945171415923,-2592,-215.677062937063,8.174857765403704,33044,270.13,14.15596832128736,32464.5,459.56643356643355,-5.981110555883657,579.5,-189.43643356643355,7.968830885758657,36703,292.48,15.037544751304619,30970.5,465.7202797202797,-7.068713865545962,5732.5,-173.24027972027966,8.029432253570185,57420,461.05,15.990692597481056,29476.5,471.34965034965035,-7.961260343910871,27943.5,-10.299650349650335,8.529891673843085,44126,376.39,17.464466354502495,27118,473.6013986013986,-8.93457468065941,17008,-97.21139860139863,9.377738226133259,40587.611940298506,380.62,19.017997017105092,23544.5,447.76923076923083,-9.640258790971833,17043.111940298506,-67.14923076923083
H021A,2010,306,OLE,OLE,OLE02,OLE002,H 21,H021A,2010,Socfindo,23,,23,6.1,0,0,1.58288129393,0,30.682881293930002,0,0,1081,565,141,434,0,113,0,0,0,0,2334,101.47826086956522,0,0,0,0,0,0,0,260,0,0,0,0,,0,0,0,1081,1513,0,2594,112.78260869565217,36,10,46,0.017733230531996914,H021A,2010.0,286,OLE002,H021A,23,0.5832690824980724,2594,2010,112.78260869565217,3.073327755439253,28683,88.1522600092641,3.2077685541584984,27368,87.79020979020979,-0.13444079871924552,1315,0.3620502190543107,3.7344643019141794,44092,164.66,3.9430678017634535,29440,116.08391608391608,-0.20860349984927407,14652,48.57608391608392,4.098521115481127,56191,230.3,4.846684074151884,34950,169.39160839160837,-0.7481629586707577,21241,60.90839160839164,4.902414881497115,53543,262.49,6.470555744399981,35323,228.55944055944053,-1.5681408629028661,18220,33.93055944055948,6.482668778257427,39149,253.79,8.522314241833884,34391,293.0909090909091,-2.0396454635764574,4758,-39.30090909090913,6.987285205085918,37594,262.68,10.503684360170322,33056,347.2097902097902,-3.516399155084404,4538,-84.52979020979018,7.746757925072046,33312,258.06,12.18504452847293,30609,372.97202797202794,-4.4382866034008845,2703,-114.91202797202794,8.185172862284867,33061,270.61,13.594888095812788,28928.5,393.27972027972027,-5.409715233527921,4132.5,-122.66972027972025,7.655826187018822,36499,279.43,14.680787435414954,27417.5,402.5104895104895,-7.024961248396132,9081.5,-123.08048951048949,7.875311243056886,52210,411.17,15.646977651828095,25977,406.46153846153845,-7.7716664087712095,26233,4.708461538461563,8.683568990736227,45122,391.82,16.852185108906706,24213,408.041958041958,-8.16861611817048,20909,-16.221958041958032,9.527196121545604,40326.66013152996,384.2,18.169013082543092,21626,392.9230769230769,-8.641816960997488,18700.660131529963,-8.723076923076917
H022A,2011,307,OLE,OLE,OLE02,OLE002,H 22A,H022A,2011,Topaz,22.799999999999997,,22.799999999999997,0,0,0,1.250635,0,24.050634999999996,0,0,0,2999,0,0,0,0,0,0,0,0,2999,131.53508771929828,0,0,0,0,0,0,0,0,0,0,0,0,,0,0,0,2999,0,0,2999,131.53508771929828,49,9,58,0.019339779926642216,H022A,2011.0,287,OLE002,H022A,22.799999999999997,0.03939782190903267,3122,2011,136.92982456140354,2.879323901414135,4430,12.75540488326462,2.4975024975024978,41986,104.86013986013987,0.38182140391163744,-37556,-92.10473497687525,2.7893711741791876,21564,60.15,3.4965034965034967,53982,188.74825174825176,-0.7071323223243091,-32418,-128.59825174825176,2.8848562819514507,29537,85.21,4.370629370629371,47984,209.72027972027973,-1.4857730886779201,-18447,-124.51027972027974,4.565872869361885,32502,148.4,6.11888111888112,47984,293.6083916083916,-1.5530082495192348,-15482,-145.20839160839162,6.070986773241983,31527,191.4,8.391608391608392,44985,377.4965034965035,-2.320621618366409,-13458,-186.09650349650352,6.746253103258038,32627,220.11,11.48851148851149,41986,482.3566433566434,-4.742258385253452,-9359,-262.2466433566434,7.230399420461655,30369,219.58,13.448090371167293,38987,524.3006993006993,-6.217690950705638,-8618,-304.72069930069927,6.806909167241431,33347,226.99,14.568764568764568,35988,524.3006993006993,-7.761855401523137,-2641,-297.3106993006993,7.59725123361487,33033,250.96,15.202189115232594,34488.5,524.3006993006993,-7.604937881617724,-1455.5,-273.34069930069927,7.934358140899754,44301,351.5,15.893197711379528,32989,524.3006993006993,-7.958839570479775,11312,-172.8006993006993,8.980866848887153,35854,322,16.65001665001665,31489.5,524.3006993006993,-7.669149801129496,4364.5,-202.3006993006993,9.095459122041307,37049.25672013477,336.98,18.40264998159735,28490.5,524.3006993006993,-9.307190859556043,8558.75672013477,-187.3206993006993
G021A,2014,290,OLE,OLE,OLE02,OLE002,G 21,G021A,2014,Topaz/Lonsum,8.1,,8.1,0,0,0,0,0,8.1,0,0,0,0,0,0,310,188,0,240,56,0,794,98.0246913580247,0,20,0,87,0,0,0,184,0,0,0,0,,0,0,0,310,775,0,1085,133.95061728395063,2,0,2,0.0018433179723502304,G021A,2014.0,294,OLE002,G021A,8.1,0.7142857142857143,1085,2014,133.95061728395063,,0,0,,0,0,,0,0,,0,0,,0,0,,0,0,,0,0,,0,0,,0,0,,0,0,2.4975024975024973,4340,10.839160839160838,,-4340,-10.839160839160838,6.023102310231023,1212,7.3,3.1763171071500347,8212,26.083916083916083,2.846785203080988,-7000,-18.783916083916083,5.472564977684431,7618,41.69,4.016118110077841,8344,33.510489510489506,1.4564468676065907,-726,8.179510489510491,6.80752320468979,8188,55.74,4.580518351704792,11328,51.88811188811189,2.227004852984998,-3140,3.8518881118881154,5.0943533168819854,13778,70.19,5.8368210695432134,12762,74.4895104895105,-0.742467752661228,1016,-4.299510489510496,6.8578229820385195,9242,63.38,7.814137894084595,12008,93.83216783216783,-0.9563149120460759,-2766,-30.452167832167824,6.460302457466919,12696,82.02,9.637391209578226,11678,112.54545454545453,-3.177088752111307,1018,-30.525454545454537,7.445028215606149,10278,76.52,10.38208400522504,12238,127.05594405594405,-2.937055789618892,-1960,-50.53594405594406,7.7079015991614135,10194.733156498673,78.58,11.72313870726569,11907,139.5874125874126,-4.015237108104277,-1712.2668435013275,-61.00741258741259
G022A,2013,292,OLE,OLE,OLE02,OLE002,G 22,G022A,2013,Topaz/Lonsum,10.200000000000001,,10.200000000000001,0,0,0,0.8,0,11.000000000000002,0,0,0,0,0,527,0,422,0,121,151,0,1221,119.70588235294116,0,144,0,0,0,0,0,0,0,0,0,0,,0,0,0,527,838,0,1365,133.8235294117647,6,0,6,0.004395604395604396,G022A,2013.0,290,OLE002,G022A,10.200000000000001,0.6139194139194138,1365,2013,133.8235294117647,,0,0,,0,0,,0,0,2.0783063965399498,4393,9.13,,0,0,,4393,9.13,2.84176070290292,11609,32.99,2.4975024975024978,7378,18.426573426573427,0.3442582054004224,4231,14.563426573426575,4.461586901763225,9528,42.51,3.4965034965034962,9486,33.16783216783217,0.9650834052597284,42,9.342167832167831,5.373692077727952,9366,50.33,3.5989115487023438,14340,51.608391608391614,1.7747805290256085,-4974,-1.2783916083916154,5.2345855127595495,12618,66.05,4.87608224069417,16028,78.15384615384616,0.3585032720653798,-3410,-12.103846153846163,5.891334523101329,20172,118.84,6.120538381562171,16351,100.07692307692307,-0.229203858460842,3821,18.763076923076937,8.114748907605597,15791,128.14,7.5438078369356205,18422,138.972027972028,0.570941070669976,-2631,-10.832027972028015,7.021634926803991,15438,108.4,9.15148770489393,17835,163.21678321678323,-2.129852778089939,-2397,-54.81678321678322,7.195744904944968,18989,136.64,10.077825400406045,18600,187.44755244755245,-2.882080495461077,389,-50.80755244755247,8.27219674864527,19192,158.76,11.159041562699802,18369.5,204.986013986014,-2.886844814054532,822.5,-46.22601398601401,8.600243315372936,18669.239242685027,160.56,12.523216097147422,17124,214.44755244755248,-3.9229727817744866,1545.2392426850274,-53.88755244755248
G021B,2015,291,OLE,OLE,OLE02,OLE002,G 21B,G021B,2015,Topaz/Lonsum,3.0999999999999996,,3.0999999999999996,2.1,18,0,2.48438576180007,0,25.88438576180007,0,0,0,0,0,0,0,307,0,0,0,0,307,99.03225806451614,0,27,0,0,0,0,0,49,0,0,0,0,,0,0,0,307,76,0,383,123.5483870967742,0,0,0,0,G021B,2015.0,297,OLE002,G021B,3.0999999999999996,0.23821339950372208,403,2015,130.00000000000003,,0,0,,0,0,,0,0,,0,0,,0,0,,0,0,,0,0,,0,0,,0,0,,0,0,,0,0,,0,0,6.009852216748769,203,1.22,2.4975024975024978,4298,10.734265734265735,3.512349719246271,-4095,-9.514265734265734,5.551965535810447,1857,10.31,3.496503496503496,5526,19.32167832167832,2.055462039306951,-3669,-9.01167832167832,6.3510520487264674,1806,11.47,4.370629370629371,4912,21.46853146853147,1.9804226780970966,-3106,-9.99853146853147,4.722845241909645,3121,14.74,6.11888111888112,4912,30.055944055944064,-1.3960358769714754,-1791,-15.315944055944064,6.5711645101663585,2164,14.22,8.39160839160839,4605,38.64335664335664,-1.8204438814420314,-2441,-24.42335664335664,8.445624825272574,3577,30.21,10.761693396423935,4676,50.32167832167832,-2.3160685711513604,-1099,-20.11167832167832,7.151785714285714,3360,24.03,12.367797491764437,4477,55.37062937062938,-5.216011777478722,-1117,-31.34062937062938,7.315900674690975,5143.590881458967,37.63,13.498406355549214,4116,55.55944055944057,-6.182505680858239,1027.5908814589666,-17.929440559440565
G023A,2013,294,OLE,OLE,OLE02,OLE002,G 23A,G023A,2013,Socfindo/Lonsum/Topas,27.7,,27.7,0,0,0,1.562331,0,29.262331,0,0,0,0,0,3782,0,0,0,0,0,0,3782,136.53429602888087,0,0,0,0,0,0,0,0,0,0,0,0,,0,0,0,3782,0,0,3782,136.53429602888087,32,9,41,0.010840824960338445,G023A,2013.0,291,OLE002,G023A,27.7,0,3782,2013,136.53429602888087,,0,0,,0,0,,0,0,2.6022022528793824,7901,20.56,,0,0,,7901,20.56,2.7549088009568425,10033,27.64,2.4975024975024978,52948,132.23776223776224,0.2574063034543448,-42915,-104.59776223776224,4.383663629595491,28207,123.65,3.4965034965034962,68076,238.02797202797203,0.8871601330919945,-39869,-114.37797202797202,5.607789084723892,34099,191.22,4.370629370629371,60512,264.4755244755245,1.2371597140945214,-26413,-73.25552447552448,6.513624486748787,40185,261.75,6.118881118881119,60512,370.2657342657343,0.39474336786766795,-20327,-108.5157342657343,6.310526543129886,46302,292.19,8.391608391608392,56730,476.05594405594405,-2.0810818484785054,-10428,-183.86594405594406,6.347058414625669,43157,273.92,11.488511488511488,52948,608.2937062937064,-5.141453073885819,-9791,-334.37370629370633,7.244166375768642,37241,269.78,13.448090371167295,49166,661.1888111888112,-6.203923995398653,-11925,-391.4088111888112,7.491442796390416,57846,433.35,14.56876456876457,45384,661.1888111888112,-7.0773217723741535,12462,-227.83881118881118,8.394757728077494,49139,412.51,15.202189115232594,43493,661.1888111888112,-6.8074313871551,5646,-248.6788111888112,8.875649418710537,49961.41454902388,443.44,15.89319771137953,41602,661.1888111888112,-7.017548292668993,8359.41454902388,-217.7488111888112
H022B,2013,308,OLE,OLE,OLE02,OLE002,H 22B,H022B,2013,Topaz,5.2,,5.2,0,0,0,0,0,5.2,0,0,0,0,0,616,0,21,0,0,0,0,637,122.5,0,7,0,0,0,0,0,0,0,0,0,0,,0,0,0,616,28,0,644,123.84615384615384,0,0,0,0,H022B,2013.0,292,OLE002,H022B,5.2,0.043478260869565216,644,2013,123.84615384615384,,0,0,,0,0,,0,0,,0,0,,0,0,,0,0,,0,0,2.4975024975024978,8624,21.53846153846154,,-8624,-21.53846153846154,5.075566750629723,794,4.03,3.4965034965034967,11088,38.769230769230774,1.5790632541262264,-10294,-34.73923076923077,6.119515885022693,2644,16.18,4.316373281890523,10150,43.81118881118881,1.8031426031321702,-7506,-27.631188811188814,5.312620609803165,5182,27.53,6.022021753895899,10234,61.629370629370634,-0.7094011440927339,-5052,-34.09937062937063,7.796785899429756,5787,45.12,8.250521408416146,9576,79.00699300699301,-0.4537355089863899,-3789,-33.886993006993016,5.1762087300605915,8087,41.86,11.28715034965035,8960,101.13286713286713,-6.110941619589759,-873,-59.272867132867134,7.261972633979475,7016,50.95,13.256718050662542,8323,110.33566433566433,-5.994745416683067,-1307,-59.38566433566433,7.514962593516209,8020,60.27,14.300447753685162,7784,111.3146853146853,-6.785485160168953,236,-51.0446853146853,7.438320209973753,5715,42.51,14.941092583749272,7483,111.8041958041958,-7.502772373775519,-1768,-69.2941958041958,8.675480564089641,5354.170256835128,46.45,15.66570684217743,7140,111.85314685314685,-6.990226278087789,-1785.8297431648716,-65.40314685314685
G022B,2015,293,OLE,OLE,OLE02,OLE002,G 22B,G022B,2015,Topaz/Lonsum,3.6,,3.6,0,7,0,0.5655703494640001,0,11.230570349464,0,0,0,0,0,0,0,323,0,0,78,0,401,111.38888888888889,0,0,0,0,0,0,0,0,0,0,0,0,,0,42,0,323,120,0,443,123.05555555555556,3,0,3,0.006772009029345372,G022B,2015.0,298,OLE002,G022B,3.6,0.3098290598290598,468,2015,130,,0,0,,0,0,,0,0,,0,0,,0,0,,0,0,,0,0,,0,0,,0,0,,0,0,,0,0,,0,0,5.654008438818566,237,1.34,2.4975024975024973,4522,11.293706293706293,3.1565059413160683,-4285,-9.953706293706293,6.0062893081761,2544,15.28,3.496503496503497,5814,20.32867132867133,2.5097858116726033,-3270,-5.048671328671331,6.731266149870801,3096,20.84,4.37062937062937,5168,22.587412587412587,2.360636779241431,-2072,-1.7474125874125868,5.532713975093892,5059,27.99,5.487164592595903,6260,34.349650349650354,0.04554938249798912,-1201,-6.359650349650355,7.0460491889063315,3822,26.93,7.29179605799865,6249,45.56643356643357,-0.24574686909231858,-2427,-18.636433566433567,7.2684540389972145,5744,41.75,9.948976500103015,5770,57.4055944055944,-2.6805224611058005,-26,-15.6555944055944,7.371199324324325,4736,34.91,11.768844337230606,5447,64.1048951048951,-4.397645012906281,-711,-29.19489510489511,8.052959603004082,5939.43125980136,47.83,13.136486977152849,5046,66.28671328671328,-5.083527374148767,893.4312598013603,-18.45671328671328
H023A,2013,309,OLE,OLE,OLE02,OLE002,H 23 A,H023A,2013,Topaz,11.299999999999999,,11.299999999999999,0,0,0,0.0908410919567,0,11.390841091956698,0,0,0,0,0,1256,0,0,0,0,0,0,1256,111.15044247787611,0,38,0,0,0,0,0,0,0,0,0,0,,0,0,0,1256,38,0,1294,114.5132743362832,21,0,21,0.01622874806800618,H023A,2013.0,293,OLE002,H023A,11.299999999999999,0.02936630602782071,1294,2013,114.5132743362832,,0,0,,0,0,,0,0,,0,0,,0,0,,0,0,,0,0,2.4975024975024973,17584,43.91608391608391,,-17584,-43.91608391608391,,0,0,3.4965034965034962,22608,79.04895104895104,,-22608,-79.04895104895104,5.541125541125541,924,5.12,4.37062937062937,20096,87.83216783216783,1.170496170496171,-19172,-82.71216783216782,5.495921503723844,8459,46.49,6.118881118881118,20096,122.96503496503496,-0.6229596151572743,-11637,-76.47503496503495,6.3369317764559,13617,86.29,8.391608391608392,18840,158.09790209790208,-2.0546766151524913,-5223,-71.80790209790207,4.911252511721367,17916,87.99,11.48851148851149,17584,202.01398601398603,-6.577258976790123,332,-114.02398601398603,7.5512728693274305,15359,115.98,13.448090371167295,16328,219.58041958041957,-5.896817501839864,-969,-103.60041958041957,7.5543374642516685,20980,158.49,14.157209107221925,15604,220.9090909090909,-6.602871642970257,5376,-62.4190909090909,8.615199287697061,19093,164.49,14.672926227659174,15128,221.97202797202797,-6.057726939962112,3965,-57.482027972027964,9.025341359303095,19730.001659876267,178.07,15.407498768563661,14424,222.23776223776224,-6.382157409260566,5306.001659876267,-44.16776223776225
G023B,2016,295,OLE,OLE,OLE02,OLE002,G 23B,G023B,2016,Topaz/Socfind/Lonsum,4.7,,4.7,0,0,0,0.3,0,5,0,0,0,0,0,0,0,0,284,0,66,0,350,74.46808510638297,0,106,0,0,0,0,0,7,0,0,0,0,,0,0,0,284,179,0,463,98.51063829787233,0,0,0,0,G023B,2016.0,300,OLE002,G023B,4.7,0.5351882160392798,611,2016,130,,0,0,,0,0,,0,0,,0,0,,0,0,,0,0,,0,0,,0,0,,0,0,,0,0,,0,0,,0,0,,0,0,,0,0,,0,0,,0,0,2.4975024975024978,3976,9.93006993006993,,-3976,-9.93006993006993,3.677069199457259,2948,10.84,3.4965034965034962,5112,17.874125874125873,0.18056570295376284,-2164,-7.034125874125873,3.991841491841492,5148,20.55,4.0541024447388745,5468,22.167832167832167,-0.06226095289738254,-320,-1.6178321678321659,6.142064372918979,4505,27.67,5.575373684236211,5732,31.95804195804196,0.5666906886827681,-1227,-4.288041958041958,6.5714724397359126,6513,42.8,6.480872069107362,6800,44.06993006993007,0.09060037062855031,-287,-1.2699300699300693,6.413509343391051,5833,37.41,8.474234699018561,6940,58.81118881118881,-2.0607253556275102,-1107,-21.401188811188817,6.747526886151764,6974.407185628743,47.06,10.249393128038472,6378,65.37062937062937,-3.5018662418867077,596.4071856287428,-18.31062937062937
G023C,2019,296,OLE,OLE,OLE02,OLE002,G 23C,G023C,2019,Topaz/Socfind/Lonsum,0.9,,0.9,0,0,0,0,0,0.9,0,0,0,0,0,0,0,0,0,0,0,107,107,118.88888888888889,0,0,0,19,0,0,0,5,0,0,0,0,,0,0,0,107,24,0,131,145.55555555555554,0,0,0,0,G023C,2019.0,302,OLE002,G023C,0.9,0.183206106870229,131,2019,145.55555555555554,,0,0,,0,0,,0,0,,0,0,,0,0,,0,0,,0,0,,0,0,,0,0,,0,0,,0,0,,0,0,,0,0,,0,0,,0,0,,0,0,,0,0,,0,0,,0,0,,0,0,,0,0,,0,0,,0,0,,0,0,4.096385542168675,664,2.72,2.4975024975024978,1498,3.7412587412587412,1.5988830446661773,-834,-1.021258741258741,6.407857811038354,1069,6.85,3.496503496503496,1926,6.734265734265733,2.911354314534858,-857,0.11573426573426637,5.969773299748111,1191,7.11,4.118732632382784,1978,8.146853146853147,1.8510406673653268,-787,-1.0368531468531463,6.761202478296448,2004.0813810110974,13.55,5.682243754298282,2054,11.671328671328672,1.0789587239981655,-49.91861898890261,1.878671328671329
G023D,2020,297,OLE,OLE,OLE02,OLE002,G 23D,G023D,2020,SRIWIJAYA,0.3,,0.3,0,0,0,0,0,0.3,0,0,0,0,0,0,0,0,0,0,0,0,0,0,21,0,0,0,0,0,0,0,0,0,0,0,,0,0,0,21,0,0,21,70,12,0,12,0.5714285714285714,G023D,2020.0,303,OLE002,G023D,0.3,0.5116279069767442,43,2020,143.33333333333334,,0,0,,0,0,,0,0,,0,0,,0,0,,0,0,,0,0,,0,0,,0,0,,0,0,,0,0,,0,0,,0,0,,0,0,,0,0,,0,0,,0,0,,0,0,,0,0,,0,0,,0,0,,0,0,,0,0,,0,0,,0,0,,0,0,,0,0,3.7435897435897436,390,1.46,2.4975024975024978,294,0.7342657342657343,1.2460872460872459,96,0.7257342657342657,5.594262295081967,488,2.73,3.4965034965034967,378,1.3216783216783217,2.0977587985784707,110,1.4083216783216783,6.648684882533195,591.0943396226417,3.93,4.370629370629371,336,1.4685314685314685,2.2780555119038244,255.09433962264166,2.4614685314685314
H023B,2016,310,OLE,OLE,OLE02,OLE002,H 23 B,H023B,2016,Socfindo,0.25,,0.25,0,0,0,0,0,0.25,0,0,0,0,0,0,0,0,17,0,0,0,17,68,0,0,0,0,0,0,0,0,0,0,0,0,,0,0,0,17,0,0,17,68,0,0,0,0,H023B,2016.0,301,OLE002,H023B,0.25,0.48484848484848486,33,2016,132,,0,0,,0,0,,0,0,,0,0,,0,0,,0,0,,0,0,,0,0,,0,0,,0,0,,0,0,,0,0,,0,0,,0,0,,0,0,,0,0,2.4975024975024973,238,0.5944055944055944,,-238,-0.5944055944055944,3.5551948051948052,616,2.19,3.4965034965034967,306,1.06993006993007,0.058691308691308564,310,1.12006993006993,3.8402457757296466,651,2.5,4.37062937062937,272,1.1888111888111887,-0.5303835948997233,379,1.3111888111888113,6.345291479820628,446,2.83,6.118881118881119,272,1.6643356643356644,0.22641036093950895,174,1.1656643356643357,5.090909090909091,495,2.52,8.391608391608392,255,2.13986013986014,-3.300699300699301,240,0.38013986013986,6.379310344827586,232,1.48,11.488511488511488,238,2.734265734265734,-5.109201143683902,-6,-1.2542657342657342,7.597512719050312,442.24999999999994,3.36,13.448090371167295,221,2.972027972027972,-5.850577652116983,221.24999999999994,0.3879720279720278
I016A,2010,312,OLE,OLE,OLE03,OLE003,I 16,I016A,2010,Socfindo,29.9,,29.9,0,0,0,1.5,0,31.4,0,0,778,1168,524,873,0,0,0,0,0,0,3343,111.80602006688964,0,0,0,0,0,0,0,0,0,0,0,0,,0,0,0,778,2565,0,3343,111.80602006688964,12,3,15,0.004486987735566856,I016A,2010.0,304,OLE003,I016A,29.9,0.7766934557979335,3484,2010,116.52173913043478,2.5403679907688774,58242,147.95611251836095,2.9583672356106137,30356,89.80419580419579,-0.41799924484173623,27886,58.15191671416517,3.307005834074953,80904,267.55,3.5835562202941142,40808,146.2377622377622,-0.2765503862191614,40096,121.3122377622378,3.5692106026581856,93071,332.19,4.193022359341737,52790,221.3496503496503,-0.6238117566835513,40281,110.84034965034971,5.119984384340421,81969,419.68,5.580048715791332,54456,303.8671328671328,-0.4600643314509103,27513,115.81286713286721,6.717973765001395,71660,481.41,7.574334104946348,50764,384.5034965034964,-0.8563603399449526,20896,96.9065034965036,7.318318276773239,72283,528.99,9.841816774354976,48294,475.30069930069925,-2.5234984975817376,23989,53.68930069930076,7.433452948422688,56013,416.37,11.888002989424535,44951,534.3776223776223,-4.4545500410018475,11062,-118.00762237762228,9.910297519990259,49274,488.32,13.625515375640383,41997,572.2307692307692,-3.715217855650124,7277,-83.91076923076918,7.444536602957086,55460,412.874,14.748544160308864,39627,584.4405594405594,-7.3040075573517775,15833,-171.56655944055933,8.16264689595767,65012,530.67,15.577189142582675,37519,584.4405594405594,-7.414542246625006,27493,-53.770559440559396,8.519632917105461,59823,509.67,16.48238248771266,35458.5,584.4405594405594,-7.962749570607198,24364.5,-74.77055944055934,11.384630844004098,45865.34312397174,522.16,17.68880310129346,32425,573.5594405594404,-6.304172257289361,13440.34312397174,-51.39944055944045
I017A,2010,313,OLE,OLE,OLE03,OLE003,I 17,I017A,2010,Socfindo,21.9,,21.9,0,0,0,1.4,0,23.299999999999997,0,0,0,854,976,235,51,0,0,0,0,0,2116,96.62100456621005,0,0,0,0,0,0,0,0,0,0,0,0,,0,0,0,0,2116,0,2116,96.62100456621005,64,15,79,0.03733459357277883,I017A,2010.0,305,OLE003,I017A,21.9,0.9408626056024899,2249,2010,102.69406392694064,2.6930519182929413,41592,112.00941538564003,2.4975024975024978,11956,29.86013986013986,0.19554942079044357,29636,82.14927552550017,3.947926639259635,53271,210.31,3.0263853793265554,29036,87.87412587412587,0.9215412599330794,24235,122.43587412587414,4.489978002368976,65007,291.88,3.7472810487120203,34522,129.36363636363637,0.7426969536569556,30485,162.51636363636362,5.338839738683091,56177,299.92,4.92150439555769,34224,168.4335664335664,0.41733534312540055,21953,131.48643356643362,7.183627487795719,47934,344.34,6.727051344016061,33104,222.69230769230768,0.4565761437796576,14830,121.6476923076923,7.602579516887092,45745,347.78,9.200026202464286,31172,286.78321678321674,-1.5974466855771947,14573,60.99678321678323,7.423079160123306,34386,255.25,11.710349635934548,29107,340.8531468531469,-4.287270475811242,5279,-85.60314685314688,10.152682813767528,34516,350.43,13.491417626129195,26991,364.1468531468531,-3.3387348123616665,7525,-13.716853146853111,7.572993593192155,40894,309.69,14.592395194719122,25302,369.21678321678326,-7.019401601526967,15592,-59.52678321678326,8.144531684423585,44959,366.17,15.349158538237829,24101,369.9300699300699,-7.2046268538142435,20858,-3.7600699300699034,8.578161622337715,39252,336.71,16.071687625939823,23017.5,369.9300699300699,-7.493526003602108,16234.5,-33.22006993006994,12.058504397558416,30019.4773800717,361.99,17.18007987600464,21532.5,369.9300699300699,-5.121575478446225,8486.977380071701,-7.94006993006991
I018A,2010,314,OLE,OLE,OLE03,OLE003,I 18,I018A,2010,Socfindo,37.4,,37.4,0,0,0,1.6,0,39,0,0,1471,0,0,2667,152,0,0,0,0,0,4290,114.70588235294117,0,0,0,0,0,0,0,0,0,0,0,0,,0,0,0,1471,2819,0,4290,114.70588235294117,66,8,74,0.01724941724941725,I018A,2010.0,306,OLE003,I018A,37.4,0.6653776160145587,4396,2010,117.54010695187166,2.637828803736037,64977,171.3982021803565,3.496503496503497,26478,92.58041958041959,-0.85867469276746,38499,78.8177825999369,4.029258530862919,86949,350.34,4.370629370629371,23536,102.86713286713287,-0.34137083976645144,63413,247.47286713286712,4.50258851532282,84025,378.33,3.897653091069,60874,237.2657342657343,0.6049354242538203,23151,141.0642657342657,5.514530129576047,79490,438.35,4.963069728509693,72199,358.32867132867136,0.551460401066354,7291,80.02132867132866,7.041355008580149,76339,537.53,6.555321591229594,66002,432.6643356643357,0.48603341735055494,10337,104.86566433566429,7.466213354950333,82651,617.09,8.23488716430937,64227,528.9020979020979,-0.7686738093590373,18424,88.18790209790211,7.479759121940647,64597,483.17,10.114251273198835,60089,607.7552447552448,-2.634492151258188,4508,-124.58524475524479,9.360895126114167,63276,592.32,12.474838218410726,56534.5,705.2587412587412,-3.1139430922965587,6741.5,-112.93874125874117,7.444847807874895,64458,479.88,14.116159416272666,52980,747.8741258741259,-6.671311608397771,11478,-267.99412587412587,7.918687239774676,81660,646.64,15.174353319642695,49425.5,750,-7.255666079868019,32234.5,-103.36000000000001,8.779392374464345,72808,639.21,16.1397921194775,46469,750,-7.360399745013156,26339,-110.78999999999996,11.298914572281076,55559.31908185628,627.76,17.021598801170825,42853,729.4265734265734,-5.722684228889749,12706.31908185628,-101.66657342657345
I019A,2010,315,OLE,OLE,OLE03,OLE003,I 19,I019A,2010,Socfindo,29.9,,29.9,0,0,0,1.5,0,31.4,0,0,1884,66,605,790,0,0,0,0,0,0,3345,111.87290969899666,0,0,0,0,0,0,0,0,0,0,0,0,,0,0,0,1884,1461,0,3345,111.87290969899666,106,17,123,0.036771300448430494,I019A,2010.0,307,OLE003,I019A,29.9,0.45784172661870504,3475,2010,116.22073578595318,2.7481058461401933,51931,142.71188469590638,3.4700057090687473,34836,120.88111888111888,-0.721899862928554,17095,21.830765814787497,3.793924440533065,63632,241.415,3.9459309596488636,39802,157.05594405594408,-0.15200651911579843,23830,84.35905594405591,4.319984837408279,73866,319.1,4.793268819609365,53150,254.76223776223773,-0.47328398220108525,20716,64.33776223776229,5.343547160984738,68404,365.52,6.307057344339365,53216,335.6363636363636,-0.9635101833546278,15188,29.883636363636356,6.797901510468673,63093,428.9,8.569902906335704,49686,425.8041958041958,-1.772001395867031,13407,3.0958041958041917,7.48739201316411,65633,491.42,10.470444452324744,47131,493.48251748251744,-2.983052439160634,18502,-2.0625174825174213,7.49366554054054,52096,390.39,12.279206656404845,43786,537.6573426573426,-4.785541115864305,8310,-147.26734265734262,9.585953665760538,49294,472.53,13.864177530417289,41383,573.7412587412587,-4.27822386465675,7911,-101.21125874125869,7.31893191646144,51569,377.43,14.989624222444048,39013,584.7902097902097,-7.670692305982608,12556,-207.3602097902097,7.950519435410023,63338,503.57,15.828455692579873,36945.5,584.7902097902097,-7.87793625716985,26392.5,-81.22020979020971,8.41181001283697,58425,491.46,17.033882199475975,34331,584.7902097902097,-8.622072186639006,24094,-93.33020979020972,11.071251944902668,44467.41908232566,492.31,18.165690009939638,30741.5,558.4405594405594,-7.09443806503697,13725.919082325658,-66.13055944055935
I020A,2010,316,OLE,OLE,OLE03,OLE003,I 20,I020A,2010,Socfindo,29.7,,29.7,0,0,0,1.5,0,31.2,0,0,991,1426,1041,0,117,0,0,0,0,0,3575,120.37037037037037,0,0,0,0,0,0,0,0,0,0,0,0,,0,0,0,991,2584,0,3575,120.37037037037037,42,5,47,0.013146853146853148,I020A,2010.0,308,OLE003,I020A,29.7,0.730119825708061,3672,2010,123.63636363636364,2.779107662800115,34084,94.72310557887911,2.9689108838360196,37802,112.23076923076923,-0.18980322103590463,-3718,-17.507663651890113,3.5873343101509523,58694,210.555,3.484037798986638,56098,195.44755244755243,0.10329651116431426,2596,15.107447552447582,3.956111715632934,82710,327.21,4.56817176900786,57410,262.2587412587412,-0.6120600533749254,25300,64.95125874125875,5.344533824925982,71604,382.69,6.096253010053813,55975,341.2377622377622,-0.7517191851278309,15629,41.452237762237814,6.607142857142857,65464,432.53,8.295410213005445,54026,448.16783216783216,-1.688267355862588,11438,-15.637832167832187,7.038444671831604,68410,481.5,10.76459599525519,50334,541.8251748251747,-3.7261513234235863,18076,-60.32517482517471,6.947962654700731,55268,384,12.830458218289944,46876,601.4405594405595,-5.882495563589213,8392,-217.44055944055947,9.300945967612634,49896,464.08,14.139776632213243,43796.5,619.2727272727273,-4.838830664600609,6099.5,-155.19272727272727,7.0590548109777975,64093,452.436,15.046189629824674,41430,623.3636363636363,-7.987134818846877,22663,-170.92763636363628,7.929265702850609,61215,485.39,15.789207760711399,39584,625,-7.85994205786079,21631,-139.61,8.587801816195771,61337,526.75,16.781902396455664,37242.5,625,-8.194100580259892,24094.5,-98.25,11.039680936042494,47474.19812550121,524.1,18.10731119492342,33751,611.1398601398603,-7.067630258880925,13723.198125501207,-87.03986013986025
I021A,2010,317,OLE,OLE,OLE03,OLE003,I 21,I021A,2010,Socfindo,29.6,,29.6,0,0,0,1.2,0,30.8,0,0,628,222,2163,0,457,0,79,0,0,0,3549,119.89864864864865,0,0,0,2,0,8,0,0,0,0,0,0,,0,0,0,628,2931,0,3559,120.23648648648648,48,4,52,0.014610845743186288,I021A,2010.0,309,OLE003,I021A,29.6,0.8284153005464481,3660,2010,123.64864864864865,2.676543017634041,20877,55.87818857914587,3.281065312705613,14412,47.28671328671329,-0.6045222950715718,6465,8.591475292432584,3.3371564550015007,46646,155.665,3.0121707918035137,44326,133.51748251748253,0.32498566319798705,2320,22.147517482517458,3.7807054178214816,79017,298.74,4.057179353178135,52534,213.13986013986016,-0.27647393535665366,26483,85.60013986013985,5.029028734150802,81471,409.72,4.9653743936599914,53978,268.02097902097904,0.06365434049081031,27493,141.699020979021,6.118092823818128,74162,453.73,6.723115300886609,54956,369.4755244755245,-0.6050224770684807,19206,84.25447552447554,6.3496751329001775,74492,473,8.679054713388656,52135,452.48251748251755,-2.329379580488478,22357,20.51748251748245,6.656085911774303,67418,448.74,11.048379590796355,49438,546.2097902097902,-4.3922936790220515,17980,-97.46979020979018,7.939987562189055,64320,510.7,12.787208455407223,46124,589.7972027972028,-4.847220893218168,18196,-79.09720279720278,7.055486764164519,59762,421.65,14.113280577218923,43079,607.986013986014,-7.057793813054404,16683,-186.336013986014,7.7623676193239515,68930,535.06,15.025341161829408,41036.5,616.5874125874125,-7.262973542505456,27893.5,-81.52741258741253,8.423325811127883,66913,563.63,16.00236593002946,38708,619.4195804195804,-7.579040118901576,28205,-55.789580419580375,10.550907094107933,53776.41893149209,567.39,16.873243916662247,36275,612.076923076923,-6.322336822554314,17501.418931492088,-44.686923076922994
J016A,2010,323,OLE,OLE,OLE03,OLE003,J 16,J016A,2010,Socfindo,29.8,,29.8,0,0,0,1.5,0,31.3,0,0,650,1653,240,332,382,0,0,0,0,0,3257,109.29530201342281,0,0,0,0,0,0,0,886,0,0,0,0,,0,0,0,650,3493,0,4143,139.02684563758388,60,17,77,0.018585566014965003,J016A,2010.0,310,OLE003,J016A,29.8,0.8431088583152304,4143,2010,139.02684563758388,2.4494197809950378,21023,51.49415205585868,2.8329686500859226,34842,98.7062937062937,-0.3835488690908848,-13819,-47.21214165043503,2.9699726644826074,47923,142.33,3.6282832854051317,43514,157.88111888111888,-0.6583106209225242,4409,-15.551118881118867,3.334979054458408,66840,222.91,4.4950247936104395,45816,205.9440559440559,-1.1600457391520314,21024,16.965944055944107,4.6504515467879335,62452,290.43,5.737419000142414,51362,294.68531468531467,-1.0869674533544806,11090,-4.255314685314659,5.874901617190632,67339,395.61,7.679238614879501,49923,383.37062937062933,-1.8043369976888686,17416,12.239370629370683,6.481133762517882,67104,434.91,10.059423157930107,46616,468.93006993006986,-3.5782893954122246,20488,-34.02006993006984,6.524196638747468,73068,476.71,11.897592359858882,43741,520.4125874125873,-5.373395721111414,29327,-43.70258741258732,9.59630581738551,42012,403.16,13.38094383746078,40809,546.062937062937,-3.7846380200752705,1203,-142.90293706293693,7.274972557628979,58304,424.16,14.573951633907448,38703.5,564.062937062937,-7.298979076278469,19600.5,-139.90293706293693,7.875267925050128,57852,455.6,15.507532937676192,36718,569.4055944055943,-7.632265012626064,21134,-113.80559440559432,8.30962511184559,54763,455.06,16.46942295126598,34573.5,569.4055944055943,-8.15979783942039,20189.5,-114.34559440559434,10.660232395008157,47499.90255720054,506.36,17.805573361128914,31468.5,560.3146853146852,-7.145340966120758,16031.402557200541,-53.95468531468521
H023C,0,311,OLE,OLE,OLE02,OLE002,H 23 B,H023C,0,0,0,,0,0,0,0,0,2,2,0,0,0,0,0,0,0,0,0,0,0,0,0,0,0,0,0,0,0,0,0,0,0,0,0,0,,0,0,0,0,0,0,0,0,0,0,0,0,,,,,,,,,,,,,,,,,,,,,,,,,,,,,,,,,,,,,,,,,,,,,,,,,,,,,,,,,,,,,,,,,,,,,,,,,,,,,,,,,,,,,,,,,,,,,,,,,,,,,,,,,,,,,,,,,,,,,,
J017A,2010,324,OLE,OLE,OLE03,OLE003,J 17,J017A,2010,Socfindo,22.4,,22.4,0,0,0,1.4,0,23.799999999999997,0,0,875,753,0,528,0,472,0,0,0,0,2628,117.32142857142858,0,0,0,0,0,0,0,0,0,0,0,0,,0,0,0,875,1753,0,2628,117.32142857142858,46,18,64,0.0243531202435312,J017A,2010.0,311,OLE003,J017A,22.4,0.6840014445648248,2769,2010,123.61607142857143,2.552710557503365,28147,71.85114406204721,3.0959455879583677,26292,81.3986013986014,-0.5432350304550027,1855,-9.547457336554189,3.219166803886053,48584,156.4,3.9406409080503586,27554,108.58041958041957,-0.7214741041643058,21030,47.81958041958043,3.8286781877627276,53525,204.93,4.688493324856961,33440,156.78321678321677,-0.8598151370942335,20085,48.146783216783234,5.191941591180101,47801,248.18,6.260371689907116,34677,217.09090909090907,-1.0684300987270143,13124,31.08909090909094,6.845831671320303,40112,274.6,7.485403381882747,38601,288.9440559440559,-0.6395717105624437,1511,-14.344055944055867,7.101318084472214,45293,321.64,9.147539113314568,38861,355.48251748251744,-2.0462210288423544,6432,-33.84251748251745,7.204595465943401,39082,281.57,10.740301336201897,35761,384.08391608391605,-3.5357058702584965,3321,-102.51391608391606,8.979502707738892,34346,308.41,12.212623977329859,34042.5,415.74825174825173,-3.233121269590967,303.5,-107.33825174825171,7.391025494193371,43657,322.67,13.538813917360855,32228.5,436.3356643356643,-6.147788423167484,11428.5,-113.6656643356643,7.73304034985674,46419,358.96,14.888923402954537,30414.5,452.8391608391608,-7.1558830530977975,16004.5,-93.87916083916082,8.677990690926675,33086,287.12,16.162119092431823,28427,459.4405594405594,-7.4841284015051475,4659,-172.3205594405594,11.148267130913366,30832.594515685825,343.73,17.45147595960263,25625.5,447.2027972027971,-6.303208828689263,5207.094515685825,-103.4727972027971
J018A,2010,325,OLE,OLE,OLE03,OLE003,J 18,J018A,2010,Socfindo,37.9,,37.9,0,0,0,1.7,0,39.6,0,0,3592,655,0,442,163,0,0,0,0,0,4852,128.02110817941954,0,0,0,0,0,0,0,0,0,0,0,0,,0,0,0,3592,1260,0,4852,128.02110817941954,130,13,143,0.029472382522671065,J018A,2010.0,312,OLE003,J018A,37.9,0.2596867271228359,4852,2010,128.02110817941954,2.286163277691487,45579,104.20103603390028,3.372416600818519,73826,248.97202797202797,-1.086253323127032,-28247,-144.77099193812768,2.9189997099962075,89654,261.7,4.2218328580258655,69262,292.41258741258747,-1.302833148029658,20392,-30.71258741258748,3.432947083392714,91219,313.15,5.569504679296965,74140,412.92307692307696,-2.1365575959042507,17079,-99.77307692307699,5.059550714156572,88496,447.75,7.369945799930519,74598,549.7832167832169,-2.310395085773947,13898,-102.03321678321686,6.576173107407237,64977,427.3,10.002276848638033,70119,701.3496503496502,-3.426103741230796,-5142,-274.0496503496502,6.684346054806103,78057,521.76,12.021984667149894,65546,787.9930069930069,-5.337638612343791,12511,-266.23300699300694,6.762933374159696,71849,485.91,13.376882249813875,60857,814.076923076923,-6.613948875654178,10992,-328.16692307692296,8.394783811162387,62191,522.08,14.430388904878967,57801,834.0909090909091,-6.03560509371658,4390,-312.0109090909091,7.229132661676141,71068,513.76,15.36106092826779,55072.5,845.972027972028,-8.131928266591649,15995.5,-332.21202797202795,7.900505215123859,73632,581.73,16.205329135177827,52344,848.2517482517482,-8.304823920053968,21288,-266.52174825174814,8.59741757997959,67611,581.28,17.657013316925266,48040.5,848.2517482517482,-9.059595736945676,19570.5,-266.9717482517482,11.246364753389,56010.09871302473,629.91,19.13932092610591,41695,798.0139860139859,-7.892956172716909,14315.09871302473,-168.10398601398595
J019A,2010,326,OLE,OLE,OLE03,OLE003,J 19,J019A,2010,Socfindo,31.5,,31.5,0,0,0,1.6,0,33.1,0,0,3636,0,0,396,99,0,0,0,0,0,4131,131.14285714285714,0,0,0,0,0,0,0,0,0,0,0,0,,0,0,0,3636,495,0,4131,131.14285714285714,101,23,124,0.030016945049624787,J019A,2010.0,313,OLE003,J019A,31.5,0.11982570806100218,4131,2010,131.14285714285714,2.3065377846460065,38474,88.74173472647044,3.496503496503496,65448,228.8391608391608,-1.1899657118574893,-26974,-140.09742611269036,2.883500871884296,77992,224.89,4.37062937062937,58176,254.26573426573424,-1.487128498745074,19816,-29.375734265734252,3.600762205138314,91314,328.8,5.803800719054956,63720,369.81818181818176,-2.203038513916642,27594,-41.018181818181745,5.247137974065433,73724,386.84,7.708677277618183,63054,486.06293706293695,-2.46153930355275,10670,-99.22293706293698,6.3785932548664555,70688,450.89,10.483112495921278,59022,618.7342657342657,-4.104519241054822,11666,-167.84426573426572,6.709920468815404,64503,432.81,12.346101387197272,55188,681.3566433566431,-5.636180918381869,9315,-248.54664335664307,6.450376157407407,69120,445.85,13.58985841744462,51156,695.202797202797,-7.139482260037213,17964,-249.35279720279698,8.236878559335077,51976,428.12,14.573596663148898,48843,711.8181818181816,-6.336718103813821,3133,-283.69818181818164,7.040492658094664,64629,455.02,15.491471777738695,46530,720.8181818181815,-8.450979119644032,18099,-265.79818181818155,7.622799439992851,67142,511.81,16.333147821037088,44217,722.2027972027969,-8.710348381044238,22925,-210.39279720279688,8.587350339322827,54373,466.92,17.927782673090977,40284,722.2027972027969,-9.34043233376815,14089,-255.28279720279687,10.44298719007018,49998.14617186092,522.13,19.41298779294875,34582.5,671.3496503496502,-8.97000060287857,15415.64617186092,-149.21965034965024
J020A,2010,327,OLE,OLE,OLE03,OLE003,J 20,J020A,2010,Socfindo,30.9,,30.9,0,0,0,1.5,0,32.4,0,0,1850,567,296,1281,0,226,0,0,0,0,4220,136.5695792880259,0,0,0,0,0,0,0,0,0,0,0,0,,0,0,0,1850,2370,0,4220,136.5695792880259,114,31,145,0.034360189573459717,J020A,2010.0,314,OLE003,J020A,30.9,0.561611374407583,4220,2010,136.5695792880259,2.3933945257832496,41628,99.63222731930512,3.3042034351506184,41238,136.25874125874122,-0.9108089093673688,390,-36.62651393943611,2.9417780201799837,73340,215.75,3.9910260388076084,43950,175.4055944055944,-1.0492480186276247,29390,40.3444055944056,3.4917858850140497,85767,299.48,4.588575115264818,61934,284.1888111888112,-1.096789230250768,23833,15.291188811188817,4.91013365373896,80731,396.4,6.0310031679351965,64616,389.69930069930064,-1.1208695141962366,16115,6.700699300699341,6.304576538663861,68436,431.46,7.8881644461810385,62801,495.38461538461536,-1.5835879075171775,5635,-63.92461538461538,6.289442869468754,64904,408.21,9.69827981567226,60992,591.5174825174824,-3.4088369462035057,3912,-183.30748251748247,6.302905158625958,83782,528.07,11.44572189385262,56546,647.2097902097902,-5.142816735226662,27236,-119.13979020979014,7.706335893134705,64979,500.75,13.135769367420355,53477,702.4615384615383,-5.42943347428565,11502,-201.71153846153834,7.0556613824944305,61946,437.07,14.399922733338629,50465.5,726.6993006993006,-7.3442613508441985,11480.5,-289.6293006993006,7.708527959428801,67437,519.84,15.432154081790648,47602,734.6013986013985,-7.723626122361846,19835,-214.76139860139847,8.821235067563157,61276,540.53,16.59608219197907,44454,737.7622377622376,-7.774847124415915,16822,-197.23223776223767,10.336011317392698,54659.382875222465,564.96,17.753927598681013,40097.5,711.8881118881119,-7.417916281288315,14561.882875222465,-146.92811188811186
L022B,2010,348,OLE,OLE,OLE03,OLE003,L 22,L022B,2010,Socfindo,14.3,,14.3,0,0,0,0.6,0,14.9,0,0,1619,0,0,0,0,0,0,0,0,0,1619,113.21678321678321,0,22,0,0,0,0,0,0,0,0,0,0,,0,0,0,1619,22,0,1641,114.75524475524475,1,0,1,0.0006093845216331506,L022B,2010.0,315,OLE003,L022B,14.3,0.01340645947592931,1641,2010,114.75524475524475,,0,0,3.4965034965034967,29142,101.89510489510491,,-29142,-101.89510489510491,,0,0,4.37062937062937,25904,113.21678321678321,,-25904,-113.21678321678321,5.071921749136939,3476,17.63,6.118881118881118,25904,158.50349650349648,-1.0469593697441795,-22428,-140.87349650349648,4.708595175349686,19732,92.91,8.391608391608392,24285,203.79020979020981,-3.683013216258706,-4553,-110.88020979020982,5.792379900607399,21732,125.88,11.488511488511488,22666,260.3986013986014,-5.696131587904089,-934,-134.5186013986014,5.745688942757975,18151,104.29,13.448090371167295,21047,283.041958041958,-7.70240142840932,-2896,-178.751958041958,6.553588987217306,16272,106.64,14.56876456876457,19428,283.041958041958,-8.015175581547265,-3156,-176.40195804195804,6.702827466820542,17330,116.16,15.202189115232594,18618.5,283.041958041958,-8.499361648412052,-1288.5,-166.88195804195803,7.030331445883074,27727,194.93,15.89319771137953,17809,283.041958041958,-8.862866265496457,9918,-88.11195804195802,7.610833333333333,24000,182.66,16.398161999779795,17307.5,283.8111888111888,-8.787328666446463,6692.5,-101.1511888111888,8.676030393737047,21715,188.4,18.02849639822352,15776.5,284.4265734265734,-9.352466004486473,5938.5,-96.02657342657338,10.875700008462422,13487.867437117608,146.69,19.688594628462337,13304,261.93706293706293,-8.812894619999915,183.86743711760755,-115.24706293706294
L023B,2010,350,OLE,OLE,OLE03,OLE003,L 23,L023B,2010,Socfindo,19,,19,0,0,0,0.7,0,19.7,0,0,2333,0,0,0,0,0,0,0,0,0,2333,122.78947368421052,0,0,0,0,0,0,0,0,0,0,0,0,,0,0,0,2333,0,0,2333,122.78947368421052,33,9,42,0.018002571795970854,L023B,2010.0,316,OLE003,L023B,19,0,2333,2010,122.78947368421052,,0,0,3.4965034965034967,41994,146.83216783216784,,-41994,-146.83216783216784,5.417515274949084,491,2.66,4.370629370629371,37328,163.14685314685315,1.046885904319713,-36837,-160.48685314685315,4.120823489706378,5926,24.42,6.118881118881118,37328,228.4055944055944,-1.99805762917474,-31402,-203.98559440559438,4.689451572612694,26421,123.9,8.391608391608392,34995,293.6643356643357,-3.7021568189956975,-8574,-169.76433566433568,5.933411672542107,25530,151.48,11.488511488511488,32662,375.23776223776224,-5.555099815969381,-7132,-223.75776223776225,6.234770704996578,14610,91.09,13.448090371167293,30329,407.86713286713285,-7.213319666170715,-15719,-316.7771328671329,6.316757172788301,23387,147.73,14.568764568764568,27996,407.86713286713285,-8.252007395976268,-4609,-260.1371328671329,4.729505987447538,25971,122.83,15.202189115232592,26829.5,407.86713286713285,-10.472683127785054,-858.5,-285.03713286713287,6.976091187100361,35970,250.93,15.893197711379528,25663,407.86713286713285,-8.917106524279166,10307,-156.93713286713285,7.499447513812155,36200,271.48,16.65001665001665,24496.5,407.86713286713285,-9.150569136204496,11703.5,-136.38713286713283,8.493546522827971,25955,220.45,18.40264998159735,22163.5,407.86713286713285,-9.909103458769378,3791.5,-187.41713286713286,11.165166184414565,15318.17773019272,171.03,20.104895104895103,18664,375.23776223776224,-8.939728920480539,-3345.8222698072805,-204.20776223776224
I023A,2011,320,OLE,OLE,OLE03,OLE003,I 23,I023A,2011,Socfindo,16.400000000000002,,16.400000000000002,0,0,0,2.1,0,18.500000000000004,0,0,0,230,1678,172,0,0,0,0,0,0,2080,126.82926829268291,0,19,0,0,0,0,0,0,0,0,0,0,,0,0,0,230,1869,0,2099,127.98780487804876,30,3,33,0.01572177227251072,I023A,2011.0,317,OLE003,I023A,16.400000000000002,0.8904240114340162,2099,2011,127.98780487804876,,0,0,2.4975024975024973,3220,8.041958041958042,,-3220,-8.041958041958042,3.001298912161065,24636,73.94,2.6471791092520682,27632,73.14685314685315,0.3541198029089969,-2996,0.7931468531468511,3.3483576539523354,35498,118.86,3.518855221709845,36292,127.70629370629369,-0.17049756775750957,-794,-8.846293706293693,4.383616118769884,37720,165.35,4.481480926877072,33624,150.6853146853147,-0.09786480810718867,4096,14.6646853146853,6.1083365347675755,36442,222.6,6.210551929160099,33050,205.25874125874128,-0.10221539439252325,3392,17.341258741258713,6.559973943682824,33773,221.55,8.510980381765815,31142,265.04895104895104,-1.9510064380829917,2631,-43.49895104895103,6.54164294564817,29861,195.34,11.415189998907568,29062,331.74825174825173,-4.873547053259398,799,-136.40825174825173,8.01521992426449,27464,220.13,13.387842607322263,26982,361.2307692307693,-5.372622683057772,482,-141.1007692307693,7.260004295225142,27938,202.83,14.535570357611373,25017,363.6363636363637,-7.275566062386232,2921,-160.80636363636367,7.839357152710718,28996,227.31,15.080543912766458,24157,364.30069930069936,-7.24118676005574,4839,-136.99069930069936,7.769199154532645,34064,264.65,15.730270677884183,23193,364.8321678321679,-7.961071523351539,10871,-100.18216783216792,10.814092129649483,27125.71674840244,293.34,16.589319771137955,22000,364.965034965035,-5.775227641488472,5125.716748402439,-71.62503496503501
I022A,2013,318,OLE,OLE,OLE03,OLE003,I 22A,I022A,2013,Topaz,25.4,,25.4,0,0,0,0.8999999999999999,0,26.299999999999997,0,0,0,0,0,2605,0,616,0,0,0,0,3221,126.81102362204724,0,59,0,0,0,0,0,0,0,0,0,0,,0,179,0,2605,854,0,3459,136.18110236220474,32,11,43,0.012431338537149466,I022A,2013.0,322,OLE003,I022A,25.4,0.23314689431851632,3397,2013,133.74015748031496,,0,0,,0,0,,0,0,3.085783003741315,18710,57.735,,0,0,,18710,57.735,3.4430417793808235,33270,114.55,2.4975024975024973,36470,91.08391608391608,0.9455392818783261,-3200,23.466083916083917,4.41406573391837,48316,213.27,3.496503496503496,46890,163.95104895104893,0.9175622374148746,1426,49.31895104895108,5.5471382374889755,44221,245.3,4.049504884428549,50304,203.7062937062937,1.4976333530604267,-6083,41.593706293706305,6.365103539199418,43993,280.02,5.5678478586301505,52768,293.8041958041958,0.7972556805692674,-8775,-13.784195804195804,6.962859424920127,35056,244.09,7.581676666714782,48931,370.97902097902096,-0.6188172417946545,-13875,-126.88902097902096,6.895123419626731,41525,286.32,10.346105994338089,46326,479.2937062937063,-3.4509825747113583,-4801,-192.9737062937063,7.045331126684078,38671,272.45,12.364181462893908,43105,532.9580419580419,-5.31885033620983,-4434,-260.50804195804193,7.552856721408201,40676,307.22,13.67132008252126,40710,556.5594405594405,-6.11846336111306,-34,-249.3394405594405,8.157795216034792,42308,345.14,14.523737744543586,39027.5,566.8251748251748,-6.3659425285087945,3280.5,-221.68517482517484,10.566753865648623,32049.577789537347,338.66,15.334480339481555,36991,567.2377622377622,-4.767726473832932,-4941.422210462653,-228.57776223776222
I022B,2017,319,OLE,OLE,OLE03,OLE003,I 22B,I022B,2017,Topaz/Socfin,6.7,,6.7,0,0,0,0.4,0,7.1000000000000005,0,0,0,0,0,0,0,0,0,693,0,0,693,103.43283582089552,0,142,0,28,0,0,0,116,0,0,0,0,,0,0,0,693,286,0,979,146.11940298507463,0,0,0,0,I022B,2017.0,330,OLE003,I022B,6.7,0.29213483146067415,979,2017,146.11940298507463,,0,0,,0,0,,0,0,,0,0,,0,0,,0,0,,0,0,,0,0,,0,0,,0,0,,0,0,,0,0,,0,0,,0,0,,0,0,,0,0,,0,0,,0,0,2.7586206896551726,87,0.24,2.4975024975024973,9702,24.230769230769226,0.2611181921526753,-9615,-23.990769230769228,2.5421133231240427,7836,19.92,3.4965034965034953,12474,43.615384615384606,-0.9543901733794526,-4638,-23.695384615384604,5.269207501512402,4959,26.13,4.37062937062937,11088,48.46153846153845,0.8985781308830321,-6129,-22.331538461538454,5.682137834036568,3555,20.2,5.5683074955023555,13076,72.8111888111888,0.11383033853421232,-9521,-52.611188811188796,7.592402464065708,3896,29.58,7.280735452810696,13343,97.14685314685312,0.31166701125501284,-9447,-67.56685314685312,7.020970478452664,4681.688963210702,32.87,9.869678326161736,12478,123.15384615384615,-2.848707847709072,-7796.311036789298,-90.28384615384616
J022A,2011,329,OLE,OLE,OLE03,OLE003,J 22,J022A,2011,Socfindo,21.8,,21.8,3.8,0,0,2.9262626,0,28.526262600000003,0,0,0,510,1670,255,179,205,0,0,0,0,2819,129.3119266055046,0,82,0,0,0,0,0,0,0,0,0,0,,0,0,0,510,2391,0,2901,133.07339449541283,22,0,22,0.007583591864874182,J022A,2011.0,319,OLE003,J022A,21.8,0.8298865910607072,2998,2011,137.52293577981652,,0,0,2.4975024975024978,7140,17.832167832167833,,-7140,-17.832167832167833,2.8013330864654695,21604,60.52,2.7791618700709613,32560,90.48951048951051,0.022171216394508253,-10956,-29.969510489510505,3.4557271282525677,42159,145.69,3.5818452903880043,41790,149.6853146853147,-0.12611816213543658,369,-3.995314685314696,4.457396262274311,47355,211.08,4.503072684890867,41976,189.020979020979,-0.045676422616556245,5379,22.059020979021,5.973247232472325,36856,220.15,5.926048268107448,44542,263.958041958042,0.047198964364876694,-7686,-43.80804195804197,6.506774927596194,38672,251.63,8.00070935976036,42824,342.62237762237766,-1.493934432164167,-4152,-90.99237762237766,6.676823662297408,38069,254.18,10.548544979121033,39979,421.7202797202798,-3.871721316823625,-1910,-167.54027972027978,7.231313926042486,38130,275.73,12.43768943487932,37365,464.7342657342658,-5.206375508836834,765,-189.0042657342658,7.079946903891386,42941,304.02,13.801146699626631,34801,480.29370629370635,-6.721199795735245,8140,-176.27370629370637,7.602640555596456,40749,309.8,14.401875155820218,34220,492.83216783216784,-6.799234600223762,6529,-183.03216783216783,8.283132530120483,41832,346.5,15.115202130514836,32946.5,497.99300699300704,-6.8320696003943535,8885.5,-151.49300699300704,9.905309263767059,38853.910539450946,384.86,16.074750804160296,31015.5,498.56643356643366,-6.169441540393237,7838.410539450946,-113.70643356643365
J023A,2011,331,OLE,OLE,OLE03,OLE003,J 23,J023A,2011,Socfindo,28.5,,28.5,0,0,0,2.1,0,30.6,0,0,0,1715,1754,338,0,135,0,0,0,0,3942,138.31578947368422,0,0,0,0,0,0,0,0,0,0,0,0,,0,0,0,1715,2227,0,3942,138.31578947368422,49,8,57,0.01445966514459665,J023A,2011.0,320,OLE003,J023A,28.5,0.5649416539827499,3942,2011,138.31578947368422,,0,0,2.4975024975024978,24010,59.965034965034974,,-24010,-59.965034965034974,2.655497092218222,36110,95.89,3.053904923063802,55426,169.2657342657343,-0.39840783084558007,-19316,-73.3757342657343,3.2754983029524696,76309,249.95,3.7986298340214004,63744,242.13986013986016,-0.5231315310689308,12565,7.810139860139827,4.4426813054852685,69951,310.77,5.063196853805413,61588,311.8321678321678,-0.6205155483201441,8363,-1.0621678321678019,5.779348313564171,64663,373.71,6.809158232538003,61087,415.95104895104896,-1.0298099189738323,3576,-42.24104895104898,6.057850842791055,62471,378.44,9.254269235699134,58158,538.2097902097902,-3.196418392908079,4313,-159.7697902097902,6.302567420428903,63371,399.4,11.721733638857954,54081,633.923076923077,-5.4191662184290506,9290,-234.52307692307704,7.780613747472169,50933,396.29,13.407505888708897,50274,674.0489510489512,-5.626892141236728,659,-277.75895104895113,6.948161543098252,49770,345.81,14.464074583380787,47189.5,682.5524475524477,-7.515913040282535,2580.5,-336.7424475524477,7.698973203105434,59895,461.13,15.278838808250576,44982,687.2727272727274,-7.579865605145142,14913,-226.14272727272737,8.384323459055018,55599,466.16,16.048082693791592,42943.5,689.1608391608393,-7.663759234736574,12655.5,-223.00083916083923,9.495151782786866,52149.77193915541,495.17,17.20858578340319,40047.5,689.1608391608393,-7.713434000616324,12102.271939155413,-193.99083916083924
I023B,2017,321,OLE,OLE,OLE03,OLE003,I 23B,I023B,2017,Socfin,2.8,,2.8,0,0,0,0,0,2.8,0,0,0,0,0,0,0,0,0,378,0,0,378,135,0,0,0,0,0,0,0,0,0,0,0,0,,0,0,0,378,0,0,378,135,0,0,0,0,I023B,2017.0,331,OLE003,I023B,2.8,0,378,2017,135,,0,0,,0,0,,0,0,,0,0,,0,0,,0,0,,0,0,,0,0,,0,0,,0,0,,0,0,,0,0,,0,0,,0,0,,0,0,,0,0,,0,0,,0,0,2.5,4,0.01,2.4975024975024973,5292,13.216783216783217,0.0024975024975026905,-5288,-13.206783216783217,2.2828784119106698,403,0.92,3.4965034965034962,6804,23.79020979020979,-1.2136250845928265,-6401,-22.87020979020979,4.2084942084942085,259,1.09,4.370629370629371,6048,26.433566433566433,-0.16213516213516233,-5789,-25.343566433566433,7.126760563380282,355,2.53,6.118881118881118,6048,37.00699300699301,1.0078794444991637,-5693,-34.476993006993006,7.812284334023465,1449,11.32,8.391608391608392,5670,47.58041958041958,-0.5793240575849268,-4221,-36.26041958041958,7.107591586270972,1814.9607843137255,12.9,11.488511488511488,5292,60.79720279720279,-4.380919902240516,-3477.0392156862745,-47.897202797202794
K018A,2011,334,OLE,OLE,OLE03,OLE003,K 18,K018A,2011,Socfindo,38.900000000000006,,38.900000000000006,0,0,0,1.29726777755,0,40.19726777755,0,0,0,217,2799,2179,0,195,0,0,0,0,5390,138.56041131105397,0,0,0,0,0,0,0,0,0,0,0,0,,0,0,0,217,5173,0,5390,138.56041131105397,114,37,151,0.028014842300556585,K018A,2011.0,321,OLE003,K018A,38.900000000000006,0.9597402597402597,5390,2011,138.56041131105397,2.3562732208767128,17193,40.51140548653332,2.4975024975024978,3038,7.5874125874125875,-0.141229276625785,14155,32.923992899120734,3.168086073203266,68221,216.13,2.588055219634167,43092,111.52447552447552,0.5800308535690988,25129,104.60552447552448,3.4470285911721517,92616,319.25,3.1712242238558024,84360,267.5244755244755,0.2758043673163493,8256,51.72552447552448,4.546103714148837,110631,502.94,4.048090732742875,87478,354.1188811188812,0.49801298140596284,23153,148.82111888111882,6.254765426753738,83151,520.09,5.378048900989823,85633,460.5384615384615,0.8767165257639151,-2482,59.55153846153854,6.670748962581596,84103,561.03,7.348288005865617,83397,612.8251748251748,-0.6775390432840203,706,-51.795174825174854,6.585422559770605,77421,509.85,9.973294068292269,77812,776.0419580419581,-3.3878715085216635,-391,-266.19195804195806,7.888678318242437,71235,561.95,12.350168250301827,72617,896.8321678321678,-4.46148993205939,-1382,-334.88216783216774,7.21007045099176,56919,410.39,13.852458773785562,67335.5,932.7622377622376,-6.642388322793802,-10416.5,-522.3722377622377,7.588884892565506,75069,569.69,14.807385244004186,63453.5,939.5804195804195,-7.21850035143868,11615.5,-369.89041958041946,8.322730894159466,81585,679.01,15.533995356286448,60661,942.3076923076923,-7.211264462126982,20924,-263.2976923076923,10.323688034890697,69181.67205229403,714.21,16.31419134881739,57760,942.3076923076923,-5.990503313926691,11421.67205229403,-228.09769230769223
I023C,0,322,OLE,OLE,OLE03,OLE003,I 23B,I023C,0,0,0,,0,0,0,0,0,0,0,0,0,0,0,0,0,0,0,0,0,0,0,0,0,0,0,0,0,0,0,0,0,0,0,0,0,,0,0,0,0,0,0,0,0,0,0,0,0,,,,,,,,,,,,,,,,,,,,,,,,,,,,,,,,,,,,,,,,,,,,,,,,,,,,,,,,,,,,,,,,,,,,,,,,,,,,,,,,,,,,,,,,,,,,,,,,,,,,,,,,,,,,,,,,,,,,,,
K016A,2013,332,OLE,OLE,OLE03,OLE003,K 16,K016A,2013,Topaz,35.8,,35.8,0,0,0,2.3,0,38.099999999999994,0,0,0,0,0,3782,0,457,0,168,0,0,4407,123.10055865921788,0,120,0,18,0,0,0,0,0,0,0,0,,0,0,0,3782,763,0,4545,126.95530726256985,25,3,28,0.006160616061606161,K016A,2013.0,323,OLE003,K016A,35.8,0.1936034115138593,4690,2013,131.0055865921788,,0,0,,0,0,,0,0,2.7901027859169343,21501,59.99,,0,0,,21501,59.99,3.1594551038404233,65774,207.81,2.4975024975024978,52948,132.23776223776224,0.6619526063379255,12826,75.57223776223776,4.173475141961628,76253,318.24,3.4965034965034962,68076,238.02797202797203,0.6769716454581318,8177,80.21202797202798,5.5964246163581715,75852,424.5,4.191519136968247,66910,280.45454545454544,1.4049054793899245,8942,144.04545454545456,6.033052276559865,74125,447.2,5.805056475718991,68738,399.027972027972,0.22799580084087445,5387,48.17202797202799,6.413120403704729,64998,416.84,7.73997818911516,66394,513.8881118881119,-1.3268577854104304,-1396,-97.04811188811192,7.58118133158043,53245,403.66,10.486195430257121,63284,663.6083916083917,-2.9050140986766912,-10039,-259.94839160839166,6.986285273035538,59571,416.18,12.44207086582191,58709,730.4615384615385,-5.455785592786372,862,-314.28153846153845,7.417178003527131,68611,508.9,13.452104440528306,56150,755.3356643356643,-6.034926437001174,12461,-246.43566433566434,7.5336525285744225,62031,467.32,14.170852875190144,54366,770.4125874125874,-6.637200346615722,7665,-303.0925874125874,9.91601803768832,51713.29842795895,512.79,15.046425653600297,51682,777.6293706293706,-5.130407615911977,31.298427958950924,-264.8393706293706
K017A,2013,333,OLE,OLE,OLE03,OLE003,K 17,K017A,2013,Topaz,26.2,,26.2,0,0,0,1.2,0,27.4,0,0,0,0,0,2553,0,0,722,192,0,0,3467,132.32824427480915,0,45,0,0,0,0,0,0,0,0,0,0,,0,0,0,2553,959,0,3512,134.04580152671755,13,0,13,0.003701594533029613,K017A,2013.0,324,OLE003,K017A,26.2,0.2943615257048093,3618,2013,138.0916030534351,,0,0,,0,0,,0,0,2.6926432102355338,17195,46.3,,0,0,,17195,46.3,3.0827086456771613,40020,123.37,2.4975024975024973,35742,89.26573426573425,0.585206148174664,4278,34.10426573426575,4.122152060756037,46876,193.23,3.4965034965034962,45954,160.67832167832165,0.6256485642525411,922,32.55167832167834,5.766320474777448,40440,233.19,4.37062937062937,40848,178.5314685314685,1.395691104148078,-408,54.65853146853149,5.855839463491981,38471,225.28,5.400518313619814,50956,275.1888111888112,0.45532114987216765,-12485,-49.9088111888112,6.244586040313177,48024,299.89,6.919551853692909,53979,373.5104895104895,-0.6749658133797318,-5955,-73.6204895104895,6.29745878961196,43011,270.86,9.324055255089737,50750,473.19580419580416,-3.0265964654777777,-7739,-202.33580419580414,6.9418975865151324,39155,271.81,11.09406561898562,47813,530.4405594405595,-4.152168032470488,-8658,-258.63055944055947,7.2480016189416165,49415,358.16,12.344589523122998,45168,557.5804195804195,-5.096587904181382,4247,-199.4204195804195,7.780502520386913,51381,399.77,13.65821804911187,43157.5,589.4545454545455,-5.8777155287249565,8223.5,-189.6845454545455,9.974978853184405,42515.378352367516,424.09,14.839161865607057,40877,606.5804195804196,-4.864183012422652,1638.3783523675156,-182.49041958041965
K019A,2013,335,OLE,OLE,OLE03,OLE003,K 19,K019A,2013,Topaz,27.300000000000004,,27.300000000000004,0,0,0,1.9,0,29.200000000000003,0,0,0,0,0,2784,0,0,0,0,0,0,2784,101.97802197802196,0,468,0,76,0,0,0,0,0,0,0,0,,0,0,0,2784,544,0,3328,121.90476190476188,41,3,44,0.013221153846153846,K019A,2013.0,325,OLE003,K019A,27.300000000000004,0.2,3480,2013,127.47252747252745,,0,0,,0,0,,0,0,2.9213655936026246,19508,56.99,,0,0,,19508,56.99,3.4382519766242696,46544,160.03,2.4975024975024978,38976,97.34265734265735,0.9407494791217719,7568,62.687342657342654,4.24402884182064,53256,226.02,3.4965034965034967,50112,175.21678321678323,0.7475253453171433,3144,50.80321678321678,5.759818396574635,54184,312.09,4.370629370629371,44544,194.6853146853147,1.3891890259452637,9640,117.40468531468528,6.314345066798803,52471,331.32,6.118881118881119,44544,272.5594405594406,0.19546394791768407,7927,58.760559440559405,6.872777800482242,48938,336.34,8.391608391608392,41760,350.43356643356645,-1.5188305911261493,7178,-14.09356643356648,7.818047148366664,39153,306.1,11.48851148851149,38976,447.77622377622384,-3.670464340144826,177,-141.67622377622382,6.833381447267128,41568,284.05,13.448090371167295,36192,486.7132867132867,-6.614708923900166,5376,-202.6632867132867,7.808360156780311,45669,356.6,12.58951258951259,39960,503.0769230769231,-4.78115243273228,5709,-146.47692307692307,8.19234178016532,55287,452.93,12.500606563829386,41504,518.8251748251748,-4.308264783664066,13783,-65.89517482517482,9.802121325818403,45839.05718617344,449.32,13.278211150551575,39480,524.2237762237762,-3.4760898247331724,6359.0571861734425,-74.90377622377622
K020A,2013,337,OLE,OLE,OLE03,OLE003,K 20,K020A,2013,Topaz,12.7,,12.7,0,0,0,0,0,12.7,0,0,0,0,0,1243,0,0,0,374,0,0,1617,127.3228346456693,0,77,0,0,0,0,0,0,0,0,0,0,,0,0,0,1243,451,0,1694,133.38582677165354,1,0,1,0.0005903187721369539,K020A,2013.0,326,OLE003,K020A,12.7,0.2662337662337662,1694,2013,133.38582677165354,,0,0,,0,0,,0,0,3.122957286148991,8873,27.71,,0,0,,8873,27.71,3.498495346070404,28578,99.98,2.497502497502497,17402,43.46153846153845,1.0009928485679072,11176,56.51846153846155,4.140060676105172,27688,114.63,3.496503496503496,22374,78.23076923076923,0.6435571796016761,5314,36.39923076923077,5.629635443236667,25483,143.46,4.37062937062937,19888,86.9230769230769,1.2590060726072974,5595,56.5369230769231,6.77442123094297,21252,143.97,6.118881118881117,19888,121.69230769230766,0.6555401120618525,1364,22.277692307692334,6.957581667479278,20510,142.7,7.099303276180291,23881,169.53846153846152,-0.1417216087010127,-3371,-26.83846153846153,6.6424845898530105,21090,140.09,9.259200234587652,24134,223.46153846153842,-2.616715644734642,-3044,-83.37153846153842,6.7727226150220305,19518,132.19,10.994966285577311,22143,243.46153846153842,-4.22224367055528,-2625,-111.27153846153843,7.688738175977155,22412,172.32,11.676011676011676,21978,256.6153846153846,-3.9872735000345205,434,-84.29538461538459,8.127485089463221,24144,196.23,12.645582265835431,21290.5,269.2307692307692,-4.51809717637221,2853.5,-73.00076923076924,10.367309042605113,19860.505667752444,205.9,14.043302410314967,20141,282.84615384615375,-3.6759933677098537,-280.4943322475556,-76.94615384615375
K023A,2013,341,OLE,OLE,OLE03,OLE003,K 23,K023A,2013,Topaz,8.4,,8.4,0,0,0,0.3,0,8.700000000000001,0,0,0,0,0,1019,0,0,0,0,0,0,1019,121.30952380952381,0,0,0,0,0,0,0,0,0,0,0,0,,0,0,0,1019,0,0,1019,121.30952380952381,2,1,3,0.002944062806673209,K023A,2013.0,327,OLE003,K023A,8.4,0,1019,2013,121.30952380952381,,0,0,,0,0,,0,0,2.8592418454305024,3403,9.73,,0,0,,3403,9.73,3.5922162906836577,5807,20.86,2.4975024975024973,14266,35.62937062937063,1.0947137931811604,-8459,-14.769370629370627,4.234865470852018,7136,30.22,3.4965034965034967,18342,64.13286713286713,0.7383619743485212,-11206,-33.912867132867135,5.527420948616601,8096,44.75,4.37062937062937,16304,71.25874125874125,1.1567915779872306,-8208,-26.508741258741253,6.255481190860835,8666,54.21,6.118881118881118,16304,99.76223776223776,0.1366000719797169,-7638,-45.55223776223776,7.512125872471312,8453,63.5,8.391608391608392,15285,128.26573426573427,-0.8794825191370794,-6832,-64.76573426573427,4.46401280838367,13741,61.34,11.48851148851149,14266,163.8951048951049,-7.02449868012782,-525,-102.5551048951049,7.0873573309920985,9112,64.58,13.448090371167295,13247,178.14685314685315,-6.360733040175196,-4135,-113.56685314685315,6.997740538504989,10622,74.33,14.56876456876457,12228,178.14685314685315,-7.57102403025958,-1606,-103.81685314685315,7.7329244031830235,12064,93.29,15.202189115232594,11718.5,178.14685314685315,-7.46926471204957,345.5,-84.85685314685314,10.54952259518047,9626.028010631773,101.55,15.89319771137953,11209,178.14685314685315,-5.34367511619906,-1582.9719893682268,-76.59685314685315
J021A,2011,328,OLE,OLE,OLE03,OLE003,J 21,J021A,2011,Socfindo,29.199999999999996,,29.199999999999996,0,0,0,2.4,0,31.599999999999994,0,0,0,1452,948,1180,0,319,0,0,0,0,3899,133.527397260274,0,3,0,0,0,0,0,0,0,0,0,0,,0,0,0,1452,2450,0,3902,133.63013698630138,64,16,80,0.020502306509482315,,,,,,,,,,,,,,,,,,,,,,,,,,,,,,,,,,,,,,,,,,,,,,,,,,,,,,,,,,,,,,,,,,,,,,,,,,,,,,,,,,,,,,,,,,,,,,,,,,,,,,,,,,,,,,,,,,,,,,
L021B,2013,346,OLE,OLE,OLE03,OLE003,L 21,L021B,2013,Topaz,4,,4,0,0,0,0.3,0,4.3,0,0,0,0,0,399,0,0,0,0,0,0,399,99.75,0,0,0,27,0,0,0,0,0,0,0,0,,0,0,0,399,27,0,426,106.5,0,0,0,0,L021B,2013.0,328,OLE003,L021B,4,0.06338028169014084,426,2013,106.5,,0,0,,0,0,,0,0,,0,0,,0,0,,0,0,3.13921519620095,4001,12.56,2.4975024975024978,5586,13.951048951048952,0.641712698698452,-1585,-1.3910489510489512,4.621848739495798,2737,12.65,3.4965034965034967,7182,25.111888111888113,1.1253452429923012,-4445,-12.461888111888113,6.068762723365754,4421,26.83,4.370629370629371,6384,27.902097902097903,1.6981333527363836,-1963,-1.0720979020979051,7.183242506811989,2936,21.09,6.11888111888112,6384,39.06293706293707,1.0643613879308687,-3448,-17.972937062937067,7.311284046692607,5140,37.58,8.391608391608392,5985,50.22377622377623,-1.0803243449157849,-845,-12.643776223776229,7.054579673776662,6376,44.98,11.488511488511488,5586,64.17482517482517,-4.433931814734826,790,-19.194825174825176,7.855399633923124,3278,25.75,13.448090371167295,5187,69.75524475524476,-5.592690737244171,-1909,-44.00524475524476,6.818114547876276,6757,46.07,14.56876456876457,4788,69.75524475524476,-7.750650020888293,1969,-23.68524475524476,7.761856021835551,5862,45.5,14.235236222551233,4966.5,70.69930069930071,-6.473380200715682,895.5,-25.199300699300707,11.732974994727753,5279.990797546012,61.95,14.657342657342658,4875,71.45454545454545,-2.9243676626149053,404.9907975460119,-9.50454545454545
J022B,2016,330,OLE,OLE,OLE03,OLE003,J 22B,J022B,2016,Topaz,3.6944361937419994,,3.6944361937419994,0,0,0,0,0,3.6944361937419994,0,0,0,0,0,0,0,0,510,0,0,0,510,138.04542107504477,0,26,0,12,0,0,0,0,0,0,0,0,,0,0,0,510,38,0,548,148.33115833161673,6,0,6,0.010948905109489052,J022B,2016.0,329,OLE003,J022B,3.6944361937419994,0.06934306569343066,548,2016,148.33115833161673,,0,0,,0,0,,0,0,,0,0,,0,0,,0,0,,0,0,,0,0,,0,0,,0,0,,0,0,,0,0,,0,0,,0,0,,0,0,,0,0,2.4975024975024973,7140,17.83216783216783,,-7140,-17.83216783216783,3.700468018720749,3205,11.86,3.496503496503496,9180,32.09790209790209,0.20396452221725303,-5975,-20.237902097902094,2.9854522454142947,6324,18.88,4.37062937062937,8160,35.66433566433566,-1.3851771252150753,-1836,-16.78433566433566,6.632352941176471,2720,18.04,6.118881118881118,8160,49.930069930069926,0.5134718222953527,-5440,-31.890069930069927,6.518307020490426,5954,38.81,8.123895071736348,8014,65.10489510489509,-1.6055880512459213,-2060,-26.29489510489509,7.08843302878814,5801,41.12,10.813260813260811,7776,84.08391608391607,-3.724827784472671,-1975,-42.96391608391607,8.589547473920682,4820.975741239892,41.41,12.63209387693001,7262,91.73426573426573,-4.042546403009329,-2441.024258760108,-50.32426573426574
K019B,2017,336,OLE,OLE,OLE03,OLE003,K 19 B,K019B,2017,Topaz,2.3000000000000003,,2.3000000000000003,0,0,0,0,0,2.3000000000000003,0,0,0,0,0,0,0,0,0,299,0,0,299,129.99999999999997,0,12,0,15,0,0,0,0,0,0,0,0,,0,2,0,299,29,0,328,142.6086956521739,0,0,0,0,K019B,2017.0,332,OLE003,K019B,2.3000000000000003,0.08841463414634146,328,2017,142.6086956521739,,0,0,,0,0,,0,0,,0,0,,0,0,,0,0,,0,0,,0,0,,0,0,,0,0,,0,0,,0,0,,0,0,,0,0,,0,0,,0,0,,0,0,,0,0,2.6666666666666665,30,0.08,2.497502497502498,4186,10.454545454545457,0.16916416916416832,-4156,-10.374545454545457,2.162358937022206,2747,5.94,3.4965034965034976,5382,18.818181818181824,-1.3341445594812917,-2635,-12.878181818181822,4.716692189892802,1959,9.24,4.370629370629372,4784,20.909090909090914,0.3460628192634303,-2825,-11.669090909090913,5.857814336075205,5106,29.91,5.99602336274388,4952,29.692307692307693,-0.13820902666867507,154,0.21769230769230674,6.178057553956834,4448,27.48,7.924268767274267,4911,38.91608391608393,-1.7462112133174328,-463,-11.436083916083927,6.9552308223001,4648.30008176615,32.33,10.73023362179989,4648,49.87412587412589,-3.7750027994997897,0.3000817661495603,-17.54412587412589
K020B,2017,338,OLE,OLE,OLE03,OLE003,K 20B,K020B,2017,Socfin,15.829592783,,15.829592783,0,0,0,2.4,0,18.229592783,0,0,0,0,0,0,0,0,0,1817,0,0,1817,114.78501215466169,0,0,0,0,0,0,0,341,0,0,0,0,,0,72,0,1817,413,0,2230,140.8753864088583,0,0,0,0,K020B,2017.0,333,OLE003,K020B,15.829592783,0.1852017937219731,2230,2017,140.8753864088583,,0,0,,0,0,,0,0,,0,0,,0,0,,0,0,,0,0,,0,0,,0,0,,0,0,,0,0,,0,0,,0,0,,0,0,,0,0,,0,0,,0,0,,0,0,2.731707317073171,205,0.56,2.4975024975024973,25438,63.531468531468526,0.23420481957067363,-25233,-62.971468531468524,2.570329991239171,20546,52.81,3.4965034965034967,32706,114.35664335664336,-0.9261735052643258,-12160,-61.54664335664336,5.590363937138131,9672,54.07,4.37062937062937,29072,127.06293706293705,1.2197345665087607,-19400,-72.99293706293705,5.548620377943266,23231,128.9,6.118881118881118,29072,177.88811188811187,-0.5702607409378526,-5841,-48.98811188811186,5.8597188145032515,25677,150.46,8.391608391608392,27255,228.71328671328672,-2.53188957710514,-1578,-78.25328671328671,6.434443019365891,27610.78145618706,177.66,11.488511488511488,25438,292.24475524475525,-5.054068469145597,2172.781456187058,-114.58475524475526
K021A,2017,339,OLE,OLE,OLE03,OLE003,K 21,K021A,2017,Socfin,30.299999999999997,,30.299999999999997,0,0,0,1.2109026934,0,31.5109026934,0,0,0,0,0,0,0,0,0,3397,0,0,3397,112.11221122112212,0,1,0,0,0,0,0,814,0,0,0,0,,0,66,0,3397,881,0,4278,141.1881188118812,1,0,1,0.0002337540906965872,K021A,2017.0,334,OLE003,K021A,30.299999999999997,0.20593735390369333,4278,2017,141.1881188118812,,0,0,,0,0,,0,0,,0,0,,0,0,,0,0,,0,0,,0,0,,0,0,,0,0,,0,0,,0,0,,0,0,,0,0,,0,0,,0,0,,0,0,,0,0,2.1997755331088666,3564,7.84,2.4975024975024978,47558,118.77622377622377,-0.2977269643936311,-43994,-110.93622377622377,2.9266859172565356,39133,114.53,3.4965034965034962,61146,213.79720279720277,-0.5698175792469606,-22013,-99.26720279720277,5.57447710570944,28304,157.78,4.370629370629371,54352,237.55244755244755,1.2038477350800694,-26048,-79.77244755244755,5.958860032176511,43510,259.27,6.117948563594739,54366,332.60839160839157,-0.1590885314182282,-10856,-73.33839160839159,6.117726435565929,54839,335.49,8.389879792387001,50973,427.6573426573426,-2.2721533568210717,3866,-92.1673426573426,7.141885907304214,56333.85988265724,402.33,11.486117615516024,47574,546.4405594405594,-4.34423170821181,8759.859882657242,-144.11055944055937
K022A,2017,340,OLE,OLE,OLE03,OLE003,K 22,K022A,2017,Topaz/Socfin,31.200000000000003,,31.200000000000003,0,0,0,0.9,0,32.1,0,0,0,0,0,0,0,0,0,4108,0,0,4108,131.66666666666666,0,0,0,0,0,0,0,0,0,0,146,0,,0,0,0,4108,146,0,4254,136.34615384615384,1,0,1,0.00023507287259050304,K022A,2017.0,335,OLE003,K022A,31.200000000000003,0.03432063939821345,4254,2017,136.34615384615384,,0,0,,0,0,,0,0,,0,0,,0,0,,0,0,,0,0,,0,0,,0,0,,0,0,,0,0,,0,0,,0,0,,0,0,,0,0,,0,0,,0,0,,0,0,1.7606330365974283,4044,7.12,2.4975024975024978,57512,143.63636363636365,-0.7368694609050694,-53468,-136.51636363636365,2.8766989341938007,40908,117.68,3.4965034965034967,73944,258.54545454545456,-0.6198045623096959,-33036,-140.86545454545455,5.917624211037385,24716,146.26,4.370629370629371,65728,287.2727272727273,1.546994840408014,-41012,-141.01272727272732,5.849451519354432,39655,231.96,6.11888111888112,65728,402.18181818181824,-0.26942959952668843,-26073,-170.22181818181824,6.215505133429605,50551,314.2,8.391608391608392,61620,517.0909090909091,-2.1761032581787862,-11069,-202.89090909090913,7.161604466405159,54328.607761732856,389.08,11.488511488511488,57512,660.7272727272727,-4.3269070221063295,-3183.3922382671444,-271.64727272727276
K023B,2017,342,OLE,OLE,OLE03,OLE003,K 23 B,K023B,2017,Topaz,21.7,,21.7,0,0,0,1.1,0,22.8,0,0,0,0,0,0,0,0,0,2485,0,0,2485,114.51612903225806,0,0,0,0,0,0,0,205,0,0,0,0,,0,9,0,2485,214,0,2699,124.3778801843318,1,0,1,0.0003705075954057058,K023B,2017.0,336,OLE003,K023B,21.7,0.11910669975186104,2821,2017,130,,0,0,,0,0,,0,0,,0,0,,0,0,,0,0,,0,0,,0,0,,0,0,,0,0,,0,0,,0,0,,0,0,,0,0,,0,0,,0,0,,0,0,,0,0,2.8620452985586824,2914,8.34,2.4975024975024973,34790,86.88811188811188,0.3645428010561851,-31876,-78.54811188811188,2.787095738704759,24922,69.46,3.496503496503496,44730,156.3986013986014,-0.7094077577987368,-19808,-86.93860139860139,5.819049539557707,14877,86.57,4.37062937062937,39760,173.77622377622376,1.4484201689283367,-24883,-87.20622377622377,5.18282560904482,22289,115.52,6.118881118881118,39760,243.28671328671325,-0.9360555098362981,-17471,-127.76671328671326,6.034424315468344,26551,160.22,8.39160839160839,37275,312.7972027972028,-2.3571840761400455,-10724,-152.57720279720277,7.113909294579984,26602.813187987605,189.25,11.488511488511488,34790,399.68531468531467,-4.374602193931504,-8187.1868120123945,-210.43531468531467
L020A,2017,344,OLE,OLE,OLE03,OLE003,L 20,L020A,2017,Socfin,6.199999999999999,,6.199999999999999,0,0,0,0.264395123594,0,6.464395123594,0,0,0,0,0,0,0,0,0,643,0,0,643,103.70967741935485,0,0,0,0,0,0,0,233,0,0,0,0,,0,0,0,643,233,0,876,141.29032258064518,0,0,0,0,L020A,2017.0,337,OLE003,L020A,6.199999999999999,0.2659817351598174,876,2017,141.29032258064518,,0,0,,0,0,,0,0,,0,0,,0,0,,0,0,,0,0,,0,0,,0,0,,0,0,,0,0,,0,0,,0,0,,0,0,,0,0,,0,0,,0,0,,0,0,2.75,80,0.22,2.4975024975024978,9002,22.482517482517483,0.25249750249750225,-8922,-22.262517482517485,2.4693111494369484,9857,24.34,3.4965034965034962,11574,40.46853146853147,-1.0271923470665478,-1717,-16.128531468531467,5.721112076455256,4604,26.34,4.370629370629371,10288,44.96503496503497,1.3504827058258853,-5684,-18.625034965034967,6.766240542655883,7666,51.87,6.118881118881119,10288,62.95104895104896,0.6473594237747635,-2622,-11.081048951048963,6.256547691558046,8209,51.36,8.391608391608392,9645,80.93706293706293,-2.135060700050346,-1436,-29.577062937062934,5.931503306415333,8754.947492625368,51.93,11.488511488511488,9002,103.41958041958043,-5.557008182096155,-247.0525073746321,-51.48958041958043
L021A,2017,345,OLE,OLE,OLE03,OLE003,L 21B,L021A,2017,Socfin,7.8,,7.8,0,0,0,0.2,0,8,0,0,0,0,0,0,0,0,0,940,0,0,940,120.51282051282051,0,49,0,51,0,0,0,162,0,0,0,0,,0,0,0,940,262,0,1202,154.10256410256412,0,0,0,0,L021A,2017.0,338,OLE003,L021A,7.8,0.2179700499168053,1202,2017,154.10256410256412,,0,0,,0,0,,0,0,,0,0,,0,0,,0,0,,0,0,,0,0,,0,0,,0,0,,0,0,,0,0,,0,0,,0,0,,0,0,,0,0,,0,0,,0,0,3.667192429022082,1268,4.65,2.4975024975024973,13160,32.86713286713287,1.1696899315195846,-11892,-28.217132867132868,2.8401346580178997,12179,34.59,3.4965034965034962,16920,59.16083916083915,-0.6563688384855966,-4741,-24.57083916083915,5.595613889350391,6019,33.68,4.370629370629371,15040,65.73426573426573,1.22498451872102,-9021,-32.054265734265734,6.288165015827632,9793,61.58,5.960909242099626,15726,93.74125874125872,0.3272557737280062,-5933,-32.16125874125872,6.281137051870665,10237,64.3,7.848420692457389,15696,123.18881118881117,-1.5672836405867239,-5459,-58.888811188811175,7.072219618843522,10586.492506611814,74.87,10.619376586272024,14862,157.82517482517483,-3.547156967428502,-4275.507493388186,-82.95517482517482
L022A,2017,347,OLE,OLE,OLE03,OLE003,L 22B,L022A,2017,Socfin,8.23,,8.23,0,0,0,0.2,0,8.43,0,0,0,0,0,0,0,0,0,1048,0,0,1048,127.33900364520048,0,0,0,0,0,0,0,116,0,0,0,0,,0,0,0,1048,116,0,1164,141.43377885783718,0,0,0,0,L022A,2017.0,339,OLE003,L022A,8.23,0.09965635738831616,1164,2017,141.43377885783718,,0,0,,0,0,,0,0,,0,0,,0,0,,0,0,,0,0,,0,0,,0,0,,0,0,,0,0,,0,0,,0,0,,0,0,,0,0,,0,0,,0,0,,0,0,2.8512679917751886,1459,4.16,2.4975024975024978,14672,36.64335664335665,0.3537654942726909,-13213,-32.48335664335664,2.6643383779588667,12885,34.33,3.4965034965034962,18864,65.95804195804196,-0.8321651185446295,-5979,-31.628041958041962,5.645220588235294,5440,30.71,4.370629370629371,16768,73.2867132867133,1.2745912176059235,-11328,-42.57671328671329,6.098221191028616,10344,63.08,6.118881118881119,16768,102.6013986013986,-0.02065992785250348,-6424,-39.5213986013986,5.7234196143137055,9697,55.5,8.391608391608392,15720,131.91608391608392,-2.668188777294686,-6023,-76.41608391608392,6.34339586065961,15911.036015574302,100.93,11.488511488511488,14672,168.55944055944056,-5.145115627851878,1239.036015574302,-67.62944055944055
L023A,2017,349,OLE,OLE,OLE03,OLE003,L 23 B,L023A,2017,Topaz/Socfin,7.699999999999999,,7.699999999999999,0,0,0,0.5,0,8.2,0,0,0,0,0,0,0,0,0,904,0,0,904,117.40259740259741,0,0,0,0,0,0,0,158,0,0,0,0,,0,0,0,904,158,0,1062,137.92207792207793,2,0,2,0.0018832391713747645,L023A,2017.0,340,OLE003,L023A,7.699999999999999,0.1487758945386064,1062,2017,137.92207792207793,,0,0,,0,0,,0,0,,0,0,,0,0,,0,0,,0,0,,0,0,,0,0,,0,0,,0,0,,0,0,,0,0,,0,0,,0,0,,0,0,,0,0,,0,0,7.4,100,0.74,2.4975024975024973,12656,31.60839160839161,4.9024975024975035,-12556,-30.86839160839161,2.4806201550387597,10320,25.6,3.496503496503496,16272,56.895104895104886,-1.0158833414647361,-5952,-31.295104895104885,5.768647920525341,5939,34.26,4.370629370629371,14464,63.21678321678322,1.39801854989597,-8525,-28.956783216783222,5.012453300124533,9636,48.3,6.118881118881118,14464,88.50349650349649,-1.1064278187565852,-4828,-40.203496503496496,5.949397020572239,8458,50.32,8.39160839160839,13560,113.79020979020977,-2.4422113710361506,-5102,-63.47020979020977,6.30559380632491,13334.192239858907,84.08,11.488511488511486,12656,145.3986013986014,-5.182917682186576,678.1922398589068,-61.31860139860139
H026A,2010,356,OLE,OLE,OLE04,OLE004,H 26,H026A,2010,Socfindo,29.7,,29.7,0,0,0,1.53436085033,0,31.23436085033,0,0,1012,1277,885,646,33,109,0,0,0,0,3962,133.4006734006734,0,0,0,0,0,0,0,0,0,0,0,0,,0,0,0,1012,2950,0,3962,133.4006734006734,83,1,84,0.02120141342756184,H026A,2010.0,341,OLE004,H026A,29.7,0.7445734477536596,3962,2010,133.4006734006734,1.9579102004133135,41069,80.40941402077438,3.001680538113186,36094,108.34265734265733,-1.0437703376998724,4975,-27.933243321882955,2.79691731979536,76427,213.76,3.5309477987107525,51568,182.08391608391608,-0.7340304789153924,24859,31.67608391608391,3.072137815528173,83590,256.8,4.329107043480887,61598,266.6643356643357,-1.2569692279527138,21992,-9.86433566433567,4.511356298604677,71238,321.38,5.756440061829477,61862,356.1048951048951,-1.2450837632248,9376,-34.7248951048951,5.617103610876195,78042,438.37,7.6947694025056,59939,461.2167832167832,-2.0776657916294052,18103,-22.846783216783194,6.091781692550886,61363,373.81,9.908565224921224,57135,566.1258741258741,-3.816783532370338,4228,-192.31587412587413,6.765418115064641,51206,346.43,11.953317789805727,53097,634.6853146853147,-5.187899674741086,-1891,-288.25531468531466,7.265199992623601,54227,393.97,13.540148293917138,49750,673.6223776223776,-6.274948301293537,4477,-279.65237762237757,7.445639686684073,47875,356.46,14.635063971877477,46932.5,686.8601398601397,-7.189424285193404,942.5,-330.40013986013975,7.371909636331334,73171,539.41,15.511033319483072,44557.5,691.132867132867,-8.139123683151738,28613.5,-151.722867132867,8.146158998142369,79133,644.63,16.49203782562513,41999.5,692.6573426573425,-8.34587882748276,37133.5,-48.0273426573425,9.100465726337678,58393.71478121665,531.41,17.709253827071308,38313.5,678.5034965034965,-8.60878810073363,20080.21478121665,-147.09349650349657
L024B,2010,386,OLE,OLE,OLE04,OLE004,L 24,L024B,2010,Socfindo,12.9,,12.9,0,0,0,0.3,0,13.200000000000001,0,0,602,0,0,0,0,0,159,507,0,0,1268,98.29457364341086,0,0,0,0,0,0,0,0,0,0,0,0,,0,0,0,602,666,0,1268,98.29457364341086,0,0,0,0,L024B,2010.0,342,OLE004,L024B,12.9,0.5637681159420289,1380,2010,106.9767441860465,,0,0,3.4965034965034967,10836,37.88811188811189,,-10836,-37.88811188811189,,0,0,4.37062937062937,9632,42.09790209790209,,-9632,-42.09790209790209,6.829931972789115,4410,30.12,6.118881118881118,9632,58.93706293706293,0.7110508539079969,-5222,-28.817062937062932,5.197557471264368,13920,72.35,8.391608391608392,9030,75.77622377622377,-3.194050920344024,4890,-3.426223776223779,5.329842931937173,5730,30.54,11.488511488511486,8428,96.82517482517481,-6.158668556574313,-2698,-66.2851748251748,6.400084629218237,9453,60.5,11.023099463210883,10052,110.8041958041958,-4.623014833992646,-599,-50.3041958041958,7.199710564399421,6910,49.75,7.738537068146006,17184,132.979020979021,-0.5388265037465851,-10274,-83.22902097902099,5.5159474671669795,11193,61.74,7.974653217486542,18593,148.27272727272725,-2.458705750319562,-7400,-86.53272727272724,7.777777777777778,6390,49.7,9.044202700875925,17278,156.26573426573424,-1.266424923098147,-10888,-106.56573426573424,7.087166255328697,17828,126.35,10.399280823825954,16818,174.89510489510488,-3.3121145684972575,1010,-48.545104895104885,8.36046016190882,11735,98.11,12.51680795089155,15550,194.63636363636363,-4.15634778898273,-3815,-96.52636363636363,8.789629996172215,10927.649974097738,96.05,14.746286543725924,13981,206.16783216783216,-5.95665654755371,-3053.350025902262,-110.11783216783216
K023B,,343,OLE,OLE,OLE03,OLE003,K 23 B,K023B,,,0,,0,0,0,0,0,0,0,0,0,0,0,0,0,0,0,0,0,0,0,0,0,0,0,0,0,0,0,0,0,0,0,0,0,,0,0,0,0,0,0,0,0,0,0,0,0,,,,,,,,,,,,,,,,,,,,,,,,,,,,,,,,,,,,,,,,,,,,,,,,,,,,,,,,,,,,,,,,,,,,,,,,,,,,,,,,,,,,,,,,,,,,,,,,,,,,,,,,,,,,,,,,,,,,,,
H025A,2011,353,OLE,OLE,OLE04,OLE004,H 25A,H025A,2011,Socfindo,28.000000000000004,,28.000000000000004,0,0,0,2.42785091658,0,30.427850916580002,0,0,0,2563,348,292,70,34,0,0,0,0,3307,118.10714285714285,0,0,0,9,0,0,0,0,0,0,0,0,,0,0,0,2563,753,0,3316,118.42857142857142,36,10,46,0.013872135102533172,H025A,2011.0,343,OLE004,H025A,28.000000000000004,0.22708082026537996,3316,2011,118.42857142857142,1.9805676892085813,30866,61.132202295112066,2.4975024975024973,35882,89.61538461538461,-0.516934808293916,-5016,-28.483182320272547,2.7477439769626146,59729,164.12,3.4010807449226457,51006,173.47552447552445,-0.653336767960031,8723,-9.355524475524447,3.0578242404442992,79586,243.36,4.11492712894582,51360,211.34265734265733,-1.0571028885015208,28226,32.01734265734268,4.318576323376251,66251,286.11,5.606375749525033,52812,296.08391608391605,-1.2877994261487817,13439,-9.973916083916038,5.492602002690181,66910,367.51,7.590077560923042,50421,382.6993006993007,-2.097475558232861,16489,-15.189300699300702,6.1452139856734105,49279,302.83,10.349373608751371,47506,491.65734265734267,-4.2041596230779605,1773,-188.82734265734268,6.7963611924535545,41662,283.15,12.434383746693005,44235,550.0349650349651,-5.63802255423945,-2573,-266.88496503496515,7.1257813618361405,41914,298.67,13.867022582417341,40962,568.0209790209791,-6.741241220581201,952,-269.3509790209791,7.409871858186261,38473,285.08,14.780565703221823,38936.5,575.5034965034965,-7.370693845035563,-463.5,-290.42349650349655,7.073233377211288,62294,440.62,15.576953719059693,37085,577.6713286713288,-8.503720341848405,25209,-137.05132867132875,7.993023475063637,53035,423.91,16.292167085706115,35505.5,578.4615384615385,-8.299143610642478,17529.5,-154.55153846153843,9.19025951212256,47241.321034222616,434.16,17.757660802199688,32589.5,578.7132867132867,-8.567401290077127,14651.821034222616,-144.5532867132867
H027A,2011,357,OLE,OLE,OLE04,OLE004,H 27,H027A,2011,Socfindo,29.2,,29.2,0,0,0,1.50176848872,0,30.70176848872,0,0,0,2497,534,345,0,95,0,0,0,0,3471,118.86986301369863,0,0,0,0,0,0,0,0,0,0,0,0,,0,0,0,2497,974,0,3471,118.86986301369863,24,6,30,0.00864304235090752,H027A,2011.0,344,OLE004,H027A,29.2,0.28061077499279746,3471,2011,118.86986301369863,2.0308672870240243,47101,95.65588008611857,2.4975024975024978,34958,87.3076923076923,-0.46663521047847345,12143,8.348187778426265,2.7193125489172973,61328,166.77,3.3540340854064095,52422,175.8251748251748,-0.6347215364891121,8906,-9.055174825174788,3.311041778020858,80449,266.37,4.049834784842322,54394,220.28671328671328,-0.7387930068214645,26055,46.083286713286725,4.669709569512614,63974,298.74,5.548157103745155,54706,303.5174825174825,-0.8784475342325413,9268,-4.777482517482497,5.839599437807449,56920,332.39,7.455864160816004,52849,394.034965034965,-1.6162647230085554,4071,-61.644965034965026,6.450838844974996,49592,319.91,10.131627008793426,50198,508.5874125874125,-3.6807881638184305,-606,-188.67741258741245,7.242684853195597,39883,288.86,12.276902202275338,46632,572.4965034965036,-5.03421734907974,-6749,-283.63650349650356,7.909169013412248,41902,331.41,13.748042229640157,43256,594.6853146853147,-5.83887321622791,-1354,-263.27531468531464,7.362680891517904,37868,278.81,14.675029723709459,41033.5,602.1678321678321,-7.312348832191555,-3165.5,-323.3578321678321,7.233663238660176,62038,448.762,15.494383297239125,39078,605.4895104895105,-8.260720058578949,22960,-156.7275104895105,8.365885778940145,53913,451.03,16.270765030652413,37295,606.8181818181818,-7.904879251712268,16618,-155.78818181818178,9.257085739108414,50977.16638902499,471.9,17.71033845982406,34263.5,606.8181818181818,-8.453252720715648,16713.66638902499,-134.91818181818178
H028A,2011,358,OLE,OLE,OLE04,OLE004,H 28,H028A,2011,Socfindo,28.5,,28.5,0,0,0,1.60812985483,0,30.10812985483,0,0,0,1311,985,1217,0,36,0,0,0,0,3549,124.52631578947368,0,0,0,0,0,0,0,0,0,0,0,0,,0,0,0,1311,2238,0,3549,124.52631578947368,24,13,37,0.010425471963933503,H028A,2011.0,345,OLE004,H028A,28.5,0.6306001690617075,3549,2011,124.52631578947368,2.118942271421423,18311,38.79995193199768,2.4975024975024973,18354,45.83916083916084,-0.3785602260810741,-43,-7.039208907163157,2.4880820345183197,51393,127.87,3.1280370426620556,37388,116.95104895104895,-0.639955008143736,14005,10.918951048951058,3.2675360365716704,75687,247.31,3.5200878340947233,55744,196.22377622377624,-0.2525517975230529,19943,51.08622377622376,4.591379217948947,55981,257.03,4.6694378572554625,58642,273.8251748251748,-0.07805863930651569,-2661,-16.795174825174854,5.7783758764335795,58333,337.07,6.278193206226996,55401,347.8181818181818,-0.49981732979341675,2932,-10.74818181818182,6.277252658888501,65911,413.74,8.568400181388219,53249,456.2587412587412,-2.2911475224997178,12662,-42.518741258741215,6.5516320078372,44914,294.26,10.940090836998055,49664,543.3286713286714,-4.388458829160855,-4750,-249.06867132867137,8.79271502762693,42169,370.78,13.015196543180766,46151,600.6643356643356,-4.222481515553836,-3982,-229.8843356643356,7.220108695652174,40480,292.27,14.302544245328733,43257.5,618.6923076923076,-7.082435549676559,-2777.5,-326.42230769230764,7.244390900272241,63914,463.018,15.17386582186553,40856.5,619.951048951049,-7.929474921593289,23057.5,-156.933048951049,7.959565351199072,42241,336.22,15.883026455420477,39064,620.4545454545455,-7.923461104221405,3177,-284.23454545454547,9.794814523185684,38917.53121998078,381.19,16.94490237750015,36616,620.4545454545455,-7.1500878543144655,2301.5312199807813,-239.2645454545455
H029A,2011,359,OLE,OLE,OLE04,OLE004,H 29,H029A,2011,Socfindo,29.2,,29.2,0,0,0,1.44428075009,0,30.644280750089997,0,0,0,479,1873,60,0,88,0,0,0,0,2500,85.61643835616438,0,0,0,0,0,0,0,0,0,0,0,0,,0,0,0,479,2021,0,2500,85.61643835616438,22,2,24,0.0096,H029A,2011.0,346,OLE004,H029A,29.2,0.8359589041095891,2920,2011,100,2.0780590717299576,1896,3.94,2.4975024975024973,6706,16.748251748251747,-0.4194434257725397,-4810,-12.808251748251747,2.3684566481807114,36965,87.55,2.744701057179533,34844,95.63636363636364,-0.3762444089988217,2121,-8.086363636363643,2.880542569769089,56472,162.67,3.6353101633313862,42218,153.47552447552445,-0.7547675935622973,14254,9.194475524475536,4.467645313785909,52249,233.43,4.692352491484543,38712,181.65034965034965,-0.22470717769863402,13537,51.77965034965035,5.442735278563381,43491,236.71,6.377864098031845,39345,250.93706293706293,-0.9351288194684635,4146,-14.227062937062925,5.9765008852406245,31065,185.66,8.681665101533891,37345,324.2167832167832,-2.7051642162932668,-6280,-138.5567832167832,6.605210265924551,25872,170.89,11.471050456003129,34757,398.6993006993007,-4.865840190078577,-8885,-227.8093006993007,6.370402298850575,34800,221.69,13.277308562514932,32345,429.4545454545455,-6.906906263664357,2455,-207.7645454545455,7.257237680386405,33747,244.91,14.38465803836676,30084.5,432.7552447552448,-7.1274203579803554,3662.5,-187.8452447552448,7.191518298714144,48528,348.99,15.153845302834368,28760.5,435.83216783216784,-7.962327004120223,19767.5,-86.84216783216783,8.009977194982897,35080,280.99,15.912582129610145,27466.5,437.06293706293707,-7.902604934627249,7613.5,-156.07293706293706,9.427067770829002,33935.26044120797,319.91,16.85354324848406,25933,437.06293706293707,-7.426475477655057,8002.260441207967,-117.15293706293704
H030A,2011,360,OLE,OLE,OLE04,OLE004,H 30,H030A,2011,Socfindo,30.2,,30.2,0,0,0,1.80167603494,0,32.00167603494,0,0,0,1793,1146,160,289,0,0,0,0,0,3388,112.18543046357617,0,0,0,0,0,0,0,0,0,0,0,0,,0,0,0,1793,1595,0,3388,112.18543046357617,16,8,24,0.0070838252656434475,H030A,2011.0,347,OLE004,H030A,30.2,0.47077922077922074,3388,2011,112.18543046357617,1.9108220072814264,10622,20.29675136134331,2.4975024975024978,25102,62.69230769230769,-0.5866804902210714,-14480,-42.39555633096438,2.305123238260637,44913,103.53,3.1647850473132975,48318,152.91608391608392,-0.8596618090526604,-3405,-49.38608391608392,2.9627882918517616,65732,194.75,3.9395006421152745,51556,203.1048951048951,-0.9767123502635129,14176,-8.354895104895093,4.2007830076706405,56449,237.13,5.113125984303,53950,275.8531468531468,-0.9123429766323596,2499,-38.72314685314683,5.208524710637516,54430,283.5,6.930457499400568,52993,367.2657342657343,-1.721932788763052,1437,-83.7657342657343,6.280459599977797,54047,339.44,9.46944962225098,49476,468.5104895104895,-3.1889900222731837,4571,-129.0704895104895,6.7665362731152205,44992,304.44,11.777751540996253,46377,546.2167832167831,-5.011215267881032,-1385,-241.77678321678314,7.858296467944667,42723,335.73,13.396987064669494,42989,575.9230769230769,-5.538690596724827,-266,-240.1930769230769,7.377729146521451,39298,289.93,14.525976523630698,40497.5,588.2657342657342,-7.1482473771092465,-1199.5,-298.3357342657342,7.299701644593218,54968,401.25,15.353111597182204,38579,592.3076923076923,-8.053409952588986,16389,-191.05769230769226,8.066565305229833,48013,387.3,16.12138354969835,36740.5,592.3076923076923,-8.054818244468517,11272.5,-205.00769230769225,9.328666023456577,39813.838234331,371.41,17.34429552877576,34150,592.3076923076923,-8.015629505319183,5663.838234331,-220.89769230769224
I025A,2011,363,OLE,OLE,OLE04,OLE004,I 25,I025A,2011,Socfindo,28.1,,28.1,0,0,0,1.56657409542,0,29.666574095420003,0,0,0,999,1985,354,0,57,0,0,0,0,3395,120.81850533807828,0,0,0,0,0,0,0,0,0,0,0,0,,0,0,0,999,2396,0,3395,120.81850533807828,73,11,84,0.024742268041237112,I025A,2011.0,348,OLE004,I025A,28.1,0.7057437407952872,3395,2011,120.81850533807828,2.025844042221707,28813,58.37064438853405,2.4975024975024978,13986,34.93006993006993,-0.47165845528079053,14827,23.44057445846412,2.6984575874772614,65417,176.525,2.889970293623182,45772,132.2797202797203,-0.19151270614592075,19645,44.24527972027971,3.126299244536835,78892,246.64,3.655687880145265,56670,207.1678321678322,-0.5293886356084299,22222,39.4721678321678,4.490259860274277,54106,242.95,4.7840768884452824,54116,258.8951048951049,-0.29381702817100575,-10,-15.945104895104919,5.861111111111111,63720,373.47,6.518543947829568,53207,346.83216783216784,-0.6574328367184572,10513,26.637832167832187,6.4423500129004845,65889,424.48,8.895427578902634,50451,448.7832167832168,-2.4530775660021495,15438,-24.303216783216783,6.772197291039118,48801,330.49,11.541980434935605,46999,542.4615384615385,-4.769783143896486,1802,-211.97153846153844,8.48861050402181,44383,376.75,13.380266237507255,43661,584.1958041958043,-4.891655733485445,722,-207.44580419580427,7.337781923417283,41811,306.8,14.491206013449087,40765.5,590.7412587412588,-7.1534240900318045,1045.5,-283.94125874125876,7.468134686664269,63941,477.52,15.252087892808383,38862.5,592.7342657342658,-7.783953206144115,25078.5,-115.21426573426584,8.139820799880782,53683,436.97,15.98242883770599,37136.5,593.5314685314686,-7.842608037825208,16546.5,-156.56146853146856,9.199731497030202,49755.799954353526,457.74,17.001273768481813,34911,593.5314685314686,-7.801542271451611,14844.799954353526,-135.79146853146858
I026A,2011,364,OLE,OLE,OLE04,OLE004,I 26,I026A,2011,Socfindo,31.200000000000003,,31.200000000000003,0,0,0,1.35035125986,0,32.55035125986,0,0,0,1846,1387,652,0,63,0,0,0,0,3948,126.53846153846153,0,0,0,0,0,0,0,0,0,0,0,0,,0,0,0,1846,2102,0,3948,126.53846153846153,39,10,49,0.012411347517730497,I026A,2011.0,349,OLE004,I026A,31.200000000000003,0.5324214792299898,3948,2011,126.53846153846153,2.1181481951040286,26276,55.65646197455345,2.4975024975024973,25844,64.54545454545455,-0.3793543023984687,432,-8.888992570901095,2.554270815620926,70572,180.26,3.1280310313855124,52646,164.67832167832168,-0.5737602157645862,17926,15.58167832167831,3.049221717518964,88721,270.53,3.758947323303759,63630,239.1818181818182,-0.7097256057847949,25091,31.348181818181786,4.5940230310888825,64782,297.61,5.022615100769644,63464,318.7552447552447,-0.4285920696807617,1318,-21.145244755244676,5.702473691403581,73170,417.25,6.797030017501945,61196,415.951048951049,-1.0945563260983642,11974,1.2989510489509826,6.508644207066557,60850,396.051,9.263827300415809,58215,539.2937062937064,-2.7551830933492516,2635,-143.24270629370636,6.538516583777595,55898,365.49,11.664945636608246,54204,632.2867132867134,-5.126429052830652,1694,-266.7967132867134,7.7544666476740876,49142,381.07,13.439153306797738,50319,676.2447552447554,-5.684686659123651,-1177,-295.17475524475543,7.373115192731124,35879,264.54,14.528817061907944,47294,687.1258741258742,-7.15570186917682,-11415,-422.5858741258742,7.427533501153133,66341,492.75,15.33119091084062,44962.5,689.3286713286714,-7.903657409687487,21378.5,-196.57867132867136,8.265332357652829,50563,417.92,16.067457927923048,42957,690.2097902097903,-7.802125570270219,7606,-272.2897902097903,9.766430883840192,50354.11665214494,491.78,17.242959146852627,40028.5,690.2097902097903,-7.476528263012435,10325.616652144941,-198.42979020979033
I027A,2011,365,OLE,OLE,OLE04,OLE004,I 27,I027A,2011,Socfindo,29.7,,29.7,0,0,0,1.5155485359,0,31.2155485359,0,0,0,686,1458,1560,57,0,0,0,0,0,3761,126.63299663299664,0,0,0,0,0,0,0,0,0,0,0,0,,0,0,0,686,3075,0,3761,126.63299663299664,118,80,198,0.052645572985908,I027A,2011.0,350,OLE004,I027A,29.7,0.8176017016750865,3761,2011,126.63299663299664,2.0819835168639464,22299,46.426150442549144,2.4975024975024973,9604,23.986013986013987,-0.41551898063855086,12695,22.440136456535157,2.38499470851816,44411,105.92,2.874049027895182,32760,94.15384615384616,-0.48905431937702204,11651,11.766153846153841,2.8599849077313575,72885,208.45,3.2895313288134145,59060,194.27972027972027,-0.429546421082057,13825,14.170279720279723,4.421578350807594,56464,249.66,4.262190280360013,63182,269.2937062937063,0.15938807044758097,-6718,-19.633706293706297,5.585355954217063,61595,344.03,5.7339982345015565,59604,341.7692307692308,-0.1486422802844931,1991,2.260769230769199,6.32400354295837,62095,392.689,7.857102963997953,57346,450.57342657342656,-1.5330994210395827,4749,-57.88442657342654,6.942371772594394,48917,339.6,10.372052167660087,53642,556.3776223776224,-3.4296803950656924,-4725,-216.77762237762238,7.92152041177819,47987,380.13,12.688380162969686,49881,632.909090909091,-4.766859751191496,-1894,-252.779090909091,7.260055653933721,39530,286.99,14.13426338635645,46463,656.7202797202798,-6.874207732422729,-6933,-369.7302797202798,7.4006819702086695,61293,453.61,15.020731085061511,43774,657.5174825174826,-7.620049114852842,17519,-203.90748251748255,8.415215248110417,48688,409.72,15.705660635793206,41865,657.5174825174826,-7.290445387682789,6823,-247.79748251748254,9.696276971682297,45979.50340136054,445.83,16.58659441538495,39641.5,657.5174825174826,-6.890317443702655,6338.00340136054,-211.68748251748258
H024A,2013,351,OLE,OLE,OLE04,OLE004,H 24A,H024A,2013,Topaz,13.5,,13.5,0,0,0,0.248168917997,0,13.748168917997,0,0,0,0,0,1764,0,0,0,0,0,0,1764,130.66666666666666,0,0,0,42,0,0,0,0,0,0,0,0,,0,0,0,1764,42,0,1806,133.77777777777777,10,2,12,0.006644518272425249,H024A,2013.0,360,OLE004,H024A,13.5,0.023255813953488372,1806,2013,133.77777777777777,,0,0,,0,0,,0,0,,0,0,,0,0,,0,0,3.154099190283401,7904,24.93,2.4975024975024973,24696,61.67832167832167,0.6565966927809037,-16792,-36.74832167832167,4.643885964040926,20134,93.5,3.496503496503496,31752,111.020979020979,1.1473824675374305,-11618,-17.520979020979,5.197507321392086,29366,152.63,4.37062937062937,28224,123.35664335664335,0.8268779507627162,1142,29.27335664335665,6.446324104780714,26837,173,6.118881118881118,28224,172.6993006993007,0.3274429858995953,-1387,0.30069930069930706,6.120781376345916,23497,143.82,8.39160839160839,26460,222.041958041958,-2.2708270152624737,-2963,-78.221958041958,6.81954754330152,22632,154.34,11.488511488511486,24696,283.7202797202797,-4.668963945209966,-2064,-129.38027972027967,7.431921697838938,10319,76.69,13.448090371167293,22932,308.3916083916083,-6.016168673328355,-12613,-231.70160839160832,6.936912332722095,25631,177.8,14.568764568764566,21168,308.3916083916083,-7.631852236042471,4463,-130.5916083916083,7.567269519188355,27204,205.86,14.844310618958504,20874,309.8601398601398,-7.277041099770149,6330,-104.00013986013977,9.346521755929547,24565.28813559322,229.6,15.428321678321675,20160,311.03496503496496,-6.081799922392127,4405.288135593219,-81.43496503496496
I028A,2011,366,OLE,OLE,OLE04,OLE004,I 28,I028A,2011,Socfindo,29.6,,29.6,0,0,0,1.522750655,0,31.122750655,0,0,0,2745,367,317,0,160,0,0,0,0,3589,121.25,0,0,0,0,0,0,0,0,0,0,0,0,,0,0,0,2745,844,0,3589,121.25,25,4,29,0.008080245193647256,I028A,2011.0,351,OLE004,I028A,29.6,0.23516299804959598,3589,2011,121.25,1.83353302015466,20818,38.170490413579714,2.497502497502498,38430,95.979020979021,-0.6639694773478382,-17612,-57.80853056544129,2.2585936259898762,56699,128.06,3.4024053236489995,54548,185.59440559440563,-1.1438116976591233,2151,-57.53440559440563,2.8072542953064312,60764,170.58,4.114326834652867,54964,226.1398601398602,-1.3070725393464357,5800,-55.55986013986018,4.239823941708432,54073,229.26,5.664287782562316,55498,314.3566433566434,-1.4244638408538846,-1425,-85.09664335664343,5.661431247920715,57111,323.33,7.528041045949765,54359,409.21678321678326,-1.8666097980290495,2752,-85.88678321678327,6.2387031989671495,41826,260.94,10.191458280575015,51887,528.8041958041958,-3.952755081607865,-10061,-267.86419580419584,6.637269142975721,38552,255.88,12.256719972038432,48138,590.013986013986,-5.619450829062711,-9586,-334.13398601398603,6.933347719364498,37073,257.04,13.65958294093569,44709,610.7062937062938,-6.7262352215711925,-7636,-353.66629370629374,7.481224541751527,31424,235.09,14.581758771909975,42492.5,619.6153846153846,-7.1005342301584475,-11068.5,-384.5253846153846,7.248162265178328,58768,425.96,15.452731502114219,40459.5,625.2097902097902,-8.20456923693589,18308.5,-199.2497902097902,8.047197755086133,51316,412.95,16.26143715038363,38585,627.4475524475524,-8.214239395297499,12731,-214.49755244755244,9.085549605716281,48053.22946289504,436.59,17.755604517730273,35338,627.4475524475524,-8.670054912013992,12715.22946289504,-190.85755244755245
H024B,2016,352,OLE,OLE,OLE04,OLE004,H 24B,H024B,2016,Topaz,1.3,,1.3,0,0,0,0,0,1.3,0,0,0,0,0,0,0,0,117,0,0,0,117,90,0,0,0,0,0,0,0,0,0,0,0,0,,0,17,0,117,17,0,134,103.07692307692308,0,0,0,0,H024B,2016.0,374,OLE004,H024B,1.3,0.3076923076923077,169,2016,130,,0,0,,0,0,,0,0,,0,0,,0,0,,0,0,,0,0,,0,0,,0,0,,0,0,,0,0,,0,0,,0,0,,0,0,,0,0,,0,0,2.4975024975024978,1638,4.090909090909091,,-1638,-4.090909090909091,5.654450261780105,764,4.32,3.4965034965034962,2106,7.363636363636363,2.1579467652766087,-1342,-3.043636363636363,4.103585657370518,1506,6.18,4.370629370629371,1872,8.181818181818182,-0.267043713258853,-366,-2.001818181818182,5.790251107828656,677,3.92,6.118881118881118,1872,11.454545454545453,-0.3286300110524625,-1195,-7.534545454545453,5.751104565537555,1358,7.81,8.391608391608392,1755,14.727272727272727,-2.6405038260708364,-397,-6.917272727272727,6.1093038386467144,1537,9.39,11.488511488511488,1638,18.818181818181817,-5.379207649864774,-101,-9.428181818181816,7.611188791435391,1591.0786516853932,12.11,13.448090371167293,1521,20.454545454545453,-5.836901579731902,70.0786516853932,-8.344545454545454
I029A,2011,367,OLE,OLE,OLE04,OLE004,I 29,I029A,2011,Socfindo,29,,29,0,0,0,1.52193207386,0,30.52193207386,0,0,0,574,1290,1585,0,35,0,0,0,0,3484,120.13793103448276,0,0,0,0,0,0,0,0,0,0,0,0,,0,0,0,574,2910,0,3484,120.13793103448276,37,1,38,0.010907003444316877,I029A,2011.0,352,OLE004,I029A,29,0.8352468427095293,3484,2011,120.13793103448276,1.4827462400189946,9964,14.774083535549261,2.4975024975024973,8036,20.06993006993007,-1.0147562574835027,1928,-5.295846534380809,2.186588070503093,34268,74.93,2.8610442811626244,28392,81.23076923076924,-0.6744562106595313,5876,-6.300769230769234,2.7347668184700527,52041,142.32,3.237503237503238,54594,176.7482517482518,-0.5027364190331856,-2553,-34.428251748251796,4.312679769894535,50064,215.91,4.218405579066374,58354,246.1608391608392,0.0942741908281608,-8290,-30.250839160839206,5.512563187630092,53808,296.62,5.637175891259377,55100,310.6083916083916,-0.12461270362928456,-1292,-13.988391608391623,6.421521557762841,63527,407.94,7.7202660948164565,53376,412.0769230769232,-1.298744537053616,10151,-4.13692307692321,6.4967895469444565,44542,289.38,10.225047832605448,49857,509.7902097902098,-3.728258285660991,-5315,-220.41020979020982,9.240141153439971,38823,358.73,12.589009852412714,46408,584.2307692307693,-3.3488686989727423,-7585,-225.50076923076927,7.4631888935633155,35655,266.1,14.056088088163255,43211,607.3776223776224,-6.59289919459994,-7556,-341.2776223776224,7.0988329686360325,60324,428.23,14.968430079475604,40659,608.6013986013986,-7.869597110839572,19665,-180.3713986013986,7.990099215841255,48077,384.14,15.658065247391587,38899.5,609.090909090909,-7.667966031550332,9177.5,-224.95090909090902,9.781496514248204,42734.76961230894,418.01,16.527580090926357,36853,609.090909090909,-6.746083576678153,5881.769612308941,-191.08090909090902
I030A,2011,368,OLE,OLE,OLE04,OLE004,I 30,I030A,2011,Socfindo,29.900000000000002,,29.900000000000002,0,0,0,1.5547669794,0,31.454766979400002,0,0,0,66,977,1467,46,152,0,0,0,0,2708,90.5685618729097,0,0,0,0,0,0,0,777,0,0,0,0,,0,0,0,66,3419,0,3485,116.55518394648828,19,2,21,0.006025824964131995,I030A,2011.0,353,OLE004,I030A,29.900000000000002,0.9810616929698708,3485,2011,116.55518394648828,1.5464473468228879,17676,27.33500330244137,2.4975024975024978,924,2.307692307692308,-0.9510551506796099,16752,25.02731099474906,2.3177395318937557,34223,79.32,2.5773365609232686,14866,38.31468531468531,-0.25959702902951287,19357,41.00531468531468,2.7129283728229536,58623,159.04,2.99639105152122,39180,117.39860139860141,-0.2834626786982666,19443,41.64139860139858,4.315663647648384,43502,187.74,3.8575215995308363,43738,168.7202797202797,0.45814204811754733,-236,19.019720279720303,5.241944373002168,54434,285.34,4.988507427531818,43050,214.75524475524477,0.2534369454703498,11384,70.5847552447552,6.126347998059629,53598,328.36,6.8198386755402955,42523,290,-0.6934906774806668,11075,38.360000000000014,6.711784711602109,43811,294.05,9.279219609371463,39709,368.4685314685314,-2.5674348977693535,4102,-74.4185314685314,7.996315185175296,37451,299.47,11.815062981859743,37153,438.96503496503504,-3.8187477966844474,298,-139.49503496503502,7.469043207153152,33999,253.94,13.4967996212848,34478,465.34265734265733,-6.027756414131649,-479,-211.40265734265733,7.315332288836443,50423,368.861,14.595193759989447,32291.5,471.30069930069925,-7.279861471153004,18131.5,-102.43969930069926,8.133891366998917,54477,443.11,15.35180289010728,30838.5,473.4265734265734,-7.217911523108363,23638.5,-30.31657342657337,9.066485051680797,47471.539140762165,430.4,16.116374986862297,29375.5,473.4265734265734,-7.0498899351815005,18096.039140762165,-43.02657342657341
H025B,2016,354,OLE,OLE,OLE04,OLE004,H 25B,H025B,2016,Topaz,0.3,,0.3,0,0,0,0,0,0.3,0,0,0,0,0,0,0,0,30,0,0,0,30,100,0,0,0,0,0,0,0,0,0,0,0,0,,0,0,0,30,0,0,30,100,0,0,0,0,H025B,2016.0,375,OLE004,H025B,0.3,0.3,30,2016,100,,0,0,,0,0,,0,0,,0,0,,0,0,,0,0,,0,0,,0,0,,0,0,,0,0,,0,0,,0,0,,0,0,,0,0,,0,0,,0,0,2.4975024975024973,420,1.048951048951049,,-420,-1.048951048951049,5.677966101694915,236,1.34,3.4965034965034962,540,1.888111888111888,2.181462605191419,-304,-0.5481118881118878,3.3873873873873874,555,1.88,4.370629370629371,480,2.097902097902098,-0.9832419832419834,75,-0.21790209790209802,5.466321243523316,386,2.11,6.118881118881119,480,2.937062937062937,-0.6525598753578032,-94,-0.8270629370629372,6.04221635883905,379,2.29,8.391608391608392,450,3.776223776223776,-2.349392032769342,-71,-1.4862237762237758,6.269230769230769,520,3.26,11.488511488511488,420,4.825174825174825,-5.219280719280719,100,-1.5651748251748252,8.062031923746122,617.7102803738318,4.98,13.448090371167293,390,5.244755244755244,-5.386058447421171,227.71028037383178,-0.2647552447552437
J024A,2011,369,OLE,OLE,OLE04,OLE004,J 24,J024A,2011,Socfindo,32.599999999999994,,32.599999999999994,0,0,0,1.90836773377,0,34.508367733769994,0,0,0,623,2898,679,41,0,0,0,0,0,4241,130.09202453987731,0,0,0,0,0,0,0,0,0,0,0,0,,0,0,0,623,3618,0,4241,130.09202453987731,109,37,146,0.034425842961565666,J024A,2011.0,354,OLE004,J024A,32.599999999999994,0.8531006838009904,4241,2011,130.09202453987731,2.234279346575566,8595,19.203630983816986,2.4975024975024973,8722,21.78321678321678,-0.2632231509269314,-127,-2.579585799399794,2.721431893945267,51596,140.415,2.7138311809844655,51786,140.53846153846152,0.007600712960801559,-190,-0.12346153846152674,3.028424537982249,94531,286.28,3.4855705170342657,71638,249.69930069930072,-0.4571459790520165,22893,36.58069930069925,4.285834043563914,71573,306.75,4.452615023696433,69132,307.8181818181818,-0.1667809801325193,2441,-1.068181818181813,5.27938646441639,82538,435.75,6.123491007989262,67315,412.20279720279717,-0.8441045435728718,15223,23.54720279720283,6.09123206763705,66709,406.34,8.38662530337568,63712,534.3286713286714,-2.29539323573863,2997,-127.98867132867139,6.538980163940243,56362,368.55,11.165991556501034,59512,664.5104895104895,-4.6270113925607905,-3150,-295.9604895104895,7.511565802835973,53174,399.42,13.20638435943026,55271,729.9300699300699,-5.694818556594287,-2097,-330.51006993006985,7.300494730049473,41841,305.46,14.430044697956617,51341.5,740.8601398601397,-7.129549967907145,-9500.5,-435.40013986013975,7.533398064753742,59734,450,15.174342858999333,48861,741.4335664335664,-7.640944794245591,10873,-291.4335664335664,8.42482139345874,61028,514.15,15.869725308937637,46720,741.4335664335664,-7.444903915478896,14308,-227.28356643356642,8.667699753009602,59373.30718237096,514.63,16.741184213185658,44288,741.4335664335664,-8.073484460176056,15085.307182370962,-226.8035664335664
H025C,0,355,OLE,OLE,OLE04,OLE004,H 25B,H025C,0,0,0,,0,0,0,0,0,0,0,0,0,0,0,0,0,0,0,0,0,0,0,0,0,0,0,0,0,0,0,0,0,0,0,0,0,,0,0,0,0,0,0,0,0,0,0,0,0,,,,,,,,,,,,,,,,,,,,,,,,,,,,,,,,,,,,,,,,,,,,,,,,,,,,,,,,,,,,,,,,,,,,,,,,,,,,,,,,,,,,,,,,,,,,,,,,,,,,,,,,,,,,,,,,,,,,,,
J025A,2011,370,OLE,OLE,OLE04,OLE004,J 25,J025A,2011,Socfindo,26.4,,26.4,0,0,0,1.47509476506,0,27.87509476506,0,0,0,830,2014,299,19,88,0,0,0,0,3250,123.10606060606061,0,0,0,0,0,0,0,0,0,0,0,0,,0,76,0,830,2496,0,3326,125.9848484848485,47,21,68,0.020444978953698137,J025A,2011.0,355,OLE004,J025A,26.4,0.7446153846153846,3250,2011,123.10606060606061,2.1531804034550674,20390,43.90334842644882,2.497502497502497,11620,29.020979020979013,-0.3443220940474294,8770,14.88236940546981,2.6651006850307333,48319,128.775,2.8435029362329063,43136,122.65734265734264,-0.178402251202173,5183,6.117657342657367,2.968185680900786,75312,223.54,3.6347546120806475,53718,195.2517482517482,-0.6665689311798615,21594,28.28825174825178,4.248042434958323,59385,252.27,4.722795190421089,51152,241.58041958041954,-0.47475275546276663,8233,10.689580419580466,5.686621371990356,63878,363.25,6.404455397244235,51032,326.83216783216784,-0.7178340252538788,12846,36.41783216783216,6.411624804222983,51717,331.59,8.724317618796196,48502,423.14685314685306,-2.3126928145732126,3215,-91.55685314685309,6.903861037062516,46516,321.14,11.39112751887468,45183,514.6853146853147,-4.4872664818121635,1333,-193.54531468531468,7.875633017146089,38901,306.37,13.238635427540974,42021,556.3006993006993,-5.363002410394885,-3120,-249.9306993006993,7.306071527585251,36070,263.53,14.382901842708915,39186,563.6083916083916,-7.076830315123663,-3116,-300.0783916083916,7.469200204222069,45049,336.48,15.176161704348436,37358,566.9510489510488,-7.706961500126367,7691,-230.47104895104883,8.34620463366812,49982,417.16,15.924601470923584,35679.5,568.181818181818,-7.578396837255463,14302.5,-151.021818181818,9.790614965237731,43680.60653170786,427.66,16.91243821886318,33595.5,568.181818181818,-7.121823253625449,10085.106531707861,-140.521818181818
J026A,2011,371,OLE,OLE,OLE04,OLE004,J 26,J026A,2011,Socfindo,31.5,,31.5,0,0,0,1.55509890923,0,33.05509890923,0,0,0,535,3029,205,0,149,0,0,0,0,3918,124.38095238095238,0,0,0,0,0,0,0,0,0,0,0,0,,0,212,0,535,3595,0,4130,131.11111111111111,48,21,69,0.016707021791767553,J026A,2011.0,356,OLE004,J026A,31.5,0.8634507401735579,3918,2011,124.38095238095238,2.3443503194003643,11346,26.598998723916534,2.497502497502497,7490,18.706293706293703,-0.15315217810213255,3856,7.892705017622831,2.7779154929577463,44375,123.27,2.6823818045280117,52036,139.5804195804196,0.09553368842973464,-7661,-16.310419580419605,3.1198910081743865,82942,258.77,3.566484461680968,65952,235.2167832167832,-0.44659345350658164,16990,23.553216783216783,4.251393935827461,67973,288.98,4.563986923903912,60714,277.09790209790214,-0.3125929880764513,7259,11.882097902097883,5.5614214495717755,78230,435.07,6.198909812198955,61855,383.43356643356634,-0.6374883626271792,16375,51.63643356643365,6.131556893882363,70403,431.68,8.435974506584317,58887,496.7692307692308,-2.304417612701955,11516,-65.08923076923077,6.787909836065574,52704,357.75,11.253868349818731,54820,616.9370629370628,-4.465958513753157,-2116,-259.1870629370628,8.141345616435716,51887,422.43,13.136596024296558,51051,670.6363636363636,-4.995250407860842,836,-248.20636363636362,7.365339320698232,45429,334.6,14.29671266487334,47400.5,677.6713286713288,-6.931373344175108,-1971.5,-343.07132867132873,7.670488879181683,54942,421.432,15.086461109282528,45264.5,682.8811188811189,-7.415972230100845,9677.5,-261.4491188811189,8.404059402061048,51042,428.96,15.844302351669752,43231,684.965034965035,-7.440242949608704,7811,-256.005034965035,9.549489170158388,44561.545902349244,425.54,16.735036280601882,40930,684.965034965035,-7.185547110443494,3631.545902349244,-259.42503496503497
J027A,2011,372,OLE,OLE,OLE04,OLE004,J 27,J027A,2011,Socfindo,30.5,,30.5,0,0,0,1.47178683438,0,31.97178683438,0,0,0,1586,1710,268,0,8,0,0,0,0,3572,117.11475409836065,0,0,0,0,0,0,0,0,0,0,0,0,,0,82,0,1586,2068,0,3654,119.80327868852459,9,3,12,0.003284072249589491,J027A,2011.0,357,OLE004,J027A,30.5,0.5559910414333706,3572,2011,117.11475409836065,1.2506568012315304,10293,12.873010455076143,2.4975024975024978,22204,55.45454545454546,-1.2468456962709673,-11911,-42.58153499946932,2.4785840471984266,30001,74.36,3.040854892706745,52488,159.60839160839163,-0.5622708455083183,-22487,-85.24839160839163,2.7174790285895964,81778,222.23,3.80420140719266,59908,227.9020979020979,-1.0867223786030635,21870,-5.672097902097903,4.000198965380024,60312,241.26,5.068107708830433,57560,291.72027972027973,-1.0679087434504089,2752,-50.46027972027974,5.474903995149228,74215,406.32,6.949953736632405,55550,386.0699300699301,-1.4750497414831765,18665,20.250069930069913,6.079721633718238,71273,433.32,9.506883737079201,52286,497.0769230769231,-3.4271621033609634,18987,-63.7569230769231,6.599935013358365,55396,365.61,12.043719430899651,48706,586.6013986013985,-5.443784417541286,6690,-220.9913986013985,8.760827878066522,45369,397.47,13.736916576843917,45142,620.1118881118881,-4.976088698777396,227,-222.64188811188808,7.255508789304283,40390,293.05,14.731815879043413,42363,624.083916083916,-7.47630708973913,-1973,-331.03391608391604,7.558907733565268,55188,417.161,15.439640850753886,40439,624.3636363636364,-7.880733117188618,14749,-207.20263636363637,8.268453318655455,52687,435.64,16.15761143821378,38649,624.4755244755245,-7.889158119558326,14038,-188.8355244755245,9.279271635438098,47858.28214188638,444.09,17.31479854920214,36066,624.4755244755245,-8.035526913764043,11792.282141886382,-180.3855244755245
K024A,2011,376,OLE,OLE,OLE04,OLE004,K 24,K024A,2011,Socfindo,28.5,,28.5,0,0,0,2.38379181388,0,30.88379181388,0,0,0,1287,1937,196,0,562,0,0,0,0,3982,139.71929824561403,0,7,0,0,0,0,0,0,0,0,0,0,,0,0,0,1287,2702,0,3989,139.96491228070175,15,4,19,0.004763098520932565,K024A,2011.0,358,OLE004,K024A,28.5,0.6773627475557784,3989,2011,139.96491228070175,2.1484375,2048,4.4,2.4975024975024973,18018,45,-0.3490649975024973,-15970,-40.6,2.244146734493981,31649,71.025,2.957745460330775,50284,148.7272727272727,-0.713598725836794,-18635,-77.70227272727269,2.865491380149995,61602,176.52,3.758672172128754,58202,218.76223776223776,-0.8931807919787591,3400,-42.24223776223775,4.42953897338403,42080,186.395,4.967887389138659,55112,273.79020979020976,-0.538348415754629,-13032,-87.39520979020975,5.107712139616748,40339,206.04,6.2803707442457215,61301,384.993006993007,-1.1726586046289738,-20962,-178.953006993007,5.542684667781539,49034,271.78,8.377581804850765,60325,505.3776223776224,-2.834897137069226,-11291,-233.59762237762243,5.988935339324605,39947,239.24,10.76562776783282,55781,600.5174825174824,-4.776692428508214,-15834,-361.27748251748244,6.15224778684444,46201,284.24,12.417291842818473,52361,650.1818181818181,-6.265044055974033,-6160,-365.9418181818181,7.3952169964499,36337,268.72,13.639519743859589,49022.5,668.6433566433567,-6.244302747409689,-12685.5,-399.92335664335667,7.365543205449982,44624,328.68,14.72793791592521,46750.5,688.5384615384615,-7.362394710475228,-2126.5,-359.85846153846154,8.240061927963207,43922,361.92,15.651520690110559,44506.5,696.5944055944057,-7.411458762147351,-584.5,-334.67440559440564,8.550344050364396,45851.95609564877,392.05,16.7554983919801,41577,696.6433566433567,-8.205154341615705,4274.956095648769,-304.5933566433567
K025A,2011,378,OLE,OLE,OLE04,OLE004,K 25,K025A,2011,Socfindo,23.7,,23.7,0,0,0,2.3,0,26,0,0,0,386,2065,306,0,95,0,0,0,0,2852,120.33755274261604,0,0,0,68,0,0,0,0,0,0,0,0,,0,0,0,386,2534,0,2920,123.20675105485232,46,8,54,0.018493150684931507,K025A,2011.0,359,OLE004,K025A,23.7,0.8748378728923476,3084,2011,130.126582278481,4.744854686707353,7421,35.211566630055266,2.4975024975024978,5404,13.496503496503497,2.2473521892048556,2017,21.71506313355177,2.268905950095969,26050,59.105,2.6910732192677638,35858,96.49650349650348,-0.4221672691717946,-9808,-37.39150349650348,2.7881040892193307,53800,150,3.5199945970468742,47630,167.6573426573426,-0.7318905078275435,6170,-17.65734265734261,4.250314573324182,34968,148.625,4.504394630501418,44724,201.4545454545454,-0.2540800571772355,-9756,-52.82954545454541,5.277985273716785,37484,197.84,6.114069701605214,45056,275.4755244755245,-0.8360844278884283,-7572,-77.63552447552448,5.959387530189697,42647,254.15,8.327347887659624,42985,357.9510489510489,-2.3679603574699266,-338,-103.8010489510489,6.4993557280273295,33371,216.89,11.108852184830004,40038,444.77622377622373,-4.609496456802675,-6667,-227.88622377622374,7.3910047044017615,33373,246.66,13.06332947115115,37281,487.01398601398597,-5.672324766749388,-3908,-240.35398601398597,7.351774801716291,30764,226.17,14.266970393132947,34622,493.9510489510489,-6.915195591416656,-3858,-267.7810489510489,7.230044420514201,37145,268.56,15.070925649640927,32995.5,497.2727272727272,-7.840881229126726,4149.5,-228.7127272727272,8.1142428865869,37359,303.14,15.42708077166413,32474,500.97902097902096,-7.312837885077229,4885,-197.83902097902097,8.85564271583836,34168.045133396605,302.58,16.180476483891916,31079.5,502.8811188811188,-7.324833768053555,3088.545133396605,-200.30111888111884
I024A,2013,361,OLE,OLE,OLE04,OLE004,I 24,I024A,2013,Topaz,18.7,,18.7,0,0,0,1.2,0,19.9,0,0,0,0,0,2060,532,0,0,0,0,0,2592,138.6096256684492,0,0,0,0,0,0,0,0,0,0,0,0,,0,0,0,2060,532,0,2592,138.6096256684492,40,7,47,0.018132716049382717,I024A,2013.0,361,OLE004,I024A,18.7,0.2052469135802469,2592,2013,138.6096256684492,,0,0,,0,0,,0,0,2.4190753060882204,17887,43.27,,0,0,,17887,43.27,2.907318582701532,38778,112.74,2.4975024975024973,28840,72.02797202797203,0.4098160851990347,9938,40.71202797202797,4.409235889613091,28844,127.18,3.3294050541625104,44528,148.25174825174827,1.079830835450581,-15684,-21.07174825174826,5.408085041140696,39134,211.64,4.173840077545175,42536,177.53846153846155,1.234244963595521,-3402,34.10153846153844,6.000889888061449,42702,256.25,5.760057843391177,41472,238.88111888111888,0.24083204467027208,1230,17.36888111888112,6.822191789547438,31399,214.21,7.90075650524245,39412,311.3846153846154,-1.0785647156950118,-8013,-97.17461538461541,6.86636632156816,33517,230.14,10.817319562566711,36820,398.2937062937063,-3.950953240998551,-3303,-168.1537062937063,7.439038618597596,17142,127.52,13.02168673911107,34228,445.7062937062937,-5.582648120513474,-17086,-318.1862937062937,7.28982747677572,34662,252.68,14.323772068113957,31636,453.1468531468532,-7.033944591338237,3026,-200.46685314685317,8.190403605275366,30178,247.17,15.067728042390542,30074,453.1468531468532,-6.877324437115176,104,-205.9768531468532,9.524397062009456,29104.20451764706,277.2,15.746294153410702,28778,453.1468531468532,-6.221897091401246,326.20451764706013,-175.9468531468532
I024B,2017,362,OLE,OLE,OLE04,OLE004,I 24B,I024B,2017,Topaz,10.2,,10.2,0,0,0,0.6000000000000001,0,10.799999999999999,0,0,0,0,0,0,0,0,0,1218,0,0,1218,119.41176470588236,0,0,0,35,0,0,0,187,0,0,0,0,,0,0,0,1218,222,0,1440,141.1764705882353,0,0,0,0,I024B,2017.0,376,OLE004,I024B,10.2,0.15416666666666667,1440,2017,141.1764705882353,,0,0,,0,0,,0,0,,0,0,,0,0,,0,0,,0,0,,0,0,,0,0,,0,0,,0,0,,0,0,,0,0,,0,0,,0,0,,0,0,,0,0,,0,0,1.8358714043993232,1182,2.17,2.497502497502498,17052,42.587412587412594,-0.661631093103175,-15870,-40.41741258741259,2.944606413994169,11662,34.34,3.4965034965034962,21924,76.65734265734265,-0.5518970825093272,-10262,-42.31734265734265,5.807539682539683,5040,29.27,4.370629370629372,19488,85.17482517482519,1.436910311910311,-14448,-55.90482517482519,5.839280993920169,7566,44.18,6.118881118881119,19488,119.24475524475525,-0.2796001249609503,-11922,-75.06475524475525,6.744534665833854,8005,53.99,8.237657864523536,18760,154.53846153846152,-1.4931231986896822,-10755,-100.54846153846151,7.384544942328073,10943.125220458554,80.81,11.203760609936381,17682,198.1048951048951,-3.819215667608308,-6738.874779541446,-117.29489510489509
J028A,2013,373,OLE,OLE,OLE04,OLE004,J 28,J028A,2013,Topaz,28.700000000000003,,28.700000000000003,0,0,0,1.5155016284,0,30.215501628400002,0,0,0,0,0,3178,0,155,0,0,0,0,3333,116.13240418118465,0,45,0,30,0,0,0,0,0,0,0,0,,0,129,0,3178,359,0,3537,123.24041811846689,15,1,16,0.004523607577042691,J028A,2013.0,362,OLE004,J028A,28.700000000000003,0.09329529243937232,3505,2013,122.12543554006967,,0,0,,0,0,,0,0,2.1885829803619563,20776,45.47,,0,0,,20776,45.47,2.614661134163209,54225,141.78,2.4975024975024978,44492,111.11888111888112,0.11715863666071114,9733,30.66111888111888,4.278623738083198,53391,228.44,3.4965034965034967,57204,200.01398601398603,0.7821202415797011,-3813,28.42601398601397,5.330407847186371,58110,309.75,4.293963232436958,53018,227.65734265734267,1.0364446147494126,5092,82.09265734265733,6.050524789611372,63454,383.93,5.982477196914724,53638,320.88811188811195,0.06804759269664817,9816,63.041888111888056,6.5379172563056684,48052,314.16,8.192764364249909,50150,410.8671328671329,-1.6548471079442404,-2098,-96.70713286713288,7.822461991172143,44858,350.9,11.205008905766803,46972,526.3216783216783,-3.38254691459466,-2114,-175.4216783216783,7.466188329417741,31498,235.17,13.17869096690793,43639,575.1048951048951,-5.712502637490188,-12141,-339.9348951048952,7.443568033867167,50078,372.759,14.219706422168803,40936,582.0979020979022,-6.776138388301637,9142,-209.33890209790218,8.379867159845682,50286,421.39,14.740988806127527,39792,586.5734265734266,-6.361121646281845,10494,-165.18342657342657,9.392106126308597,43697.33417410866,410.41,15.434825167479193,38078,587.7272727272727,-6.042719041170596,5619.334174108662,-177.31727272727272
J029A,2013,374,OLE,OLE,OLE04,OLE004,J 29,J029A,2013,Topaz,29.5,,29.5,0,0,0,2.02525176421,0,31.52525176421,0,0,0,0,0,3102,0,152,0,0,0,0,3254,110.30508474576271,0,381,0,0,0,0,0,0,0,0,0,0,,0,178,0,3102,711,0,3813,129.25423728813558,9,0,9,0.0023603461841070024,J029A,2013.0,363,OLE004,J029A,29.5,0.1466299862448418,3635,2013,123.22033898305085,,0,0,,0,0,,0,0,2.020241593209272,15315,30.94,,0,0,,15315,30.94,2.559939341647711,38247,97.91,2.4975024975024978,43428,108.46153846153847,0.06243684414521322,-5181,-10.55153846153847,4.134387526853144,45153,186.68,3.4965034965034962,55836,195.23076923076923,0.6378840303496474,-10683,-8.55076923076922,5.145189431704885,48144,247.71,4.2936198268501204,51760,222.23776223776224,0.851569604854765,-3616,25.472237762237768,6.02666029051348,50187,302.46,5.981873305429676,52368,313.2587412587413,0.04478698508380319,-2181,-10.798741258741302,6.519518663831839,45623,297.44,8.191881644763471,48962,401.09090909090907,-1.6723629809316325,-3339,-103.65090909090907,6.7591154162478295,43772,295.86,11.203754814744785,45860,513.8041958041958,-4.444639398496956,-2088,-217.94419580419583,7.443839346494213,29380,218.7,13.17749986951508,42606,561.4405594405595,-5.733660523020866,-13226,-342.7405594405595,7.453106936416185,55360,412.604,12.981178066439671,44686,580.0769230769231,-5.528071130023487,10674,-167.4729230769231,8.181478053679381,50783,415.48,13.320604396165546,44507,592.86013986014,-5.139126342486165,6276,-177.38013986013993,9.25166133660949,44789.793413672465,414.38,14.164989189964215,42042,595.5244755244755,-4.913327853354724,2747.7934136724652,-181.14447552447552
J030A,2013,375,OLE,OLE,OLE04,OLE004,J 30,J030A,2013,Topaz,29.5,,29.5,0,0,0,1.89801992777,0,31.39801992777,0,0,0,0,0,2894,0,297,0,0,0,0,3191,108.16949152542372,0,431,0,0,0,0,0,0,0,0,0,0,,0,0,0,2894,728,0,3622,122.77966101694915,25,0,25,0.006902263942573164,J030A,2013.0,364,OLE004,J030A,29.5,0.23520084566596194,3784,2013,128.27118644067798,,0,0,,0,0,,0,0,2.161698652511229,12245,26.47,,0,0,,12245,26.47,2.979199727952845,35288,105.13,2.4975024975024973,40516,101.18881118881119,0.48169723045034774,-5228,3.941188811188809,4.211584276354973,40296,169.71,3.4965034965034962,52092,182.13986013986013,0.7150807798514767,-11796,-12.429860139860125,5.084120317545095,41191,209.42,4.216286270108949,50462,212.76223776223776,0.8678340474361459,-9271,-3.3422377622377724,5.988783549205501,52423,313.95,5.847453611248382,51650,302.020979020979,0.1413299379571189,773,11.929020979021004,6.559286763505794,49016,321.51,7.994870459053839,48162,385.04895104895104,-1.4355836955480452,854,-63.53895104895105,6.704784346339547,43287,290.23,10.92483552499458,45268,494.54545454545456,-4.220051178655032,-1981,-204.31545454545454,7.394175017595603,29837,220.62,12.91272360977901,42077,543.3286713286714,-5.518548592183406,-12240,-322.70867132867136,7.148446872519887,54181,387.31,12.662137506304916,44920,568.7832167832169,-5.513690633785028,9261,-181.47321678321686,8.176575238020762,51151,418.24,13.028797483140469,44900,584.993006993007,-4.852222245119707,6251,-166.75300699300703,9.203365777558162,47260.970661475076,434.96,13.90284657414747,42294,588.0069930069931,-4.699480796589308,4966.970661475076,-153.0469930069931
K026A,2013,379,OLE,OLE,OLE04,OLE004,K 26,K026A,2013,Topaz,32.699999999999996,,32.699999999999996,0,0,0,2.05469479456,0,34.754694794559995,0,0,0,0,0,3233,0,249,0,0,0,0,3482,106.48318042813457,0,0,0,674,0,0,0,0,0,0,0,0,,0,0,0,3233,923,0,4156,127.0948012232416,14,2,16,0.0038498556304138597,K026A,2013.0,365,OLE004,K026A,32.699999999999996,0.2220885466794995,4156,2013,127.0948012232416,,0,0,,0,0,,0,0,2.207419480565496,28223,62.3,,0,0,,28223,62.3,2.4089060755860308,50168,120.85,2.4975024975024978,45262,113.04195804195805,-0.088596421916467,4906,7.80804195804194,4.182939993130857,40762,170.505,3.4965034965034967,58194,203.47552447552448,0.6864364966273602,-17432,-32.970524475524485,5.235070212437631,38882,203.55,4.252367330572134,55214,234.79020979020981,0.9827028818654977,-16332,-31.240209790209803,5.3973245354022215,38797,209.4,5.909781376780131,56210,332.1888111888112,-0.5124568413779098,-17413,-122.7888111888112,5.958565008759235,39387,234.69,8.086351423686358,52479,424.3636363636364,-2.1277864149271224,-13092,-189.67363636363638,5.044068089518707,46292,233.5,11.054108544260028,49246,544.3706293706293,-6.010040454741321,-2954,-310.87062937062933,7.333494988684126,37116,272.19,13.035408783158106,45764,596.5524475524476,-5.70191379447398,-8648,-324.3624475524476,7.24029810051804,44012,318.66,14.314808695396179,42282,605.2587412587412,-7.074510594878139,1730,-286.5987412587412,8.075976482384577,43882,354.39,12.68357037877122,49852.5,632.3076923076923,-4.607593896386643,-5970.5,-277.9176923076923,8.965456987155779,38267.98795549658,343.09,12.847716969414577,50683,651.160839160839,-3.882259982258798,-12415.012044503419,-308.07083916083906
K027A,2013,380,OLE,OLE,OLE04,OLE004,K 27,K027A,2013,Topaz,26.200000000000003,,26.200000000000003,0,0,0,1.1,0,27.300000000000004,0,0,0,0,0,2733,0,146,0,0,0,0,2879,109.8854961832061,0,187,0,136,0,0,0,0,0,0,0,0,,0,0,0,2733,469,0,3202,122.21374045801525,2,0,2,0.0006246096189881324,K027A,2013.0,366,OLE004,K027A,26.200000000000003,0.17282082324455206,3304,2013,126.10687022900763,,0,0,,0,0,,0,0,1.9664725958642844,9962,19.59,,0,0,,9962,19.59,2.563228559533722,38432,98.51,2.4975024975024973,38262,95.55944055944056,0.06572606203122477,170,2.950559440559445,4.060647934899432,32565,132.235,3.496503496503497,49194,172.006993006993,0.5641444383959349,-16629,-39.771993006993,4.8736925574897105,26483,129.07,4.286982789123836,45772,196.2237762237762,0.5867097683658749,-19289,-67.15377622377622,5.08698424264505,21958,111.7,5.970214098611718,46356,276.7552447552448,-0.8832298559666683,-24398,-165.05524475524481,6.295420198436165,30438,191.62,8.174835019357417,43331,354.2237762237762,-1.8794148209212516,-12893,-162.6037762237762,4.045278522490319,33570,135.8,11.179544136832673,40598,453.86713286713285,-7.134265614342354,-7028,-318.06713286713284,7.336272901285207,29256,214.63,13.154506354220025,37719,496.1748251748252,-5.818233452934819,-8463,-281.5448251748252,7.332321657292421,35914,263.333,13.557002024085158,37458,507.8181818181818,-6.224680366792737,-1544,-244.4851818181818,7.841962468912503,35384,277.48,13.46838924402238,38597.5,519.8461538461538,-5.626426775109876,-3213.5,-242.3661538461538,8.569867918481256,34494.11388972582,295.61,14.090941939552865,37255,524.9580419580419,-5.521074021071609,-2760.8861102741794,-229.3480419580419
K028A,2013,382,OLE,OLE,OLE04,OLE004,K 28,K028A,2013,Topaz,26.6,,26.6,0,0,0,1.2,0,27.8,0,0,0,0,0,3119,0,81,0,0,0,0,3200,120.30075187969925,0,233,0,72,0,0,0,0,0,0,0,0,,0,0,0,3119,386,0,3505,131.76691729323306,3,0,3,0.0008559201141226819,K028A,2013.0,367,OLE004,K028A,26.6,0.1101283880171184,3505,2013,131.76691729323306,,0,0,,0,0,,0,0,1.8103521787328387,11727,21.23,,0,0,,11727,21.23,2.4601547686157947,39026,96.01,2.4975024975024973,43666,109.05594405594405,-0.03734772888670257,-4640,-13.045944055944048,3.841734558083677,30809,118.36,3.4965034965034962,56142,196.30069930069928,0.3452310615801806,-25333,-77.94069930069928,4.7206067274442,25448,120.13,4.329010853561189,51038,220.94405594405595,0.391595873883011,-25590,-100.81405594405595,5.9576743400686665,17767,105.85,6.04444035385198,51362,310.45454545454544,-0.08676601378331394,-33595,-204.60454545454544,6.484254569478089,27246,176.67,8.283224855259547,48081,398.26573426573424,-1.7989702857814587,-20835,-221.59573426573425,3.5882785540532898,35354,126.86,11.333735434086838,44962,509.5874125874125,-7.745456880033549,-9608,-382.72741258741246,7.506188378435074,23835,178.91,13.300979945297746,41762,555.4755244755245,-5.7947915668626715,-17927,-376.5655244755245,7.200046033892454,34757,250.252,13.543767823607151,41824,566.4545454545455,-6.343721789714698,-7067,-316.2025454545455,8.162740778399142,35406,289.01,13.688852484299208,42123.5,576.6223776223777,-5.526111705900066,-6717.5,-287.6123776223777,9.233659190553793,36647.44312267658,338.39,14.396867243908556,40305,580.2657342657343,-5.163208053354763,-3657.556877323419,-241.8757342657343
K029A,2013,383,OLE,OLE,OLE04,OLE004,K 29,K029A,2013,Topaz,29.3,,29.3,0,0,0,1.52330263607,0,30.82330263607,0,0,0,0,0,2982,0,231,0,0,0,0,3213,109.65870307167235,0,359,0,89,0,0,0,0,0,0,0,0,,0,0,0,2982,679,0,3661,124.94880546075085,105,2,107,0.0292269871619776,K029A,2013.0,368,OLE004,K029A,29.3,0.20733652312599682,3762,2013,128.39590443686006,,0,0,,0,0,,0,0,2.0053715308863027,11170,22.4,,0,0,,11170,22.4,2.4989502066435345,45247,113.07,2.4975024975024978,41748,104.26573426573427,0.001447709141036757,3499,8.804265734265726,3.821845469705392,35980,137.51,3.496503496503497,53676,187.6783216783217,0.32534197320189495,-17696,-50.16832167832172,4.692074162420037,36892,173.1,4.251725191543823,50946,216.6083916083916,0.4403489708762143,-14054,-43.508391608391605,5.559792723424443,54806,304.71,5.908666232552872,51870,306.48251748251744,-0.3488735091284294,2936,-1.7725174825174577,6.181865890603754,41921,259.15,8.08471667101329,48426,391.51048951048955,-1.902850780409536,-6505,-132.36048951048957,6.542485270727391,44639,292.05,11.051794785621032,45444,502.23776223776224,-4.5093095148936415,-805,-210.18776223776223,7.47561463429644,32499,242.95,13.033212436494386,42231,550.4055944055943,-5.557597802197947,-9732,-307.45559440559435,7.227101869914831,42034,303.784,12.96510228487342,44044,571.034965034965,-5.73800041495859,-2010,-267.250965034965,7.837697990628683,34787,272.65,13.0526082219265,45004,587.4195804195803,-5.214910231297816,-10217,-314.7695804195803,8.639020118004108,39086.60882688309,337.67,13.802879320120697,42920,592.4195804195804,-5.163859202116589,-3833.3911731169064,-254.74958041958035
K030A,2013,384,OLE,OLE,OLE04,OLE004,K 30,K030A,2013,Topaz,29.4,,29.4,0,0,0,1.52922632578,0,30.92922632578,0,0,0,0,0,3353,0,232,0,0,0,0,3585,121.93877551020408,0,45,0,43,0,0,0,0,0,0,0,0,,0,0,0,3353,320,0,3673,124.93197278911565,3,0,3,0.0008167710318540703,K030A,2013.0,369,OLE004,K030A,29.4,0.11600316372264696,3793,2013,129.01360544217687,,0,0,,0,0,,0,0,2.26890354650607,10461,23.735,,0,0,,10461,23.735,2.4892480825747256,55804,138.91,2.497502497502498,46942,117.23776223776225,-0.008254414927772569,8862,21.672237762237742,3.8281480234075698,47506,181.86,3.4965034965034962,60354,211.02797202797203,0.33164452690407353,-12848,-29.167972027972013,4.742487406635401,46056,218.42,4.2636988995256715,56896,242.58741258741262,0.4787885071097291,-10840,-24.167412587412628,5.3999370453273645,57184,308.79,5.9294952418914795,57824,342.8671328671329,-0.529558196564115,-640,-34.07713286713289,6.387604481593455,44984,287.34,8.115239140846931,54007,438.27972027972027,-1.727634659253476,-9023,-150.9397202797203,6.239696171939062,46342,289.16,11.095017037292079,50654,562.006993006993,-4.8553208653530175,-4312,-272.84699300699293,7.285843646242077,33130,241.38,13.074244372976024,47069,615.3916083916084,-5.788400726733947,-13939,-374.01160839160843,7.4806525123530605,44321,331.55,14.169581608489892,44114,625.0769230769231,-6.688929096136832,207,-293.5269230769231,7.712157201468365,37048,285.72,14.680637768744777,42987.5,631.083916083916,-6.968480567276412,-5939.5,-345.363916083916,9.549842610376249,39632.06677236417,378.48,15.368951157683206,41161,632.6013986013985,-5.819108547306957,-1528.9332276358327,-254.12139860139848
L025B,2013,387,OLE,OLE,OLE04,OLE004,L 25,L025B,2013,Topaz/SRIWIJAYA,8.9,,8.9,0,0,0,0.144059638558,0,9.044059638558,0,0,0,0,0,965,0,9,0,0,0,0,974,109.438202247191,0,0,0,100,0,0,0,0,0,0,0,0,,0,0,0,965,109,0,1074,120.67415730337078,1,0,1,0.000931098696461825,L025B,2013.0,370,OLE004,L025B,8.9,0.10148975791433892,1074,2013,120.67415730337078,,0,0,,0,0,,0,0,,0,0,,0,0,,0,0,3.0106851037083597,1591,4.79,2.4975024975024973,13510,33.74125874125874,0.5131826062058624,-11919,-28.95125874125874,4.62791350744173,10683,49.44,3.4965034965034962,17370,60.73426573426573,1.1314100109382337,-6687,-11.294265734265736,5.297752808988764,7120,37.72,4.355467223255994,15566,67.7972027972028,0.9422855857327699,-8446,-30.0772027972028,6.0006561679790025,9144,54.87,6.0916522267631095,15602,95.04195804195803,-0.09099605878410699,-6458,-40.17195804195803,7.396589566098261,5923,43.81,8.35200096435475,14619,122.0979020979021,-0.955411398256488,-8696,-78.28790209790209,5.0936892345766305,11314,57.63,11.431881433346206,13654,156.0909090909091,-6.338192198769575,-2340,-98.4609090909091,7.205588822355289,5010,36.1,13.394255586684608,12680,169.83916083916083,-6.1886667643293185,-7670,-133.73916083916083,7.262721447418017,13265,96.34,14.535609615056053,11706,170.15384615384616,-7.272888167638036,1559,-73.81384615384616,7.512532411408816,5785,43.46,13.77591056135588,12614.5,173.77622377622376,-6.263378149947065,-6829.5,-130.31622377622375,9.089504715270325,8008.137107593239,72.79,14.099930254206384,12523,176.57342657342656,-5.01042553893606,-4514.862892406761,-103.78342657342655
L028A,2013,388,OLE,OLE,OLE04,OLE004,L 28,L028A,2013,Topaz,2.8000000000000003,,2.8000000000000003,0,0,0,1.4200000000000017,0,4.220000000000002,0,0,0,0,0,110,0,162,0,0,0,0,272,97.14285714285714,0,0,0,74,0,0,0,0,0,0,0,0,,0,0,0,110,236,0,346,123.57142857142856,2,0,2,0.005780346820809248,L028A,2013.0,371,OLE004,L028A,2.8000000000000003,0.6820809248554913,346,2013,123.57142857142856,,0,0,,0,0,,0,0,,0,0,,0,0,,0,0,2.487847989394609,2263,5.63,2.4975024975024973,1540,3.846153846153846,-0.009654508107888482,723,1.783846153846154,4.390598497698086,4127,18.12,3.496503496503497,1980,6.923076923076924,0.894095001194589,2147,11.196923076923078,4.660648612504179,2991,13.94,3.315949194797258,4028,13.356643356643355,1.344699417706921,-1037,0.5833566433566446,6.0121681415929205,3616,21.74,4.483540411684124,4676,20.965034965034963,1.5286277299087967,-1060,0.7749650349650352,6.224434389140272,5525,34.39,5.934659400005934,4242,25.174825174825173,0.2897749891343375,1283,9.215174825174827,5.054592164418754,4671,23.61,8.12014703592632,4132,33.55244755244755,-3.065554871507567,539,-9.942447552447554,7.169074580242093,2561,18.36,10.264864669009748,3860,39.62237762237763,-3.0957900887676555,-1299,-21.262377622377628,7.624057384587088,5437,41.452,12.621714962852089,3588,45.286713286713294,-4.997657578265001,1849,-3.8347132867132956,8.032939714108142,3218,25.85,11.377322473306133,4407,50.13986013986013,-3.344382759197991,-1189,-24.28986013986013,9.11855491579722,4317.570093457944,39.37,11.638383907666118,4486,52.20979020979021,-2.5198289918688968,-168.42990654205641,-12.839790209790209
L029A,2013,390,OLE,OLE,OLE04,OLE004,L 29,L029A,2013,Topaz,12.899999999999999,,12.899999999999999,0,0,0,0,0,12.899999999999999,0,0,0,0,0,961,0,162,0,0,0,0,1123,87.05426356589149,0,0,0,422,0,0,0,0,0,0,0,0,,0,0,0,961,584,0,1545,119.76744186046513,3,2,5,0.003236245954692557,L029A,2013.0,372,OLE004,L029A,12.899999999999999,0.37799352750809057,1545,2013,119.76744186046513,,0,0,,0,0,,0,0,,0,0,,0,0,,0,0,2.7167721518987342,6320,17.17,2.4975024975024978,13454,33.60139860139861,0.21926965439623647,-7134,-16.431398601398605,4.028436018957346,13082,52.7,3.4965034965034962,17298,60.48251748251748,0.5319325224538498,-4216,-7.782517482517477,4.505379415405122,10503,47.32,4.129853370388397,17644,72.86713286713288,0.37552604501672526,-7141,-25.54713286713288,5.513046262205859,12494,68.88,5.700837539892865,18292,104.27972027972028,-0.18779127768700565,-5798,-35.399720279720285,6.3342857142857145,14000,88.68,7.778779696225453,17007,132.2937062937063,-1.4444939819397389,-3007,-43.61370629370629,4.7709781529294935,16112,76.87,10.621125104485445,16046,170.42657342657344,-5.850146951555952,66,-93.55657342657344,7.507435479228629,10423,78.25,12.624713623172378,14923,188.39860139860141,-5.117278143943748,-4500,-110.14860139860141,7.1541964522107495,18885,135.107,14.062531671227324,13800,194.06293706293707,-6.908335219016575,5085,-58.95593706293707,8.11970802919708,13700,111.24,11.071512212316282,19065.5,211.08391608391608,-2.9518041831192026,-5365.5,-99.84391608391608,8.909763249620536,14968.972380459176,133.37,11.082895524246029,20111,222.8881118881119,-2.173132274625493,-5142.027619540824,-89.51811188811189
L030A,2013,392,OLE,OLE,OLE04,OLE004,L 30,L030A,2013,Topaz,23.8,,23.8,0,0,0,1.2,0,25,0,0,0,0,0,2968,0,100,0,0,0,0,3068,128.90756302521007,0,0,0,0,0,0,0,0,0,0,0,0,,0,0,0,2968,100,0,3068,128.90756302521007,5,0,5,0.0016297262059973925,L030A,2013.0,373,OLE004,L030A,23.8,0.03259452411994785,3068,2013,128.90756302521007,,0,0,,0,0,,0,0,,0,0,,0,0,,0,0,2.3300322012272923,16459,38.35,2.4975024975024973,41552,103.77622377622376,-0.16747029627520504,-25093,-65.42622377622376,3.9945968412302575,24060,96.11,3.4965034965034967,53424,186.7972027972028,0.4980933447267608,-29364,-90.6872027972028,4.593552908199019,19978,91.77,4.316988853071327,48888,211.048951048951,0.2765640551276922,-28910,-119.27895104895101,4.886310360993905,25596,125.07,6.023111768932252,49288,296.86713286713285,-1.1368014079383473,-23692,-171.79713286713286,6.516376795539308,27081,176.47,8.252112154974254,46120,380.5874125874126,-1.7357353594349458,-19039,-204.1174125874126,3.917376441277015,34518,135.22,11.289415071395046,43152,487.16083916083903,-7.372038630118031,-8634,-351.940839160839,7.36033382425135,20370,149.93,13.258869660426392,40084,531.4685314685314,-5.898535836175042,-19714,-381.5385314685314,7.121357285429141,37575,267.585,14.452264830479656,37016,534.9650349650349,-7.330907545050515,559,-267.3800349650349,8.082759088903222,29459,238.11,15.13783123627332,35432,536.3636363636363,-7.0550721473700975,-5973,-298.25363636363625,9.020812680233535,33337.3511522927,300.73,15.846243097483935,33848,536.3636363636363,-6.8254304172504,-510.64884770729986,-235.63363636363624
K024B,2017,377,OLE,OLE,OLE04,OLE004,K 24B,K024B,2017,Topaz,5.004105,,5.004105,0,0,0,0.2,0,5.204105,0,0,0,0,0,0,0,0,0,390,0,0,390,77.93601453206917,0,53,0,0,0,0,0,75,0,0,22,0,,0,0,0,390,150,0,540,107.91140473671116,0,0,0,0,K024B,2017.0,377,OLE004,K024B,5.004105,0.40092165898617516,651,2017,130.09319348814623,,0,0,,0,0,,0,0,,0,0,,0,0,,0,0,,0,0,,0,0,,0,0,,0,0,,0,0,,0,0,,0,0,,0,0,,0,0,,0,0,,0,0,,0,0,2.1311475409836067,305,0.65,2.4975024975024973,5460,13.636363636363635,-0.3663549565188906,-5155,-12.986363636363635,2.59163750230245,5429,14.07,3.496503496503496,7020,24.54545454545454,-0.904865994201046,-1591,-10.47545454545454,5.887892376681615,2230,13.13,4.37062937062937,6240,27.27272727272727,1.5172630060522447,-4010,-14.142727272727269,5.718100890207715,3370,19.27,5.734025355910202,6982,40.034965034965026,-0.0159244657024864,-3612,-20.764965034965027,7.1970225633868345,4299,30.94,7.705257705257703,6804,52.42657342657341,-0.5082351418708688,-2505,-21.48657342657341,7.900657096110202,4230.027906976744,33.42,10.531637037661135,6308,66.43356643356643,-2.6309799415509323,-2077.972093023256,-33.013566433566425
L024A,2017,385,OLE,OLE,OLE04,OLE004,L 24B,L024A,2017,Topaz,9.1,,9.1,0,0,0,0.2,0,9.299999999999999,0,0,0,0,0,0,0,0,0,893,0,0,893,98.13186813186813,0,0,0,8,0,0,0,276,0,0,7,0,,0,0,0,893,291,0,1184,130.1098901098901,1,0,1,0.0008445945945945946,L024A,2017.0,378,OLE004,L024A,9.1,0.24577702702702703,1184,2017,130.1098901098901,,0,0,,0,0,,0,0,,0,0,,0,0,,0,0,,0,0,,0,0,,0,0,,0,0,,0,0,,0,0,,0,0,,0,0,,0,0,,0,0,,0,0,,0,0,1.613653995345229,1289,2.08,2.497502497502497,12502,31.22377622377622,-0.883848502157268,-11213,-29.14377622377622,2.8953350913885605,10997,31.84,3.4965034965034962,16074,56.2027972027972,-0.6011684051149357,-5077,-24.3627972027972,6.5237790573683085,4689,30.59,4.37062937062937,14288,62.44755244755244,2.1531496867389386,-9599,-31.85755244755244,7.63838156785614,7118,54.37,6.118881118881119,14288,87.42657342657344,1.5195004489750206,-7170,-33.05657342657344,7.194439080903649,5179,37.26,8.342734484734928,13507,112.68531468531468,-1.1482954038312787,-8328,-75.42531468531467,7.271369228680318,13005.803587443947,94.57,11.397506494770452,12646,144.13286713286715,-4.126137266090134,359.8035874439465,-49.562867132867154
F026A,2011,436,DBE,DBE,DBE01,DBE001,F 26,F026A,2011,Socfindo,28.2,,28.2,0,0,0,1.4,0,29.599999999999998,0,0,0,2026,759,716,320,0,0,0,0,0,3821,135.4964539007092,0,0,0,0,0,0,0,0,0,0,0,0,,0,0,0,2026,1795,0,3821,135.4964539007092,137,16,153,0.040041873855011775,F026A,2011.0,379,DBE001,F026A,28.2,0.4697723109133734,3821,2011,135.4964539007092,2.2352040804215374,16430,36.72440304132586,2.4975024975024978,28364,70.83916083916084,-0.26229841708096036,-11934,-34.11475779783498,3.6425676022371594,58467,212.97,3.271095066228204,47094,154.04895104895104,0.37147253600895525,11373,58.92104895104896,4.470465352794041,72762,325.28,3.823081485196918,56102,214.4825174825175,0.6473838675971231,16660,110.79748251748248,5.66623020326724,64152,363.5,4.968323241156208,61928,307.67832167832165,0.6979069621110323,2224,55.82167832167835,6.60742305839949,64367,425.3,6.686836176375926,59750,399.53846153846155,-0.07941311797643547,4617,25.761538461538464,7.2489991993594876,62450,452.7,9.123375514853544,56325,513.8741258741259,-1.8743763154940565,6125,-61.17412587412588,9.184895833333334,53760,493.78,11.31544890063745,52824,597.7272727272727,-2.130553067304117,936,-103.94727272727278,9.36200592778487,46223,432.74,13.107945867164691,49003,642.3286713286714,-3.745939939379822,-2780,-209.58867132867135,7.818958873397324,42819,334.8,14.363707512316669,46195,663.5314685314686,-6.544748638919345,-3376,-328.7314685314686,8.080439059064686,60493,488.81,15.262974946751351,43766.5,668.006993006993,-7.182535887686665,16726.5,-179.19699300699295,7.930817241480352,68254,541.31,16.020889126222972,41696,668.006993006993,-8.09007188474262,26558,-126.69699300699301,8.333555281180926,66355.83269589095,552.98,17.228886272667303,38772.5,668.006993006993,-8.895330991486377,27583.332695890946,-115.02699300699294
F032A,2011,459,DBE,DBE,DBE01,DBE001,F 32,F032A,2011,Socfindo,30,,30,0,0,0,1.4959,0,31.4959,0,0,0,213,1457,1626,495,0,0,0,0,0,3791,126.36666666666666,0,0,0,0,0,0,0,0,0,0,0,0,,0,0,0,213,3578,0,3791,126.36666666666666,36,1,37,0.009759957794777103,F032A,2011.0,380,DBE001,F032A,30,0.9438142970192561,3791,2011,126.36666666666666,,0,0,2.4975024975024973,2982,7.4475524475524475,,-2982,-7.4475524475524475,2.925026136307064,40174,117.51,2.6555649698601167,24232,64.34965034965035,0.2694611664469475,15942,53.16034965034966,3.3266043909647456,75792,252.13,3.119347159196008,52398,163.44755244755243,0.20725723176873778,23394,88.68244755244757,4.8131039205243304,92003,442.82,3.852389068066616,62918,242.38461538461536,0.9607148524577145,29085,200.43538461538463,5.784867104887111,83976,485.79,5.116381835734626,61433,314.3146853146853,0.6684852691524847,22543,171.47531468531474,7.007157163466252,71397,500.29,7.000859892493805,58773,411.46153846153845,0.006297270972447144,12624,88.82846153846157,7.794974261717692,59056,460.34,9.458213074125974,55477,524.7132867132866,-1.6632388124082818,3579,-64.37328671328663,9.456090071647901,48850,461.93,11.914062024343334,51686,615.7902097902096,-2.4579719526954324,-2836,-153.86020979020958,7.757854578096948,44560,345.69,13.662888885538178,48001.5,655.8391608391609,-5.90503430744123,-3441.5,-310.14916083916086,8.28679024658665,58154,481.91,14.713173075273618,45045.5,662.7622377622378,-6.426382828686968,13108.5,-180.85223776223773,8.175174013921113,60340,493.29,15.448102972140033,42902.5,662.7622377622378,-7.27292895821892,17437.5,-169.47223776223774,9.589061993047654,57828.388261755215,554.52,16.20425759494964,40900.5,662.7622377622378,-6.615195601901988,16927.888261755215,-108.24223776223778
K027B,0,381,OLE,OLE,OLE04,OLE004,K 27,K027B,0,0,0,,0,0,0,0,0,4.5,4.5,0,0,0,0,0,0,0,0,0,0,0,0,0,0,0,0,0,0,0,0,0,0,0,0,0,0,,0,0,0,0,0,0,0,0,0,0,0,0,,,,,,,,,,,,,,,,,,,,,,,,,,,,,,,,,,,,,,,,,,,,,,,,,,,,,,,,,,,,,,,,,,,,,,,,,,,,,,,,,,,,,,,,,,,,,,,,,,,,,,,,,,,,,,,,,,,,,,
F033A,2011,460,DBE,DBE,DBE01,DBE001,F 33,F033A,2011,Socfindo,27.7,,27.7,0,0,0,1.7,0,29.4,0,0,0,1725,803,734,203,0,0,0,0,0,3465,125.09025270758123,0,0,0,0,0,0,0,0,0,0,0,0,,0,0,0,1725,1740,0,3465,125.09025270758123,14,0,14,0.00404040404040404,F033A,2011.0,381,DBE001,F033A,27.7,0.5021645021645023,3465,2011,125.09025270758123,,0,0,2.4975024975024978,24150,60.31468531468532,,-24150,-60.31468531468532,2.7727798046636,44129,122.36,3.2309504550117434,42292,136.64335664335664,-0.4581706503481433,1837,-14.28335664335664,3.5447141509559303,75267,266.8,3.761363803404698,52330,196.83216783216784,-0.21664965244876777,22937,69.96783216783217,4.9657730866051315,90572,449.76,4.925996802390557,56502,278.3286713286713,0.03977628421457435,34070,171.43132867132869,5.935147576496074,73860,438.37,6.649048370376505,54121,359.8531468531468,-0.7139007938804314,19739,78.51685314685318,6.80834459789016,71759,488.56,9.076140808807306,51187,464.5804195804196,-2.2677962109171457,20572,23.97958041958043,7.587331086401865,63494,481.75,11.330057527240626,47925,542.993006993007,-3.7427264408387613,15569,-61.24300699300704,9.466382070437566,44976,425.76,13.17063503298321,44460,585.5664335664335,-3.7042529625456435,516,-159.8064335664335,7.822371674414004,50555,395.46,14.404349756437194,41857.5,602.9300699300699,-6.5819780820231895,8697.5,-207.47006993006988,7.987146270062922,59438,474.74,15.27540833833623,39656.5,605.7692307692307,-7.288262068273308,19781.5,-131.0292307692307,8.329610325142715,64464,536.96,16.01610762824326,37822.5,605.7692307692307,-7.686497303100547,26641.5,-68.80923076923068,8.652632610002648,61602.06078596429,533.02,17.195918835263097,35227.5,605.7692307692307,-8.543286225260449,26374.56078596429,-72.74923076923073
G025A,2011,462,DBE,DBE,DBE01,DBE001,G 25A,G025A,2011,Socfindo,22.9,,22.9,0,0,0,2.4,0,25.299999999999997,0,0,0,757,906,883,343,0,0,0,0,0,2889,126.15720524017468,0,0,0,0,0,0,0,0,0,0,0,0,,0,0,0,757,2132,0,2889,126.15720524017468,47,6,53,0.018345448251990307,G025A,2011.0,382,DBE001,G025A,22.9,0.7379716164762894,2889,2011,126.15720524017468,2.091374071338949,12676,26.510257728292515,2.4975024975024964,10598,26.46853146853146,-0.4061284261635474,2078,0.04172625976105593,3.1212294024071796,33317,103.99,3.0148870513750787,26310,79.32167832167832,0.10634235103210088,7007,24.668321678321675,4.002379262845932,47914,191.77,3.4532923307382624,40782,140.8321678321678,0.5490869321076697,7132,50.9378321678322,5.171040963037038,52999,274.06,4.334410727104791,47304,205.034965034965,0.8366302359322475,5695,69.02503496503499,6.76309645410769,54824,370.78,5.792075885027589,46153,267.3216783216783,0.9710205690801015,8671,103.45832167832168,7.200095825597413,50091,360.66,7.904090248168414,43804,346.23076923076917,-0.7039944225710011,6287,14.429230769230855,7.868103966680772,44899,353.27,10.24747224272165,41258,422.79020979020976,-2.3793682760408768,3641,-69.52020979020978,9.084141896401253,38958,353.9,12.404025904508062,38369,475.93006993006986,-3.3198840081068095,589,-122.03006993006989,7.668517913535881,36732,281.68,13.951301010157346,35858.5,500.2727272727272,-6.282783096621465,873.5,-218.5927272727272,6.770870591601688,55916,378.6,14.942455254872046,33801,505.06993006993,-8.171584663270359,22115,-126.46993006993,7.131152229244717,69934,498.71,15.69271182445021,32185,505.06993006993,-8.561559595205495,37749,-6.359930069930044,7.439500594997801,77569.72294457765,577.08,16.63493610664416,30362,505.06993006993,-9.19543551164636,47207.72294457765,72.01006993007002
G026A,2011,465,DBE,DBE,DBE01,DBE001,G 26,G026A,2011,Socfindo,29.1,,29.1,0,0,0,1.9,0,31,0,0,0,2161,0,1440,199,0,0,0,0,0,3800,130.58419243986253,0,0,0,0,0,0,0,0,0,0,0,0,,0,0,0,2161,1639,0,3800,130.58419243986253,133,11,144,0.037894736842105266,G026A,2011.0,383,DBE001,G026A,29.1,0.4313157894736842,3800,2011,130.58419243986253,2.374575567481301,19944,47.358535117847076,2.4975024975024973,30254,75.55944055944056,-0.12292693002119615,-10310,-28.200905441593484,3.5057402713582824,67070,235.13,3.4965034965034962,38898,136.00699300699299,0.009236774854786134,28172,99.12300699300701,4.22868396388701,84291,356.44,3.680731720778491,54736,201.46853146853147,0.5479522431085195,29555,154.97146853146853,5.596981365412181,71158,398.27,4.885336211779751,63282,309.1538461538462,0.7116451536324302,7876,89.1161538461538,6.405225140453325,72266,462.88,6.525361421443538,59037,385.2377622377622,-0.1201362809902129,13229,77.64223776223781,6.666474371917275,69338,462.24,8.896712551232895,56478,502.46853146853147,-2.23023817931562,12860,-40.22853146853146,7.491019229414665,56788,425.4,10.941211898149696,52877,578.5384615384615,-3.4501926687350313,3911,-153.13846153846157,8.934651728399984,50162,448.18,12.927736932871722,49077,634.4545454545455,-3.993085204471738,1085,-186.2745454545455,7.173019758699073,45752,328.18,14.270667045298982,46357.5,661.5524475524476,-7.0976472865999085,-605.5,-333.37244755244757,7.624959772353868,59039,450.17,15.22378808230589,43638,664.3356643356644,-7.598828309952023,15401,-214.16566433566442,7.4570760199502715,67969,506.85,15.954841416853741,41638.5,664.3356643356644,-8.49776539690347,26330.5,-157.4856643356644,7.757165063130922,73529.4396030017,570.38,17.184946565669836,38658,664.3356643356644,-9.427781502538913,34871.439603001694,-93.95566433566444
G031A,2011,470,DBE,DBE,DBE01,DBE001,G 31,G031A,2011,Socfindo,32.3,,32.3,0,0,0,1.59780082114,0,33.897800821139995,0,0,0,1267,1241,972,607,0,0,0,0,0,4087,126.5325077399381,0,0,0,0,0,0,0,0,0,0,0,0,,0,0,0,1267,2820,0,4087,126.5325077399381,130,19,149,0.036457058967457795,G031A,2011.0,384,DBE001,G031A,32.3,0.6899926596525569,4087,2011,126.5325077399381,2.4288185411153926,12352,30.00076661985733,2.4975024975024973,17738,44.3006993006993,-0.06868395638710467,-5386,-14.29993268084197,3.4362993437829386,58822,202.13,3.0645312875278035,40180,123.13286713286715,0.3717680562551351,18642,78.99713286713285,4.0273976140060945,77452,311.93,3.5698941209631734,56218,200.69230769230768,0.45750349304292115,21234,111.23769230769233,5.17565104491773,80102,414.58,4.43458722095182,66122,293.2237762237762,0.7410638239659102,13980,121.35622377622377,6.361975251532323,86470,550.12,5.925310245853873,65339,387.1538461538462,0.43666500567845024,21131,162.96615384615382,6.8623604921105885,80551,552.77,8.075716094606985,61617,497.6013986013986,-1.2133556024963967,18934,55.16860139860137,8.408550243970202,57589,484.24,10.370007377076886,58137,602.8811188811189,-1.9614571331066841,-548,-118.64111888111893,9.53995590250879,50343,480.27,12.418183111985147,54050,671.2027972027972,-2.878227209476357,-3707,-190.93279720279725,8.37906333780161,47744,400.05,13.953948969216826,50596.5,706.0209790209791,-5.574885631415217,-2852.5,-305.9709790209791,7.8400459082740594,66219,519.16,14.959341118437502,47763.5,714.5104895104896,-7.119295210163442,18455.5,-195.35048951048964,8.532418328686825,69945,596.8,15.732398787015503,45416.5,714.5104895104896,-7.199980458328678,24528.5,-117.71048951048965,9.458071105226654,63482.2886527254,600.42,16.71780178781899,42739.5,714.5104895104896,-7.259730682592334,20742.7886527254,-114.09048951048965
E026A,2012,419,DBE,DBE,DBE01,DBE001,E 26,E026A,2012,Topaz,17.2081,,17.2081,0,0,0,1.4,0,18.6081,0,0,0,0,641,1318,252,0,0,0,0,0,2211,128.48600368431144,0,0,0,8,0,0,0,0,0,0,0,0,,0,0,0,641,1578,0,2219,128.9509010291665,45,1,46,0.020730058584948176,E026A,2012.0,385,DBE001,E026A,17.2081,0.7111311401532221,2219,2012,128.9509010291665,,0,0,,0,0,,0,0,3.2411261636267312,26426,85.65,2.497502497502498,8974,22.412587412587417,0.743623666124233,17452,63.23741258741259,4.452131117095366,21538,95.89,2.8818463963512317,29990,86.42657342657344,1.5702847207441342,-8452,9.46342657342656,5.4567276218740455,22913,125.03,3.641554137448346,37508,136.5874125874126,1.8151734844256993,-14595,-11.557412587412585,7.056747556138543,32019,225.95,4.759844391951416,35880,170.78321678321683,2.2969031641871265,-3861,55.16678321678316,8.00951105523518,36589,293.06,6.54505994940715,34735,227.34265734265736,1.4644511058280294,1854,65.71734265734264,7.885031517546335,21258,167.62,8.959950227951206,32776,293.6713286713287,-1.0749187104048703,-11518,-126.05132867132869,9.050150769719092,25204,228.1,11.639758899696739,30565,355.76923076923083,-2.5896081299776466,-5361,-127.66923076923084,7.818921345940521,18931,148.02,13.508287578965438,28354,383.013986013986,-5.689366233024917,-9423,-234.99398601398602,7.20125786163522,28302,203.81,14.606475392085763,26463.5,386.53846153846155,-7.4052175304505425,1838.5,-182.72846153846154,7.181311881188119,32320,232.1,15.262712350780532,25344,386.8181818181818,-8.081400469592413,6976,-154.71818181818182,8.07837850686819,28722.34815473544,232.03,15.947012135800994,24270.5,387.041958041958,-7.868633628932804,4451.848154735439,-155.01195804195802
E027A,2012,424,DBE,DBE,DBE01,DBE001,E 27A,E027A,2012,Topaz,24.6,,24.6,0,0,0,0.8999999999999999,0,25.5,0,0,0,0,135,1172,795,810,0,0,0,0,2912,118.37398373983739,0,0,0,10,0,0,0,0,0,0,0,0,,0,0,0,135,2787,0,2922,118.78048780487804,48,2,50,0.017111567419575632,E027A,2012.0,386,DBE001,E027A,24.6,0.9554013875123886,3027,2012,123.04878048780488,,0,0,,0,0,,0,0,3.293619774117901,37099,122.19,2.4975024975024978,1890,4.720279720279721,0.7961172766154032,35209,117.46972027972028,4.2558201058201055,37800,160.87,2.626368217195269,18838,49.47552447552448,1.6294518886248364,18962,111.39447552447552,5.718548084332826,50609,289.41,3.228057930553132,34386,111,2.490490153779694,16223,178.41000000000003,6.840979782270606,46296,316.71,3.7268903511762494,46562,173.53146853146853,3.114089431094357,-266,143.17853146853145,7.264476924298991,50356,365.81,4.95679206913269,48077,238.30769230769232,2.3076848551663014,2279,127.50230769230768,7.474915952151364,38371,286.82,6.726761610482541,45150,303.7132867132867,0.7481543416688234,-6779,-16.893286713286727,8.849199847069746,36618,324.04,9.09393060015621,43048,391.4755244755245,-0.24473075308646308,-6430,-67.43552447552446,7.162035057716973,35085,251.28,11.419216621528761,40136,458.32167832167835,-4.2571815638117885,-5051,-207.04167832167835,7.844272695812665,43345,340.01,13.347873852278346,37291.5,497.7622377622379,-5.50360115646568,6053.5,-157.75223776223788,8.399364205731638,42152,354.05,14.483852939486525,35173,509.4405594405595,-6.0844887337548865,6979,-155.3905594405595,8.493667846063582,46529.95704125178,395.21,15.283049883673536,33352,509.7202797202798,-6.789382037609954,13177.957041251779,-114.51027972027981
F025A,2012,431,DBE,DBE,DBE01,DBE001,F 25A,F025A,2012,Topaz,7.6,,7.6,0,0,0,1.4,0,9,0,0,0,0,759,10,138,0,0,0,0,0,907,119.3421052631579,0,0,0,0,0,0,0,0,0,0,0,0,,0,0,0,759,148,0,907,119.3421052631579,21,2,23,0.025358324145534728,F025A,2012.0,387,DBE001,F025A,7.6,0.1631753031973539,907,2012,119.3421052631579,,0,0,,0,0,,0,0,3.307984790874525,8416,27.84,2.4975024975024973,10626,26.538461538461537,0.8104822933720275,-2210,1.3015384615384633,4.158115463549567,11207,46.6,3.4863701723577103,13802,48.11888111888111,0.6717452911918569,-2595,-1.5188811188811115,5.859100690904972,8829,51.73,4.105742742106378,14256,58.531468531468526,1.7533579487985937,-5427,-6.8014685314685295,6.881251602975122,11697,80.49,5.659474417927218,14788,83.6923076923077,1.2217771850479044,-3091,-3.2023076923076985,7.53583670925522,12836,96.73,7.719612605819251,13753,106.16783216783216,-0.1837758965640317,-917,-9.437832167832156,8.795755335638487,8387,73.77,10.539599033129532,12984,136.84615384615384,-1.7438436974910445,-4597,-63.076153846153844,9.935808280731786,9347,92.87,12.558692446081698,12077,151.67132867132867,-2.6228841653499124,-2730,-58.80132867132866,9.165141489511473,7103,65.1,14.022951086514206,11170,156.63636363636368,-4.857809597002733,-4067,-91.53636363636369,10.939868620515412,9895,108.25,14.899359508239005,10642.5,158.5664335664336,-3.959490887723593,-747.5,-50.3164335664336,9.401978001663739,10819,101.72,15.66861991763178,10120,158.5664335664336,-6.266641915968041,699,-56.8464335664336,8.471503992014402,11581.178512396695,98.11,16.403706984579074,9666.5,158.5664335664336,-7.932202992564672,1914.6785123966947,-60.4564335664336
F027A,2012,437,DBE,DBE,DBE01,DBE001,F 27,F027A,2012,Topaz,29.2,,29.2,0,0,0,1.24,0,30.439999999999998,0,0,0,0,2451,1282,220,0,0,0,0,0,3953,135.37671232876713,0,0,0,0,0,0,0,0,0,0,0,0,,0,0,0,2451,1502,0,3953,135.37671232876713,151,17,168,0.042499367568934986,F027A,2012.0,388,DBE001,F027A,29.2,0.37996458386035925,3953,2012,135.37671232876713,,0,0,,0,0,,0,0,2.9757714520042375,58526,174.16,2.4975024975024973,34314,85.69930069930068,0.47826895450174023,24212,88.46069930069932,3.7361043434904304,88247,329.7,3.207616345244032,62066,199.08391608391608,0.5284879982463986,26181,130.6160839160839,5.309909976478123,81201,431.17,3.9738148408527154,65372,259.77622377622373,1.3360951356254072,15829,171.39377622377629,6.632774598378991,68846,456.64,5.392767011910335,63688,343.45454545454544,1.2400075864686562,5158,113.18545454545455,6.990231624367003,66746,466.57,7.392019136019662,60797,449.41258741258736,-0.4017875116526586,5949,17.157412587412637,8.029355061656542,54982,441.47,10.11365964751637,57064,577.1258741258741,-2.0843045858598277,-2082,-135.6558741258741,9.020981991165478,47088,424.78,12.471702950134913,53111,662.3846153846154,-3.450720958969436,-6023,-237.60461538461539,8.059825164684923,48274,389.08,13.995829631128055,49158,688.006993006993,-5.936004466443132,-884,-298.926993006993,8.828762693793369,57213,505.12,14.884266076908844,46430.5,691.083916083916,-6.055503383115475,10782.5,-185.96391608391605,8.374431739909078,50813,425.53,15.584609328971588,44344,691.083916083916,-7.210177589062511,6469,-265.5539160839161,8.73414784970966,51579.15892332594,450.5,16.311651999384342,42367.5,691.083916083916,-7.577504149674683,9211.658923325936,-240.58391608391605
L028B,0,389,OLE,OLE,OLE04,OLE004,L 28,L028B,0,0,0,,0,0,0,0,0,0,0,0,0,0,0,0,0,0,0,0,0,0,0,0,0,0,0,0,0,0,0,0,0,0,0,0,0,,0,0,0,0,0,0,0,0,0,0,0,0,,,,,,,,,,,,,,,,,,,,,,,,,,,,,,,,,,,,,,,,,,,,,,,,,,,,,,,,,,,,,,,,,,,,,,,,,,,,,,,,,,,,,,,,,,,,,,,,,,,,,,,,,,,,,,,,,,,,,,
G027A,2012,466,DBE,DBE,DBE01,DBE001,G 27,G027A,2012,Topaz,30,,30,0,0,0,1.7,0,31.7,0,0,0,0,2947,0,1189,0,0,0,0,0,4136,137.86666666666667,0,0,0,0,0,0,0,0,0,0,0,0,,0,0,0,2947,1189,0,4136,137.86666666666667,61,13,74,0.017891682785299807,G027A,2012.0,389,DBE001,G027A,30,0.28747582205029015,4136,2012,137.86666666666667,,0,0,,0,0,,0,0,3.066405276536359,60191,184.57,2.4975024975024978,41258,103.04195804195804,0.5689027790338614,18933,81.52804195804195,3.867881088487326,89041,344.4,3.4965034965034976,53046,185.4755244755245,0.37137759198382847,35995,158.92447552447547,5.270409138705669,83688,441.07,3.881898220278734,63798,247.65734265734267,1.388510918426935,19890,193.41265734265733,6.32949093401458,80245,507.91,5.300196200800105,68554,363.3496503496504,1.029294733214475,11691,144.56034965034962,6.812665489849956,72512,494,7.1817979423666705,63229,454.0979020979022,-0.36913245251671434,9283,39.90209790209781,8.213008456164978,59838,491.45,9.793945147782116,60282,590.3986013986015,-1.5809366916171381,-444,-98.94860139860151,8.499218924347243,53772,457.02,11.841878778080824,56146,664.874125874126,-3.342659853733581,-2374,-207.854125874126,7.608492585529133,51386,390.97,13.58291775519232,52010,706.4475524475525,-5.974425169663187,-624,-315.4775524475525,7.855681856285417,59646,468.56,14.652756939600248,49347.5,723.0769230769232,-6.797075083314831,10298.5,-254.5169230769232,8.235852137536352,64303,529.59,15.488420757779227,46685,723.0769230769232,-7.252568620242876,17618,-193.48692307692318,9.138078101868109,56747.162173410405,518.56,16.20630977154276,44617,723.0769230769232,-7.068231669674651,12130.162173410405,-204.51692307692326
G030A,2012,469,DBE,DBE,DBE01,DBE001,G 30,G030A,2012,Topaz,29.6,,29.6,0,0,0,1.57302948636,0,31.17302948636,0,0,0,0,2401,969,380,0,0,0,0,0,3750,126.68918918918918,0,0,0,0,0,0,0,0,0,0,0,0,,0,0,0,2401,1349,0,3750,126.68918918918918,57,6,63,0.0168,G030A,2012.0,390,DBE001,G030A,29.6,0.35973333333333335,3750,2012,126.68918918918918,,0,0,,0,0,,0,0,2.872543385817722,43505,124.97,2.4975024975024973,33614,83.95104895104895,0.37504088831522475,9891,41.01895104895105,3.3334190661128327,77761,259.21,3.2578368377184943,56784,184.993006993007,0.07558222839433837,20977,74.216993006993,4.6052424167361,88814,409.01,3.9585279867734346,61178,242.17482517482517,0.6467144299626657,27636,166.83517482517482,5.677418582948482,83582,474.53,5.377571737018741,60760,326.7412587412587,0.299846845929741,22822,147.78874125874125,6.457402723211883,74324,479.94,7.355411303396512,57599,423.6643356643357,-0.8980085801846283,16725,56.27566433566432,7.843801652892562,60500,474.55,10.056420925144302,54229,545.3496503496503,-2.2126192722517395,6271,-70.79965034965034,9.135038447304577,48638,444.31,12.350493461450494,50479,623.4405594405595,-3.215455014145917,-1841,-179.13055944055947,7.922314339606088,45594,361.21,13.915977664399417,46729,650.2797202797203,-5.993663324793329,-1135,-289.06972027972034,8.43941335611562,56184,474.16,14.839335112312398,44179.5,655.5944055944057,-6.399921756196777,12004.5,-181.43440559440563,8.703528835729024,57186,497.72,15.566952132743012,42114.5,655.5944055944057,-6.863423297013988,15071.5,-157.87440559440563,9.292188272485623,54764.27996049166,508.88,16.292309934129538,40239.5,655.5944055944057,-7.000121661643915,14524.779960491658,-146.71440559440566
L029B,0,391,OLE,OLE,OLE04,OLE004,L 29,L029B,0,0,0,,0,0,0,0,0,0,0,0,0,0,0,0,0,0,0,0,0,0,0,0,0,0,0,0,0,0,0,0,0,0,0,0,0,,0,0,0,0,0,0,0,0,0,0,0,0,,,,,,,,,,,,,,,,,,,,,,,,,,,,,,,,,,,,,,,,,,,,,,,,,,,,,,,,,,,,,,,,,,,,,,,,,,,,,,,,,,,,,,,,,,,,,,,,,,,,,,,,,,,,,,,,,,,,,,
G032A,2012,471,DBE,DBE,DBE01,DBE001,G 32,G032A,2012,Topaz,30.5,,30.5,0,0,0,1.59947719984,0,32.09947719984,0,0,0,0,2414,1178,168,0,0,0,0,0,3760,123.27868852459017,0,0,0,0,0,0,0,0,0,0,0,0,,0,0,0,2414,1346,0,3760,123.27868852459017,63,11,74,0.019680851063829788,G032A,2012.0,391,DBE001,G032A,30.5,0.35797872340425535,3760,2012,123.27868852459017,,0,0,,0,0,,0,0,2.6209863266246733,52072,136.48,2.4975024975024978,33796,84.40559440559441,0.12348382912217559,18276,52.074405594405576,3.505667192559993,96344,337.75,3.221654896551467,59944,193.11888111888115,0.2840122960085263,36400,144.63111888111885,5.125643553510789,91290,467.92,4.001691457465018,62180,248.82517482517483,1.1239520960457714,29110,219.0948251748252,5.900285730946411,85745,505.92,5.443115466918694,60496,329.2867132867133,0.45717026402771754,25249,176.63328671328674,6.814957924354602,77123,525.59,7.46263053609017,57746,430.937062937063,-0.647672611735568,19377,94.65293706293704,7.782631877676683,58141,452.49,10.21148958512773,54154,552.993006993007,-2.428857707451047,3987,-100.50300699300703,9.339820450705373,49123,458.8,12.553942069360572,50394,632.6433566433566,-3.2141216186551986,-1271,-173.84335664335657,8.047559743402966,42557,342.48,14.045396212913476,46634,654.993006993007,-5.99783646951051,-4077,-312.513006993007,7.6372673293748745,59956,457.9,14.912153928963894,44081,657.3426573426574,-7.27488659958902,15875,-199.4426573426574,8.354720036612628,56811,474.64,15.607537510806976,42117,657.3426573426574,-7.252817474194348,14694,-182.7026573426574,9.925954547796247,50197.69107351225,498.26,16.336771065006275,40237,657.3426573426574,-6.410816517210028,9960.691073512251,-159.0826573426574
G033A,2012,472,DBE,DBE,DBE01,DBE001,G 33,G033A,2012,Topaz,28.8,,28.8,0,0,0,1.5202800904,0,30.3202800904,0,0,0,0,1287,1494,347,0,0,0,0,0,3128,108.61111111111111,0,0,0,0,0,0,0,0,0,0,0,0,,0,0,0,1287,1841,0,3128,108.61111111111111,95,6,101,0.03228900255754476,G033A,2012.0,392,DBE001,G033A,28.8,0.5885549872122762,3128,2012,108.61111111111111,,0,0,,0,0,,0,0,2.673135189727312,27724,74.11,2.4975024975024973,18018,45,0.1756326922248146,9706,29.11,3.448397553197051,76508,263.83,3.0224981225389556,44082,133.23776223776224,0.42589943065809566,32426,130.59223776223774,4.867984385370847,88891,432.72,3.7476756555125754,52342,196.1608391608392,1.1203087298582717,36549,236.55916083916082,5.591168643257628,77406,432.79,4.972501779880283,50742,252.31468531468533,0.6186668633773449,26664,180.4753146853147,6.429480100093663,71533,459.92,6.819619542902496,48761,332.5314685314686,-0.3901394428088327,22772,127.38853146853143,8.085710883138535,58779,475.27,9.330751892735364,45980,429.02797202797206,-1.2450410095968287,12799,46.24202797202793,9.823428584845852,42589,418.37,11.877439278727435,42852,508.97202797202806,-2.054010693881583,-263,-90.60202797202805,7.980076660629291,47482,378.91,13.644144597724297,39724,542,-5.664067937095006,7758,-163.08999999999997,7.8771997679365695,51710,407.33,14.684760720556046,37239.5,546.8531468531469,-6.807560952619476,14470.5,-139.5231468531469,7.991517282630367,55171,440.9,15.403446196077597,35502,546.8531468531469,-7.41192891344723,19669,-105.9531468531469,9.109067521480785,49892.04426559356,454.47,16.113299158852815,33938,546.8531468531469,-7.00423163737203,15954.044265593562,-92.38314685314685
L030B,0,393,OLE,OLE,OLE04,OLE004,L 30,L030B,0,0,0,,0,0,0,0,0,0,0,0,0,0,0,0,0,0,0,0,0,0,0,0,0,0,0,0,0,0,0,0,0,0,0,0,0,,0,0,0,0,0,0,0,0,0,0,0,0,,,,,,,,,,,,,,,,,,,,,,,,,,,,,,,,,,,,,,,,,,,,,,,,,,,,,,,,,,,,,,,,,,,,,,,,,,,,,,,,,,,,,,,,,,,,,,,,,,,,,,,,,,,,,,,,,,,,,,
E033A,2013,429,DBE,DBE,DBE01,DBE001,E 33,E033A,2013,Topaz,27.3,,27.3,0,0,0,1.3,0,28.6,0,0,0,0,0,1830,805,0,0,0,0,0,2635,96.52014652014651,0,605,0,0,0,0,0,129,0,0,0,0,,0,0,0,1830,1539,0,3369,123.4065934065934,0,0,0,0,E033A,2013.0,393,DBE001,E033A,27.3,0.4568121104185218,3369,2013,123.4065934065934,,0,0,,0,0,,0,0,2.2521261707395843,9289,20.92,,0,0,,9289,20.92,3.2544110309792718,44094,143.5,2.4975024975024978,25620,63.986013986013994,0.756908533476774,18474,79.513986013986,4.504740184241124,44724,201.47,3.2418384601148684,44210,143.32167832167835,1.2629017241262552,514,58.14832167832165,6.099258641628451,55169,336.49,4.08125116829709,43770,178.63636363636365,2.0180074733313607,11399,157.85363636363635,6.827659924354547,60810,415.19,5.584785233741591,42160,235.45454545454547,1.2428746906129566,18650,179.73545454545453,7.183502824858757,44250,317.87,7.665778307980144,40330,309.1608391608392,-0.4822754831213869,3920,8.709160839160802,9.587536426810132,35688,342.16,10.496467320979857,37695,395.6643356643357,-0.9089308941697247,-2007,-53.504335664335656,7.8823975942308255,34251,269.98,12.818185807347247,35060,449.40559440559446,-4.935788213116421,-809,-179.42559440559444,7.096256566944365,45493,322.83,11.781835965721527,40895,481.8181818181818,-4.685579398777162,4598,-158.98818181818183,8.222928379369348,49092,403.68,11.990413721391002,41595,498.7412587412588,-3.7674853420216543,7497,-95.06125874125877,8.212412924451574,51741.18787120975,424.92,12.874435988277417,39067.5,502.972027972028,-4.662023063825844,12673.687871209753,-78.05202797202799
C027A,2022,394,DBE,DBE,DBE01,DBE001,C 27,C027A,2022,PPKS,2.3000000000000003,,2.3000000000000003,0,0,0,1.4000000000000001,11.200000000000001,14.900000000000002,0,0,0,0,0,0,0,0,0,0,0,0,0,0,0,0,0,0,271,0,0,0,0,0,0,0,,0,29,0,271,29,0,300,130.43478260869563,0,0,0,0,C027A,2022.0,433,DBE001,C027A,2.3000000000000003,0.1712538226299694,327,2022,142.17391304347825,,0,0,,0,0,,0,0,,0,0,,0,0,,0,0,,0,0,,0,0,,0,0,,0,0,,0,0,,0,0,,0,0,,0,0,,0,0,,0,0,,0,0,,0,0,,0,0,,0,0,,0,0,,0,0,,0,0,,0,0,,0,0,,0,0,,0,0,,0,0,,0,0,,0,0,,0,0,,0,0,,0,0,4.824583399822189,1481.9932432432433,7.15,2.4975024975024978,3794,9.475524475524477,2.3270809023196914,-2312.0067567567567,-2.3255244755244764
G025B,2013,463,DBE,DBE,DBE01,DBE001,G 25B,G025B,2013,Topaz,6.2,,6.2,0,0,0,0.4,0,6.6000000000000005,0,0,0,0,0,632,0,0,0,0,0,0,632,101.93548387096774,0,0,0,128,0,0,0,0,0,0,0,0,,0,0,0,632,128,0,760,122.58064516129032,0,0,0,0,G025B,2013.0,394,DBE001,G025B,6.2,0.16842105263157894,760,2013,122.58064516129032,,0,0,,0,0,,0,0,,0,0,,0,0,,0,0,,0,0,2.4975024975024973,8848,22.097902097902097,,-8848,-22.097902097902097,4.001739886907351,2299,9.2,3.4965034965034967,11376,39.77622377622378,0.5052363904038542,-9077,-30.57622377622378,4.175304191077061,8876,37.06,4.370629370629371,10112,44.19580419580419,-0.19532517955230944,-1236,-7.135804195804191,5.054945054945055,12376,62.56,6.118881118881118,10112,61.87412587412587,-1.0639360639360635,2264,0.685874125874129,7.299092525025728,10689,78.02,8.391608391608392,9480,79.55244755244756,-1.092515866582664,1209,-1.5324475524475645,8.196801367354414,8191,67.14,11.48851148851149,8848,101.65034965034965,-3.2917101211570756,-657,-34.51034965034965,9.470102090422946,8228,77.92,13.448090371167293,8216,110.48951048951048,-3.9779882807443467,12,-32.56951048951048,8.439668465690055,10376,87.57,14.568764568764566,7584,110.48951048951048,-6.129096103074511,2792,-22.919510489510486,8.761437908496733,9180,80.43,12.689297457509376,9060,114.96503496503496,-3.927859549012643,120,-34.53503496503495,9.644048941852596,9015.922723355357,86.95,12.807417301799322,9256,118.54545454545453,-3.163368359946727,-240.07727664464255,-31.59545454545453
C027B,2023,395,DBE,DBE,DBE01,DBE001,C 27,C027B,2023,PPKS,0.7,,0.7,0,0,0,0,0,0.7,0,0,0,0,0,0,0,0,0,0,0,0,0,0,0,0,0,0,0,0,88,0,0,0,0,0,,0,5,0,88,5,0,93,132.85714285714286,0,0,0,0,C027B,2023.0,443,DBE001,C027B,0.7,0.1111111111111111,99,2023,141.42857142857144,,0,0,,0,0,,0,0,,0,0,,0,0,,0,0,,0,0,,0,0,,0,0,,0,0,,0,0,,0,0,,0,0,,0,0,,0,0,,0,0,,0,0,,0,0,,0,0,,0,0,,0,0,,0,0,,0,0,,0,0,,0,0,,0,0,,0,0,,0,0,,0,0,,0,0,,0,0,,0,0,,0,0,,0,0,,0,0,,0,0
G028A,2013,467,DBE,DBE,DBE01,DBE001,G 28,G028A,2013,Topaz,30,,30,0,0,0,1.7,0,31.7,0,0,0,0,0,2522,880,0,0,0,0,0,3402,113.4,0,0,0,262,0,0,0,385,0,0,0,0,,0,0,0,2522,1527,0,4049,134.96666666666667,37,2,39,0.009632007903185972,G028A,2013.0,395,DBE001,G028A,30,0.3771301555939738,4049,2013,134.96666666666667,,0,0,,0,0,,0,0,,0,0,,0,0,,0,0,,0,0,2.4975024975024978,35308,88.18181818181819,,-35308,-88.18181818181819,3.986128906467606,71804,286.22,3.2832577360957713,57716,189.49650349650355,0.7028711703718349,14088,96.72349650349648,5.034485670851867,71044,357.67,4.124221450531246,56192,231.74825174825176,0.910264220320621,14852,125.92174825174826,6.009234926432379,67353,404.74,5.666658444436223,54432,308.4475524475525,0.3425764819961561,12921,96.29244755244753,7.558075919535392,47524,359.19,7.77515684084746,51910,403.6083916083917,-0.2170809213120677,-4386,-44.41839160839169,8.12644613934356,46676,379.31,10.64578202369907,48508,516.4055944055945,-2.5193358843555096,-1832,-137.09559440559445,8.59207357127217,41103,353.16,12.912861979505001,45106,582.4475524475525,-4.320788408232831,-4003,-229.2875524475525,7.738615399553355,51495,398.5,14.261347706580779,41704,594.7552447552448,-6.5227323070274235,9791,-196.2552447552448,8.060535506402793,51540,415.44,13.969514559369062,43231,603.916083916084,-5.908979052966268,8309,-188.47608391608395,9.843402865628393,48677.2721324976,479.15,14.355882268888987,42578,611.2447552447553,-4.512479403260594,6099.272132497601,-132.09475524475533
C028A,2022,396,DBE,DBE,DBE01,DBE001,C 28,C028A,2022,PPKS,3.2,,3.2,0,0,0,1.2,22.700000000000003,27.1,0,0,0,0,0,0,0,0,0,0,0,0,0,0,0,0,0,0,354,0,0,0,0,0,0,0,,0,76,0,354,76,0,430,134.375,0,0,0,0,C028A,2022.0,434,DBE001,C028A,3.2,0.22026431718061673,454,2022,141.875,,0,0,,0,0,,0,0,,0,0,,0,0,,0,0,,0,0,,0,0,,0,0,,0,0,,0,0,,0,0,,0,0,,0,0,,0,0,,0,0,,0,0,,0,0,,0,0,,0,0,,0,0,,0,0,,0,0,,0,0,,0,0,,0,0,,0,0,,0,0,,0,0,,0,0,,0,0,,0,0,,0,0,4.698965301729126,2592.06,12.18,2.4975024975024978,4956,12.377622377622378,2.2014628042266287,-2363.94,-0.19762237762237866
G029A,2013,468,DBE,DBE,DBE01,DBE001,G 29,G029A,2013,Topaz,26,,26,3.1,0,0,3.65518073593,0,32.755180735930004,0,0,0,0,0,2538,566,0,0,0,0,0,3104,119.38461538461539,0,0,0,222,0,0,0,0,0,0,0,0,,0,0,0,2538,788,0,3326,127.92307692307692,39,6,45,0.013529765484064944,G029A,2013.0,396,DBE001,G029A,26,0.2639211136890951,3448,2013,132.6153846153846,,0,0,,0,0,,0,0,2.802988378527947,7228,20.26,,0,0,,7228,20.26,3.201840110597321,41954,134.33,2.4975024975024973,35532,88.74125874125873,0.7043376130948236,6422,45.58874125874128,4.026450285410859,60264,242.65,3.3488374034561166,53608,179.52447552447552,0.6776128819547425,6656,63.125524475524486,4.767865270823851,61516,293.3,4.195308589355364,50796,213.1048951048951,0.5725566814684866,10720,80.19510489510492,5.830596116946893,61498,358.57,5.800095523033667,49664,288.05594405594405,0.030500593913226126,11834,70.51405594405594,7.259897255695816,52363,380.15,7.954868201865613,47126,374.8811188811189,-0.6949709461697973,5237,5.268881118881097,8.243801165451671,42387,349.43,10.891248590580743,44022,479.4545454545455,-2.647447425129071,-1635,-130.0245454545455,7.342192691029901,43344,318.24,13.068606939275105,40918,534.7412587412588,-5.726414248245204,2426,-216.50125874125877,7.561019182242469,44781,338.59,14.35069928220613,37814,542.6573426573426,-6.78968009996366,6967,-204.06734265734264,8.21848855382918,43508,357.57,14.081909085362916,39087,550.4195804195804,-5.863420531533736,4421,-192.84958041958038,10.121029378274006,40447.46682375623,409.37,14.486879489612226,38423,556.6293706293706,-4.36585011133822,2024.4668237562291,-147.25937062937055
C029A,0,397,DBE,DBE,DBE01,DBE001,C 29,C029A,0,0,0,,0,0,0,0,0.128,15.000000000000002,15.128000000000002,0,0,0,0,0,0,0,0,0,0,0,0,0,0,0,0,0,0,0,0,0,0,0,0,0,0,,0,0,0,0,0,0,0,0,0,0,0,0,,,,,,,,,,,,,,,,,,,,,,,,,,,,,,,,,,,,,,,,,,,,,,,,,,,,,,,,,,,,,,,,,,,,,,,,,,,,,,,,,,,,,,,,,,,,,,,,,,,,,,,,,,,,,,,,,,,,,,
D027A,2015,399,DBE,DBE,DBE01,DBE001,D 27A,D027A,2015,Topaz,6.300000000000001,,6.300000000000001,0,0,0,0.5,0,6.800000000000001,0,0,0,0,0,0,0,647,0,0,0,0,647,102.69841269841268,0,178,0,103,0,0,0,0,0,0,0,0,,0,0,0,647,281,0,928,147.3015873015873,1,0,1,0.0010775862068965517,D027A,2015.0,397,DBE001,D027A,6.300000000000001,0.30280172413793105,928,2015,147.3015873015873,,0,0,,0,0,,0,0,,0,0,,0,0,,0,0,,0,0,,0,0,,0,0,,0,0,,0,0,,0,0,2.776349614395887,389,1.08,2.497502497502497,9058,22.62237762237762,0.2788471168933899,-8669,-21.54237762237762,4.314298907187933,6497,28.03,3.4965034965034967,11646,40.72027972027972,0.8177954106844361,-5149,-12.690279720279719,7.643387815750372,6730,51.44,4.37062937062937,10352,45.24475524475524,3.272758445121002,-3622,6.195244755244758,4.966963516230968,10443,51.87,6.118881118881117,10352,63.34265734265733,-1.1519176026501494,91,-11.472657342657335,6.155516941789748,6906,42.51,8.391608391608392,9705,81.44055944055944,-2.2360914498186437,-2799,-38.93055944055944,5.884871117588123,10979,64.61,9.548633184996822,11550,110.2867132867133,-3.6637620674086993,-571,-45.676713286713294,7.245580745031459,10013,72.55,9.796743809150945,13057,127.91608391608389,-2.5511630641194856,-3044,-55.366083916083895,9.132275951808841,9007.612169637368,82.26,10.592167338517408,12466,132.04195804195803,-1.4598913867085663,-3458.3878303626316,-49.78195804195802
D026A,2021,398,DBE,DBE,DBE01,DBE001,D 26,D026A,2021,SRIWIJAYA,0.8,,0.8,0,0,0,1.9000000000000001,8.1,10.8,0,0,0,0,0,0,0,0,0,0,0,0,0,0,0,0,103,0,0,0,0,0,0,0,0,0,,0,0,0,103,0,0,103,128.75,2,0,2,0.019417475728155338,D026A,2021.0,423,DBE001,D026A,0.8,0.09649122807017543,114,2021,142.5,,0,0,,0,0,,0,0,,0,0,,0,0,,0,0,,0,0,,0,0,,0,0,,0,0,,0,0,,0,0,,0,0,,0,0,,0,0,,0,0,,0,0,,0,0,,0,0,,0,0,,0,0,,0,0,,0,0,,0,0,,0,0,,0,0,,0,0,,0,0,,0,0,,0,0,4.57516339869281,153,0.7,2.4975024975024978,1442,3.6013986013986017,2.0776609011903124,-1289,-2.9013986013986015,5.921145719803437,584.3463687150838,3.46,3.4965034965034967,1854,6.4825174825174825,2.4246422232999407,-1269.6536312849162,-3.0225174825174825
E027B,2015,425,DBE,DBE,DBE01,DBE001,E 27B,E027B,2015,Topaz,4.4,,4.4,0,0,0,0.1,0,4.5,0,0,0,0,0,0,0,496,0,0,0,0,496,112.72727272727272,0,0,0,47,0,0,0,0,0,0,0,0,,0,0,0,496,47,0,543,123.40909090909089,21,0,21,0.03867403314917127,E027B,2015.0,398,DBE001,E027B,4.4,0.13286713286713286,572,2015,130,,0,0,,0,0,,0,0,,0,0,,0,0,,0,0,,0,0,,0,0,,0,0,,0,0,,0,0,,0,0,1.994459833795014,361,0.72,2.4975024975024978,6944,17.342657342657343,-0.5030426637074839,-6583,-16.622657342657345,3.361600347901718,4599,15.46,3.4965034965034962,8928,31.216783216783213,-0.13490314860177843,-4329,-15.756783216783212,6.980407222435651,5206,36.34,4.370629370629371,7936,34.68531468531469,2.60977785180628,-2730,1.6546853146853167,4.799210934197548,7097,34.06,6.118881118881119,7936,48.55944055944056,-1.319670184683571,-839,-14.499440559440558,6.911128903122498,6245,43.16,8.39160839160839,7440,62.433566433566426,-1.4804794884858916,-1195,-19.27356643356643,7.718836993504485,6466,49.91,11.488511488511488,6944,79.77622377622377,-3.7696744950070027,-478,-29.866223776223777,10.601384482261322,6934,73.51,12.434089974196924,7106,88.35664335664335,-1.8327054919356023,-172,-14.846643356643341,8.064799735524238,8786.33100929615,70.86,13.190839757477002,6798,89.67132867132867,-5.126040021952765,1988.3310092961492,-18.811328671328667
D027B,2016,400,DBE,DBE,DBE01,DBE001,D 27B,D027B,2016,Topaz,2.2,,2.2,0,0,0,0.1,0,2.3000000000000003,0,0,0,0,0,0,0,0,38,0,0,0,38,17.27272727272727,0,294,0,0,0,0,0,0,0,0,0,0,,0,0,0,38,294,0,332,150.9090909090909,0,0,0,0,D027B,2016.0,399,DBE001,D027B,2.2,0.8855421686746988,332,2016,150.9090909090909,,0,0,,0,0,,0,0,,0,0,,0,0,,0,0,,0,0,,0,0,,0,0,,0,0,,0,0,,0,0,,0,0,,0,0,,0,0,3.2780082987551866,2169,7.11,2.4975024975024978,532,1.3286713286713288,0.7805058012526889,1637,5.781328671328671,5.0957535387177355,2402,12.24,3.4965034965034967,684,2.3916083916083917,1.5992500422142388,1718,9.848391608391609,8.511796733212341,1653,14.07,4.370629370629371,608,2.6573426573426575,4.14116736258297,1045,11.412657342657344,6.404451266308519,2606,16.69,6.11888111888112,608,3.720279720279721,0.28557014742739906,1998,12.969720279720281,7.0704904851246315,3731,26.38,3.214455199090283,4686,15.062937062937065,3.8560352860343485,-955,11.317062937062934,8.996084015663937,2809,25.27,4.2265426880811505,5824,24.61538461538462,4.769541327582787,-3015,0.6546153846153793,9.877193386232284,2520.9590443686006,24.9,5.233319969757062,5198,27.202797202797207,4.643873416475222,-2677.0409556313994,-2.3027972027972083
D028A,2016,408,DBE,DBE,DBE01,DBE001,D 28,D028A,2016,Topaz/Socfindo,1,,1,0,0,0,0,0,1,0,0,0,0,0,0,0,0,135,0,0,0,135,135,0,0,0,4,0,0,0,0,0,0,0,0,,0,0,0,135,4,0,139,139,0,0,0,0,D028A,2016.0,400,DBE001,D028A,1,0.02877697841726619,139,2016,139,,0,0,,0,0,,0,0,,0,0,,0,0,,0,0,,0,0,,0,0,,0,0,,0,0,,0,0,,0,0,,0,0,,0,0,,0,0,2.6452732003469213,1153,3.05,2.4975024975024973,1890,4.72027972027972,0.14777070284442395,-737,-1.6702797202797202,6.39853747714808,1094,7,3.4965034965034967,2430,8.496503496503497,2.9020339806445836,-1336,-1.4965034965034967,4.68327016783974,1847,8.65,4.370629370629371,2160,9.44055944055944,0.31264079721036886,-313,-0.7905594405594396,4.73501303214596,1151,5.45,6.118881118881118,2160,13.216783216783215,-1.3838680867351583,-1009,-7.766783216783215,3.3933333333333335,1500,5.09,8.391608391608392,2025,16.993006993006993,-4.998275058275058,-525,-11.903006993006993,6.114195083267248,1261,7.71,11.229777416827776,1946,21.853146853146853,-5.115582333560528,-685,-14.143146853146852,8.004135017111155,1080.6914153132252,8.65,13.055909607633744,1827,23.85314685314685,-5.051774590522589,-746.3085846867748,-15.20314685314685
D027C,2017,401,DBE,DBE,DBE01,DBE001,D 27C,D027C,2017,Topaz,0.6,,0.6,0,0,0,0,0,0.6,0,0,0,0,0,0,0,0,0,68,0,0,68,113.33333333333334,0,24,0,0,0,0,0,0,0,0,0,0,,0,0,0,68,24,0,92,153.33333333333334,1,0,1,0.010869565217391304,D027C,2017.0,402,DBE001,D027C,0.6,0.2608695652173913,92,2017,153.33333333333334,,0,0,,0,0,,0,0,,0,0,,0,0,,0,0,,0,0,,0,0,,0,0,,0,0,,0,0,,0,0,,0,0,,0,0,,0,0,,0,0,,0,0,,0,0,3.0555555555555554,540,1.65,2.4975024975024973,952,2.3776223776223775,0.558053058053058,-412,-0.7276223776223776,2.749778956675508,1131,3.11,3.4965034965034967,1224,4.27972027972028,-0.7467245398279885,-93,-1.1697202797202801,5.416666666666667,528,2.86,4.37062937062937,1088,4.755244755244755,1.046037296037297,-560,-1.895244755244755,5.219399538106235,866,4.52,5.2643985228254895,1424,7.496503496503497,-0.04499898471925423,-558,-2.976503496503497,7.300832342449465,841,6.14,6.935213546783794,1452,10.06993006993007,0.3656187956656707,-611,-3.9299300699300703,9.537131167607894,710.9056047197641,6.78,9.442653155228005,1336,12.615384615384615,0.09447801237988962,-625.0943952802359,-5.835384615384615
F025B,2016,432,DBE,DBE,DBE01,DBE001,F 25B,F025B,2016,Topaz/Lonsum,0.6,,0.6,0,0,0,0,0,0.6,0,0,0,0,0,0,0,0,25,0,36,0,61,101.66666666666667,0,0,0,0,0,0,0,0,0,0,0,0,,0,0,0,25,36,0,61,101.66666666666667,0,0,0,0,F025B,2016.0,401,DBE001,F025B,0.6,0.6794871794871795,78,2016,130,,0,0,,0,0,,0,0,,0,0,,0,0,,0,0,,0,0,,0,0,,0,0,,0,0,,0,0,,0,0,,0,0,,0,0,,0,0,2.3877068557919623,846,2.02,2.4975024975024973,350,0.8741258741258742,-0.10979564171053502,496,1.1458741258741258,5.020040080160321,998,5.01,3.4965034965034967,450,1.5734265734265735,1.5235365836568242,548,3.4365734265734265,8.19047619047619,630,5.16,3.3263196980011145,904,3.0069930069930075,4.864156492475075,-274,2.1530069930069926,4.140625,640,2.65,4.497410985960604,1048,4.713286713286713,-0.3567859859606042,-408,-2.0632867132867134,5.409395973154363,745,4.03,5.956188921488606,951,5.664335664335665,-0.5467929483342431,-206,-1.6343356643356648,5.340501792114695,837,4.47,8.148439033968192,926,7.545454545454545,-2.8079372418534962,-89,-3.075454545454545,7.353449545408743,641.8756218905473,4.72,10.291442661384856,865,8.902097902097902,-2.937993115976113,-223.12437810945266,-4.182097902097902
D027D,2018,402,DBE,DBE,DBE01,DBE001,D 27D,D027D,2018,Lonsum,3.5,,3.5,0,0,0,0.1,0,3.6,0,0,0,0,0,0,0,0,0,0,372,0,372,106.28571428571429,0,0,0,0,0,0,0,0,0,0,0,0,,0,119,0,372,119,0,491,140.28571428571428,1,1,2,0.004073319755600814,D027D,2018.0,409,DBE001,D027D,3.5,0.25301204819277107,498,2018,142.28571428571428,,0,0,,0,0,,0,0,,0,0,,0,0,,0,0,,0,0,,0,0,,0,0,,0,0,,0,0,,0,0,,0,0,,0,0,,0,0,,0,0,,0,0,,0,0,,0,0,,0,0,,0,0,2.825410928476233,2251,6.36,2.4975024975024973,5208,13.006993006993005,0.3279084309737357,-2957,-6.6469930069930045,3.639586410635155,3385,12.32,3.4965034965034962,6696,23.41258741258741,0.14308291413165897,-3311,-11.09258741258741,4.224956822107081,4632,19.57,4.37062937062937,5952,26.01398601398601,-0.14567254852228917,-1320,-6.4439860139860095,6.7587405833494305,5177,34.99,6.118881118881118,5952,36.41958041958041,0.6398594644683122,-775,-1.429580419580411,7.894720332045149,4753.809941520468,37.53,8.391608391608392,5580,46.82517482517482,-0.49688805956324256,-826.1900584795321,-9.295174825174819
D027E,2019,403,DBE,DBE,DBE01,DBE001,D 27E,D027E,2019,SAINS,5.2,,5.2,0,0,0,0.3,0,5.5,0,0,0,0,0,0,0,0,0,0,0,521,521,100.1923076923077,0,6,0,0,0,0,0,0,0,0,0,0,,0,165,0,521,171,0,692,133.07692307692307,1,1,2,0.002890173410404624,D027E,2019.0,413,DBE001,D027E,5.2,0.31716906946264745,763,2019,146.73076923076923,,0,0,,0,0,,0,0,,0,0,,0,0,,0,0,,0,0,,0,0,,0,0,,0,0,,0,0,,0,0,,0,0,,0,0,,0,0,,0,0,,0,0,,0,0,,0,0,,0,0,,0,0,,0,0,,0,0,,0,0,4.091671324762437,3578,14.64,2.4975024975024973,7294,18.216783216783217,1.59416882725994,-3716,-3.576783216783216,5.6785986290936785,6565,37.28,3.4876347495244135,9462,33,2.190963879569265,-2897,4.280000000000001,7.595578074619991,6513,49.47,4.359449172334061,8444,36.81118881118881,3.2361289022859294,-1931,12.658811188811185,9.476929610083157,6768.014814814815,64.14,6.0989769244038685,8432,51.42657342657342,3.377952685679289,-1663.9851851851854,12.713426573426581
D028B,2017,409,DBE,DBE,DBE01,DBE001,D 28B,D028B,2017,Topaz,1,,1,0,0,0,0.1,0,1.1,0,0,0,0,0,0,0,0,0,44,0,0,44,44,0,0,0,119,0,0,0,0,0,0,0,0,,0,0,0,44,119,0,163,163,0,0,0,0,D028B,2017.0,403,DBE001,D028B,1,0.7300613496932515,163,2017,163,,0,0,,0,0,,0,0,,0,0,,0,0,,0,0,,0,0,,0,0,,0,0,,0,0,,0,0,,0,0,,0,0,,0,0,,0,0,,0,0,,0,0,,0,0,2.9698375870069604,862,2.56,2.4975024975024973,616,1.5384615384615383,0.4723350895044631,246,1.0215384615384617,3.001107419712071,903,2.71,3.4965034965034962,792,2.769230769230769,-0.49539607679142517,111,-0.0592307692307692,5.2493438320209975,1143,6,4.37062937062937,704,3.0769230769230766,0.8787144613916276,439,2.9230769230769234,5.445473984319316,1403,7.64,6.118881118881119,704,4.3076923076923075,-0.6734071345618036,699,3.332307692307692,6.490658001624696,1231,7.99,4.1699487099315125,2326,9.699300699300698,2.3207092916931833,-1095,-1.709300699300698,7.282771417125266,1208.3312101910828,8.8,5.281520509946906,2758,14.566433566433565,2.0012509071783606,-1549.6687898089172,-5.766433566433564
D027F,2020,404,DBE,DBE,DBE01,DBE001,D 27F,D027F,2020,SRIWIJAYA,5.2,,5.2,0,0,0,0.2,0,5.4,0,0,0,0,0,0,0,0,0,0,0,0,0,0,571,0,0,0,0,0,0,2,0,0,0,0,,0,142,0,571,144,0,715,137.5,0,0,0,0,D027F,2020.0,416,DBE001,D027F,5.2,0.24270557029177717,754,2020,145,,0,0,,0,0,,0,0,,0,0,,0,0,,0,0,,0,0,,0,0,,0,0,,0,0,,0,0,,0,0,,0,0,,0,0,,0,0,,0,0,,0,0,,0,0,,0,0,,0,0,,0,0,,0,0,,0,0,,0,0,,0,0,,0,0,,0,0,1.5577889447236182,199,0.31,2.4975024975024973,7994,19.965034965034963,-0.9397135527788791,-7795,-19.655034965034965,5.3747516705797365,5537,29.76,3.4965034965034967,10278,35.93706293706294,1.8782481740762398,-4741,-6.177062937062939,8.557937081717908,5703.477313974591,48.81,4.37062937062937,9136,39.930069930069926,4.187307711088538,-3432.522686025409,8.879930069930076
E026B,2017,420,DBE,DBE,DBE01,DBE001,E 26B,E026B,2017,Socfin,0.7,,0.7,0,0,0,0.2,0,0.8999999999999999,0,0,0,0,0,0,0,0,0,137,0,0,137,195.71428571428572,0,0,0,0,0,0,0,0,0,0,0,0,,0,0,0,137,0,0,137,195.71428571428572,0,0,0,0,E026B,2017.0,404,DBE001,E026B,0.7,0,137,2017,195.71428571428572,,0,0,,0,0,,0,0,,0,0,,0,0,,0,0,,0,0,,0,0,,0,0,,0,0,,0,0,,0,0,,0,0,,0,0,,0,0,,0,0,,0,0,,0,0,4.392712550607287,988,4.34,2.4975024975024978,1918,4.79020979020979,1.8952100531047895,-930,-0.45020979020979013,2.5730659025787967,1745,4.49,3.496503496503497,2466,8.622377622377623,-0.9234375939247004,-721,-4.132377622377623,4.187256176853056,769,3.22,4.370629370629371,2192,9.58041958041958,-0.18337319377631456,-1423,-6.360419580419579,5.031766200762389,787,3.96,6.118881118881119,2192,13.412587412587412,-1.08711491811873,-1405,-9.452587412587413,6.918798665183537,899,6.22,8.391608391608393,2055,17.244755244755247,-1.472809726424856,-1156,-11.024755244755248,7.682179341657209,843.5106382978722,6.48,11.488511488511488,1918,22.034965034965033,-3.8063321468542792,-1074.4893617021278,-15.554965034965033
D027G,2021,405,DBE,DBE,DBE01,DBE001,D 27G,D027G,2021,SRIWIJAYA,0.5,,0.5,0,0,0,0,0,0.5,0,0,0,0,0,0,0,0,0,0,0,0,0,0,0,0,63,0,0,0,0,0,0,0,0,0,,0,5,0,63,5,0,68,136,0,0,0,0,D027G,2021.0,424,DBE001,D027G,0.5,0.136986301369863,73,2021,146,,0,0,,0,0,,0,0,,0,0,,0,0,,0,0,,0,0,,0,0,,0,0,,0,0,,0,0,,0,0,,0,0,,0,0,,0,0,,0,0,,0,0,,0,0,,0,0,,0,0,,0,0,,0,0,,0,0,,0,0,,0,0,,0,0,,0,0,,0,0,,0,0,,0,0,4.444444444444445,99,0.44,2.4975024975024973,882,2.202797202797203,1.9469419469419473,-783,-1.762797202797203,5.672920667750038,564.0833333333333,3.2,3.4965034965034967,1134,3.9650349650349654,2.176417171246541,-569.9166666666667,-0.7650349650349653
F025C,2017,433,DBE,DBE,DBE01,DBE001,F 25C,F025C,2017,Topaz/Socfin,9.2,,9.2,0,0,0,0.9,0,10.1,0,0,0,0,0,0,0,0,0,1145,0,0,1145,124.45652173913045,0,0,0,0,0,0,0,0,0,0,0,0,,0,0,0,1145,0,0,1145,124.45652173913045,0,0,0,0,F025C,2017.0,405,DBE001,F025C,9.2,0.06070549630844955,1219,2017,132.5,,0,0,,0,0,,0,0,,0,0,,0,0,,0,0,,0,0,,0,0,,0,0,,0,0,,0,0,,0,0,,0,0,,0,0,,0,0,,0,0,,0,0,,0,0,2.804465990891729,6807,19.09,2.4975024975024973,16030,40.03496503496503,0.3069634933892318,-9223,-20.944965034965033,2.818106123684808,13211,37.23,3.4965034965034962,20610,72.06293706293705,-0.6783973728186883,-7399,-34.832937062937056,4.9035725576983875,6326,31.02,4.37062937062937,18320,80.06993006993007,0.5329431870690176,-11994,-49.04993006993007,6.1486904516395136,9698,59.63,6.118881118881118,18320,112.0979020979021,0.029809332758395257,-8622,-52.46790209790209,6.262376237623762,14544,91.08,8.39160839160839,17175,144.1258741258741,-2.1292321539846277,-2631,-53.04587412587411,7.09015125013514,12798.034456355283,90.74,11.488511488511488,16030,184.16083916083915,-4.398360238376348,-3231.9655436447174,-93.42083916083915
D027H,2022,406,DBE,DBE,DBE01,DBE001,D 27G,D027H,2022,SRIWIJAYA,1,,1,0,0,0,0.2274374095388339,0.2,1.4274374095388338,0,0,0,0,0,0,0,0,0,0,0,0,0,0,0,0,0,0,95,0,0,5,0,0,0,0,,0,31,0,95,36,0,131,131,0,0,0,0,D027H,2022.0,435,DBE001,D027H,1,0.33098591549295775,142,2022,142,,0,0,,0,0,,0,0,,0,0,,0,0,,0,0,,0,0,,0,0,,0,0,,0,0,,0,0,,0,0,,0,0,,0,0,,0,0,,0,0,,0,0,,0,0,,0,0,,0,0,,0,0,,0,0,,0,0,,0,0,,0,0,,0,0,,0,0,,0,0,,0,0,,0,0,,0,0,,0,0,,0,0,4.676295007696832,1005.0691823899372,4.7,2.4975024975024973,1330,3.3216783216783217,2.178792510194335,-324.93081761006283,1.3783216783216785
F029A,2017,441,DBE,DBE,DBE01,DBE001,F 29,F029A,2017,Socfin,3.1,,3.1,0,0,0,0.4,0,3.5,0,0,0,0,0,0,0,0,0,428,0,0,428,138.06451612903226,0,0,0,0,0,0,0,0,0,0,0,0,,0,2,0,428,2,0,430,138.70967741935485,0,0,0,0,F029A,2017.0,406,DBE001,F029A,3.1,0.020594965675057208,437,2017,140.96774193548387,,0,0,,0,0,,0,0,,0,0,,0,0,,0,0,,0,0,,0,0,,0,0,,0,0,,0,0,,0,0,,0,0,,0,0,,0,0,,0,0,,0,0,,0,0,2.060333761232349,3116,6.42,2.4975024975024978,5992,14.965034965034965,-0.43716873627014863,-2876,-8.545034965034965,2.502692998204668,5570,13.94,3.4965034965034962,7704,26.937062937062937,-0.9938104982988283,-2134,-12.997062937062937,3.397806004618938,3464,11.77,4.370629370629371,6848,29.93006993006993,-0.9728233660104331,-3384,-18.16006993006993,3.1542461005199307,4616,14.56,6.118881118881118,6848,41.9020979020979,-2.9646350183611876,-2232,-27.342097902097898,3.536682615629984,5016,17.74,8.391608391608392,6420,53.87412587412587,-4.8549257759784075,-1404,-36.13412587412587,5.12642404029305,3501.466101694915,17.95,11.48851148851149,5992,68.83916083916084,-6.36208744821844,-2490.533898305085,-50.88916083916084
D027I,2023,407,DBE,DBE,DBE01,DBE001,D 27H,D027I,2023,PPKS,3.7,,3.7,0,0,0,0,0,3.7,0,0,0,0,0,0,0,0,0,0,0,0,0,0,0,0,0,0,0,0,463,0,0,0,0,0,,0,34,0,463,34,0,497,134.32432432432432,0,0,0,0,D027I,2023.0,444,DBE001,D027I,3.7,0.12310606060606061,528,2023,142.7027027027027,,0,0,,0,0,,0,0,,0,0,,0,0,,0,0,,0,0,,0,0,,0,0,,0,0,,0,0,,0,0,,0,0,,0,0,,0,0,,0,0,,0,0,,0,0,,0,0,,0,0,,0,0,,0,0,,0,0,,0,0,,0,0,,0,0,,0,0,,0,0,,0,0,,0,0,,0,0,,0,0,,0,0,,0,0,,0,0,,0,0
F030A,2017,448,DBE,DBE,DBE01,DBE001,F 30,F030A,2017,Socfin,3.9,,3.9,0,0,0,0.5,0.4,4.800000000000001,0,0,0,0,0,0,0,0,0,456,0,0,456,116.92307692307692,0,0,0,0,0,0,0,0,0,0,0,0,,0,0,0,456,0,0,456,116.92307692307692,0,0,0,0,F030A,2017.0,407,DBE001,F030A,3.9,0.17985611510791366,556,2017,142.56410256410257,,0,0,,0,0,,0,0,,0,0,,0,0,,0,0,,0,0,,0,0,,0,0,,0,0,,0,0,,0,0,,0,0,,0,0,,0,0,,0,0,,0,0,,0,0,1.9092254563394178,4054,7.74,2.4975024975024978,6384,15.944055944055945,-0.58827704116308,-2330,-8.204055944055945,2.5549915397631136,5910,15.1,3.496503496503497,8208,28.699300699300704,-0.9415119567403836,-2298,-13.599300699300704,3.3583583583583585,3996,13.42,4.370629370629371,7296,31.88811188811189,-1.0122710122710123,-3300,-18.468111888111892,4.222742344450946,5127,21.65,6.118881118881118,7296,44.64335664335664,-1.896138774430172,-2169,-22.99335664335664,5.015723270440252,5088,25.52,8.391608391608393,6840,57.39860139860141,-3.3758851211681415,-1752,-31.878601398601408,7.472127037191809,3859.677419354839,28.84,11.488511488511488,6384,73.34265734265735,-4.016384451319679,-2524.322580645161,-44.50265734265734
G025C,2017,464,DBE,DBE,DBE01,DBE001,G 25C,G025C,2017,Topaz/Socfin,2.5,,2.5,0,0,0,0.2,0,2.7,0,0,0,0,0,0,0,0,0,303,0,0,303,121.2,0,0,0,12,0,0,0,0,0,0,0,0,,0,12,0,303,24,0,327,130.8,0,0,0,0,G025C,2017.0,408,DBE001,G025C,2.5,0.07339449541284404,327,2017,130.8,,0,0,,0,0,,0,0,,0,0,,0,0,,0,0,,0,0,,0,0,,0,0,,0,0,,0,0,,0,0,,0,0,,0,0,,0,0,,0,0,,0,0,,0,0,3.144236572118286,1657,5.21,2.4975024975024978,4242,10.594405594405597,0.6467340746157881,-2585,-5.384405594405597,3.0005688282138796,3516,10.55,3.496503496503497,5454,19.069930069930074,-0.4959346682896175,-1938,-8.519930069930073,4.584504215174628,2491,11.42,4.370629370629372,4848,21.188811188811194,0.21387484454525652,-2357,-9.768811188811194,5.706806282722514,2865,16.35,6.118881118881119,4848,29.664335664335667,-0.4120748361586051,-1983,-13.314335664335665,5.762822606991179,3061,17.64,8.1815065901635,4713,38.55944055944057,-2.41868398317232,-1652,-20.919440559440567,5.911510285753541,3082.1226927252983,18.22,11.101280953232504,4458,49.4895104895105,-5.189770667478963,-1375.8773072747017,-31.269510489510502
D028C,2020,410,DBE,DBE,DBE01,DBE001,D 28C,D028C,2020,SRIWIJAYA,3.8,,3.8,0,0,0,0.1,0,3.9,0,0,0,0,0,0,0,0,0,0,0,0,0,0,433,0,0,11,0,0,0,0,0,0,0,0,,0,77,0,433,88,0,521,137.10526315789474,0,0,0,0,D028C,2020.0,417,DBE001,D028C,3.8,0.23090586145648312,563,2020,148.1578947368421,,0,0,,0,0,,0,0,,0,0,,0,0,,0,0,,0,0,,0,0,,0,0,,0,0,,0,0,,0,0,,0,0,,0,0,,0,0,,0,0,,0,0,,0,0,,0,0,,0,0,,0,0,,0,0,,0,0,,0,0,,0,0,,0,0,,0,0,1.637239165329053,623,1.02,2.4975024975024978,6062,15.13986013986014,-0.8602633321734448,-5439,-14.11986013986014,3.484303858135634,4173,14.54,3.477146909456924,7948,27.636363636363633,0.007156948678709973,-3775,-13.096363636363634,4.790187831059473,4102.135593220339,19.65,4.346341281508276,7126,30.972027972027973,0.4438465495511972,-3023.8644067796613,-11.322027972027975
F029B,2018,442,DBE,DBE,DBE01,DBE001,F 29B,F029B,2018,Lonsum,3.3000000000000003,,3.3000000000000003,0,0,0,0.30000000000000004,0,3.6000000000000005,0,0,0,0,0,0,0,0,0,0,349,0,349,105.75757575757575,0,0,0,0,0,0,0,73,0,0,0,0,,0,15,0,349,88,0,437,132.4242424242424,0,0,0,0,F029B,2018.0,410,DBE001,F029B,3.3000000000000003,0.20137299771167047,437,2018,132.4242424242424,,0,0,,0,0,,0,0,,0,0,,0,0,,0,0,,0,0,,0,0,,0,0,,0,0,,0,0,,0,0,,0,0,,0,0,,0,0,,0,0,,0,0,,0,0,,0,0,,0,0,,0,0,3.4979702300405955,1478,5.17,2.4975024975024973,4886,12.202797202797202,1.0004677325380982,-3408,-7.032797202797202,4.65682362330407,2506,11.67,3.4965034965034962,6282,21.965034965034963,1.1603201268005736,-3776,-10.295034965034963,4.84323971260614,3062,14.83,4.37062937062937,5584,24.405594405594403,0.47261034197677,-2522,-9.575594405594403,4.175371083012644,3638,15.19,6.118881118881118,5584,34.16783216783217,-1.9435100358684743,-1946,-18.97783216783217,4.631847342221711,3629.2215088282505,16.81,8.391608391608392,5235,43.930069930069926,-3.7597610493866807,-1605.7784911717495,-27.120069930069928
D028D,2021,411,DBE,DBE,DBE01,DBE001,D 28D,D028D,2021,SRIWIJAYA,2.5999999999999996,,2.5999999999999996,0,0,0,0.2,0,2.8,0,0,0,0,0,0,0,0,0,0,0,0,0,0,0,0,356,0,0,0,0,0,0,0,0,0,,0,20,0,356,20,0,376,144.61538461538464,0,0,0,0,D028D,2021.0,425,DBE001,D028D,2.5999999999999996,0.05319148936170213,376,2021,144.61538461538464,,0,0,,0,0,,0,0,,0,0,,0,0,,0,0,,0,0,,0,0,,0,0,,0,0,,0,0,,0,0,,0,0,,0,0,,0,0,,0,0,,0,0,,0,0,,0,0,,0,0,,0,0,,0,0,,0,0,,0,0,,0,0,,0,0,,0,0,,0,0,,0,0,,0,0,4.63265306122449,490,2.27,2.4975024975024978,4984,12.447552447552448,2.135150563721992,-4494,-10.177552447552449,6.622969944432505,2486.799749687109,16.47,3.496503496503496,6408,22.405594405594403,3.126466447929009,-3921.200250312891,-5.935594405594404
F030B,2018,449,DBE,DBE,DBE01,DBE001,F 30B,F030B,2018,Lonsum,8,,8,0,0,0,0.30000000000000004,0,8.3,0,0,0,0,0,0,0,0,0,0,643,0,643,80.375,0,9,0,6,0,0,0,236,0,0,0,0,,0,149,0,643,400,0,1043,130.375,0,0,0,0,F030B,2018.0,411,DBE001,F030B,8,0.4165154264972777,1102,2018,137.75,,0,0,,0,0,,0,0,,0,0,,0,0,,0,0,,0,0,,0,0,,0,0,,0,0,,0,0,,0,0,,0,0,,0,0,,0,0,,0,0,,0,0,,0,0,,0,0,,0,0,,0,0,2.9773141248551083,6039,17.98,2.4975024975024978,9002,22.482517482517483,0.4798116273526105,-2963,-4.502517482517483,4.069520983467571,7077,28.8,3.4965034965034962,11574,40.46853146853147,0.573017486964075,-4497,-11.668531468531466,4.6902818991097925,10784,50.58,4.347966226207055,10414,45.27972027972028,0.34231567290273723,370,5.300279720279718,6.288248337028825,9020,56.72,6.049674646598892,10534,63.72727272727273,0.23857369042993248,-1514,-7.007272727272728,7.429248640774186,8466.535855965823,62.9,8.279686363954323,9897,81.94405594405593,-0.8504377231801366,-1430.4641440341766,-19.044055944055934
D028E,2022,412,DBE,DBE,DBE01,DBE001,D 28E,D028E,2022,SRIWIJAYA,2.2,,2.2,0,0,0,0.5,8.2,10.899999999999999,0,0,0,0,0,0,0,0,0,0,0,0,0,0,0,0,0,0,230,0,0,0,0,0,0,0,,0,50,0,230,50,0,280,127.27272727272727,0,0,0,0,D028E,2022.0,436,DBE001,D028E,2.2,0.26282051282051283,312,2022,141.8181818181818,,0,0,,0,0,,0,0,,0,0,,0,0,,0,0,,0,0,,0,0,,0,0,,0,0,,0,0,,0,0,,0,0,,0,0,,0,0,,0,0,,0,0,,0,0,,0,0,,0,0,,0,0,,0,0,,0,0,,0,0,,0,0,,0,0,,0,0,,0,0,,0,0,,0,0,,0,0,,0,0,,0,0,6.066173006990371,1549.5766423357666,9.4,2.4975024975024973,3220,8.041958041958042,3.5686705094878737,-1670.4233576642334,1.3580419580419587
F031A,2018,454,DBE,DBE,DBE01,DBE001,F 31,F031A,2018,Lonsum,10.200000000000001,,10.200000000000001,0,0,0,0.7,0,10.9,0,0,0,0,0,0,0,0,0,0,1087,0,1087,106.56862745098039,0,8,0,47,0,0,0,218,0,0,0,0,,0,150,0,1087,423,0,1510,148.0392156862745,1,0,1,0.0006622516556291391,F031A,2018.0,412,DBE001,F031A,10.200000000000001,0.28108465608465605,1512,2018,148.23529411764704,,0,0,,0,0,,0,0,,0,0,,0,0,,0,0,,0,0,,0,0,,0,0,,0,0,,0,0,,0,0,,0,0,,0,0,,0,0,,0,0,,0,0,,0,0,,0,0,,0,0,,0,0,3.5084559191434,9993,35.06,2.4975024975024973,15218,38.00699300699301,1.0109534216409028,-5225,-2.9469930069930044,5.080005378512841,7437,37.78,3.4965034965034962,19566,68.41258741258741,1.5835018820093452,-12129,-30.632587412587412,6.149559880481305,12383,76.15,4.358644098132215,17504,76.2937062937063,1.7909157823490895,-5121,-0.14370629370628762,6.303837118245889,12770,80.5,5.967155851733185,18194,108.56643356643357,0.3366812665127039,-5424,-28.066433566433574,7.029143610496388,11691.324655436449,82.18,8.12215159110234,17279,140.34265734265733,-1.0930079806059512,-5587.675344563551,-58.162657342657326
D028F,2023,413,DBE,DBE,DBE01,DBE001,D 28F,D028F,2023,PPKS,3,,3,0,0,0,0,0,3,0,0,0,0,0,0,0,0,0,0,0,0,0,0,0,0,0,0,0,0,339,0,0,0,0,0,,0,31,0,339,31,0,370,123.33333333333333,0,0,0,0,D028F,2023.0,445,DBE001,D028F,3,0.20422535211267606,426,2023,142,,0,0,,0,0,,0,0,,0,0,,0,0,,0,0,,0,0,,0,0,,0,0,,0,0,,0,0,,0,0,,0,0,,0,0,,0,0,,0,0,,0,0,,0,0,,0,0,,0,0,,0,0,,0,0,,0,0,,0,0,,0,0,,0,0,,0,0,,0,0,,0,0,,0,0,,0,0,,0,0,,0,0,,0,0,,0,0,,0,0
D028G,2025,414,DBE,DBE,DBE01,DBE001,D 28F,D028G,2025,,,4,4,0,0,0,0,0,4,,,,,,,,,,,,,0,0,0,0,0,0,0,0,0,0,0,0,0,0,,606,0,0,606,0,0,606,151.5,0,0,0,0,D028G,2025.0,454,DBE001,D028G,4,0,606,2025,151.5,,0,0,,0,0,,0,0,,0,0,,0,0,,0,0,,0,0,,0,0,,0,0,,0,0,,0,0,,0,0,,0,0,,0,0,,0,0,,0,0,,0,0,,0,0,,0,0,,0,0,,0,0,,0,0,,0,0,,0,0,,0,0,,0,0,,0,0,,0,0,,0,0,,0,0,,0,0,,0,0,,0,0,,0,0,,0,0,,0,0
F028A,2019,438,DBE,DBE,DBE01,DBE001,F 28,F028A,2019,SAINS,3,,3,0,0,0,0.4,0,3.4,0,0,0,0,0,0,0,0,0,0,0,345,345,115,0,0,0,0,0,0,0,0,0,0,52,0,,0,19,0,345,71,0,416,138.66666666666666,0,0,0,0,F028A,2019.0,414,DBE001,F028A,3,0.17067307692307693,416,2019,138.66666666666666,,0,0,,0,0,,0,0,,0,0,,0,0,,0,0,,0,0,,0,0,,0,0,,0,0,,0,0,,0,0,,0,0,,0,0,,0,0,,0,0,,0,0,,0,0,,0,0,,0,0,,0,0,,0,0,,0,0,,0,0,3.8354430379746836,3160,12.12,2.4975024975024973,4830,12.062937062937062,1.3379405404721862,-1670,0.057062937062937635,5.852032881581871,4501,26.34,3.4965034965034967,6210,21.713286713286713,2.3555293850783743,-1709,4.6267132867132865,5.984489444205084,4642,27.78,4.370629370629371,5520,24.125874125874123,1.6138600735757134,-878,3.654125874125878,9.143860750984887,4137.2021108179415,37.83,6.118881118881119,5520,33.77622377622378,3.0249796321037676,-1382.7978891820585,4.053776223776218
D029A,2022,415,DBE,DBE,DBE01,DBE001,D 29,D029A,2022,PPKS,0.2,,0.2,0,0,0,0,1.4,1.5999999999999999,0,0,0,0,0,0,0,0,0,0,0,0,0,0,0,0,0,0,30,0,0,0,0,0,0,0,,0,0,0,30,0,0,30,150,0,0,0,0,D029A,2022.0,437,DBE001,D029A,0.2,0,30,2022,150,,0,0,,0,0,,0,0,,0,0,,0,0,,0,0,,0,0,,0,0,,0,0,,0,0,,0,0,,0,0,,0,0,,0,0,,0,0,,0,0,,0,0,,0,0,,0,0,,0,0,,0,0,,0,0,,0,0,,0,0,,0,0,,0,0,,0,0,,0,0,,0,0,,0,0,,0,0,,0,0,,0,0,4.92122125895213,390.1470588235294,1.92,2.4975024975024973,420,1.048951048951049,2.4237187614496327,-29.85294117647061,0.871048951048951
F029C,2019,443,DBE,DBE,DBE01,DBE001,F 29C,F029C,2019,SAINS,1.1,,1.1,0,0,0,0.3,0,1.4000000000000001,0,0,0,0,0,0,0,0,0,0,0,150,150,136.36363636363635,0,0,0,0,0,0,0,0,0,0,5,0,,0,0,0,150,5,0,155,140.9090909090909,0,0,0,0,F029C,2019.0,415,DBE001,F029C,1.1,0.03225806451612903,155,2019,140.9090909090909,,0,0,,0,0,,0,0,,0,0,,0,0,,0,0,,0,0,,0,0,,0,0,,0,0,,0,0,,0,0,,0,0,,0,0,,0,0,,0,0,,0,0,,0,0,,0,0,,0,0,,0,0,,0,0,,0,0,,0,0,2.9945945945945946,925,2.77,2.4975024975024978,2100,5.244755244755245,0.4970920970920969,-1175,-2.474755244755245,3.9309878213802434,1478,5.81,3.496503496503497,2700,9.440559440559442,0.43448432487674626,-1222,-3.630559440559442,4.455316373124592,1533,6.83,4.370629370629371,2400,10.48951048951049,0.08468700249522154,-867,-3.65951048951049,5.545194706306859,1491.3813559322034,8.27,6.118881118881119,2400,14.685314685314687,-0.5736864125742605,-908.6186440677966,-6.415314685314687
D029B,2023,416,DBE,DBE,DBE01,DBE001,D 29,D029B,2023,PPKS,0.5,,0.5,0,0,0,0,0,0.5,0,0,0,0,0,0,0,0,0,0,0,0,0,0,0,0,0,0,0,0,47,0,0,0,0,0,,0,0,0,47,0,0,47,94,0,0,0,0,D029B,2023.0,446,DBE001,D029B,0.5,0.3380281690140845,71,2023,142,,0,0,,0,0,,0,0,,0,0,,0,0,,0,0,,0,0,,0,0,,0,0,,0,0,,0,0,,0,0,,0,0,,0,0,,0,0,,0,0,,0,0,,0,0,,0,0,,0,0,,0,0,,0,0,,0,0,,0,0,,0,0,,0,0,,0,0,,0,0,,0,0,,0,0,,0,0,,0,0,,0,0,,0,0,,0,0,,0,0
D033A,2023,417,DBE,DBE,DBE01,DBE001,D 33,D033A,2023,PPKS,2.3,,2.3,0,0,0,0.4,1,3.6999999999999997,0,0,0,0,0,0,0,0,0,0,0,0,0,0,0,0,0,0,0,0,302,0,0,0,0,0,,0,2,0,302,2,0,304,132.17391304347828,0,0,0,0,D033A,2023.0,447,DBE001,D033A,2.3,0.09036144578313253,332,2023,144.34782608695653,,0,0,,0,0,,0,0,,0,0,,0,0,,0,0,,0,0,,0,0,,0,0,,0,0,,0,0,,0,0,,0,0,,0,0,,0,0,,0,0,,0,0,,0,0,,0,0,,0,0,,0,0,,0,0,,0,0,,0,0,,0,0,,0,0,,0,0,,0,0,,0,0,,0,0,,0,0,,0,0,,0,0,,0,0,,0,0,,0,0
D034A,2023,418,DBE,DBE,DBE01,DBE001,D 34,D034A,2023,PPKS,0.1,,0.1,0,0,0,1,11.3,12.4,0,0,0,0,0,0,0,0,0,0,0,0,0,0,0,0,0,0,0,0,11,0,0,0,0,0,,0,0,0,11,0,0,11,110,2,2,4,0.36363636363636365,D034A,2023.0,448,DBE001,D034A,0.1,0.21428571428571427,14,2023,140,,0,0,,0,0,,0,0,,0,0,,0,0,,0,0,,0,0,,0,0,,0,0,,0,0,,0,0,,0,0,,0,0,,0,0,,0,0,,0,0,,0,0,,0,0,,0,0,,0,0,,0,0,,0,0,,0,0,,0,0,,0,0,,0,0,,0,0,,0,0,,0,0,,0,0,,0,0,,0,0,,0,0,,0,0,,0,0,,0,0
E026C,2020,421,DBE,DBE,DBE01,DBE001,E 26C,E026C,2020,SRIWIJAYA,1.0999999999999999,,1.0999999999999999,0,0,0,0.2,0,1.2999999999999998,0,0,0,0,0,0,0,0,0,0,0,0,0,0,134,0,0,0,0,0,0,0,0,0,0,0,,0,4,0,134,4,0,138,125.45454545454547,0,0,0,0,E026C,2020.0,418,DBE001,E026C,1.0999999999999999,0.1625,160,2020,145.45454545454547,,0,0,,0,0,,0,0,,0,0,,0,0,,0,0,,0,0,,0,0,,0,0,,0,0,,0,0,,0,0,,0,0,,0,0,,0,0,,0,0,,0,0,,0,0,,0,0,,0,0,,0,0,,0,0,,0,0,,0,0,,0,0,,0,0,,0,0,1.9729043183742592,1181,2.33,2.4975024975024973,1876,4.685314685314685,-0.5245981791282381,-695,-2.355314685314685,2.1627260083449236,1438,3.11,3.4965034965034962,2412,8.433566433566433,-1.3337774881585727,-974,-5.323566433566434,1.8648957022907464,2670.390625,4.98,4.37062937062937,2144,9.37062937062937,-2.5057336683386238,526.390625,-4.3906293706293695
E032A,2020,427,DBE,DBE,DBE01,DBE001,E 32,E032A,2020,SRIWIJAYA,2.3,,2.3,0,0,0,1.3,9.6,13.2,0,0,0,0,0,0,0,0,0,0,0,0,0,0,249,0,0,0,0,0,0,0,0,0,0,0,,0,52,0,249,52,0,301,130.8695652173913,0,0,0,0,E032A,2020.0,419,DBE001,E032A,2.3,0.24316109422492402,329,2020,143.04347826086956,,0,0,,0,0,,0,0,,0,0,,0,0,,0,0,,0,0,,0,0,,0,0,,0,0,,0,0,,0,0,,0,0,,0,0,,0,0,,0,0,,0,0,,0,0,,0,0,,0,0,,0,0,,0,0,,0,0,,0,0,,0,0,,0,0,,0,0,2.2817631806395853,1157,2.64,2.4975024975024973,3486,8.706293706293705,-0.21573931686291203,-2329,-6.066293706293704,5.382096069868996,2748,14.79,3.496503496503496,4482,15.671328671328668,1.8855925733655,-1734,-0.881328671328669,6.700510767471783,2649.0517836593785,17.75,4.37062937062937,3984,17.41258741258741,2.3298813968424135,-1334.9482163406215,0.33741258741259017
F029D,2020,444,DBE,DBE,DBE01,DBE001,F 29D,F029D,2020,SRIWIJAYA,0.7,,0.7,0,0,0,0.1,0,0.7999999999999999,0,0,0,0,0,0,0,0,0,0,0,0,0,0,90,0,0,0,0,0,0,15,0,0,0,0,,0,1,0,90,16,0,106,151.42857142857144,0,0,0,0,F029D,2020.0,420,DBE001,F029D,0.7,0.1509433962264151,106,2020,151.42857142857144,,0,0,,0,0,,0,0,,0,0,,0,0,,0,0,,0,0,,0,0,,0,0,,0,0,,0,0,,0,0,,0,0,,0,0,,0,0,,0,0,,0,0,,0,0,,0,0,,0,0,,0,0,,0,0,,0,0,,0,0,,0,0,,0,0,,0,0,2.7095808383233533,1336,3.62,2.4975024975024973,1260,3.146853146853147,0.21207834082085597,76,0.473146853146853,1.7106652587117213,947,1.62,3.4965034965034967,1620,5.664335664335665,-1.7858382377917754,-673,-4.044335664335665,1.896008223402433,3765.806451612903,7.14,4.370629370629371,1440,6.293706293706294,-2.474621147226938,2325.806451612903,0.8462937062937055
F030C,2020,450,DBE,DBE,DBE01,DBE001,F 30C,F030C,2020,SRIWIJAYA,2.8,,2.8,0,0,0,0.1,0,2.9,0,0,0,0,0,0,0,0,0,0,0,0,0,0,249,0,0,0,0,5,0,0,0,0,0,0,,0,144,0,249,149,0,398,142.14285714285714,0,0,0,0,F030C,2020.0,421,DBE001,F030C,2.8,0.38669950738916253,406,2020,145,,0,0,,0,0,,0,0,,0,0,,0,0,,0,0,,0,0,,0,0,,0,0,,0,0,,0,0,,0,0,,0,0,,0,0,,0,0,,0,0,,0,0,,0,0,,0,0,,0,0,,0,0,,0,0,,0,0,,0,0,,0,0,,0,0,,0,0,1.948051948051948,385,0.75,2.4975024975024973,3486,8.706293706293705,-0.5494505494505493,-3101,-7.956293706293705,2.606524633821571,3004,7.83,3.496503496503496,4482,15.671328671328668,-0.8899788626819247,-1478,-7.841328671328668,4.142220021680339,2380.366071428571,9.86,4.338286282045531,4054,17.587412587412583,-0.1960662603651917,-1673.633928571429,-7.727412587412584
E026D,2021,422,DBE,DBE,DBE01,DBE001,E 26D,E026D,2021,SRIWIJAYA,1.6,,1.6,0,0,0,0.30000000000000004,0,1.9000000000000001,0,0,0,0,0,0,0,0,0,0,0,0,0,0,0,0,211,0,0,0,0,0,0,0,0,0,,0,20,0,211,20,0,231,144.375,3,4,7,0.030303030303030304,E026D,2021.0,426,DBE001,E026D,1.6,0.08658008658008658,231,2021,144.375,,0,0,,0,0,,0,0,,0,0,,0,0,,0,0,,0,0,,0,0,,0,0,,0,0,,0,0,,0,0,,0,0,,0,0,,0,0,,0,0,,0,0,,0,0,,0,0,,0,0,,0,0,,0,0,,0,0,,0,0,,0,0,,0,0,,0,0,,0,0,,0,0,,0,0,4.892857142857143,280,1.37,2.4975024975024978,2954,7.3776223776223775,2.3953546453546455,-2674,-6.007622377622377,4.80186766479484,1368.2176308539947,6.57,3.496503496503497,3798,13.279720279720282,1.305364168291343,-2429.7823691460053,-6.7097202797202815
F031B,2020,455,DBE,DBE,DBE01,DBE001,F 31B,F031B,2020,SRIWIJAYA,5.4,,5.4,0,0,0,0.2,0,5.6000000000000005,0,0,0,0,0,0,0,0,0,0,0,0,0,0,531,0,0,0,0,33,0,0,0,0,0,0,,0,182,0,531,215,0,746,138.14814814814815,0,0,0,0,F031B,2020.0,422,DBE001,F031B,5.4,0.32614213197969544,788,2020,145.92592592592592,,0,0,,0,0,,0,0,,0,0,,0,0,,0,0,,0,0,,0,0,,0,0,,0,0,,0,0,,0,0,,0,0,,0,0,,0,0,,0,0,,0,0,,0,0,,0,0,,0,0,,0,0,,0,0,,0,0,,0,0,,0,0,,0,0,,0,0,6.621970087674058,1939,12.84,2.497502497502498,7434,18.56643356643357,4.124467590171561,-5495,-5.72643356643357,2.434881087202718,6181,15.05,3.4965034965034967,9558,33.41958041958042,-1.061622409300779,-3377,-18.36958041958042,3.7718915650203986,5047.865155131264,19.04,4.2740247026918174,8958,38.286713286713294,-0.5021331376714189,-3910.134844868736,-19.246713286713295
E026E,2022,423,DBE,DBE,DBE01,DBE001,E 26D,E026E,2022,PPKS,0,,0,0,0,0,0,0,0,0,0,0,0,0,0,0,0,0,0,0,0,0,0,0,0,0,0,0,0,0,0,0,0,0,0,,0,0,0,0,0,0,0,0,0,0,0,0,E026E,2022.0,438,DBE001,E026E,0,0,0,2022,0,,0,0,,0,0,,0,0,,0,0,,0,0,,0,0,,0,0,,0,0,,0,0,,0,0,,0,0,,0,0,,0,0,,0,0,,0,0,,0,0,,0,0,,0,0,,0,0,,0,0,,0,0,,0,0,,0,0,,0,0,,0,0,,0,0,,0,0,,0,0,,0,0,,0,0,,0,0,,0,0,,0,0,,0,0,,0,0,,0,0
E028A,2021,426,DBE,DBE,DBE01,DBE001,E 28,E028A,2021,SRIWIJAYA,0.9,,0.9,0,0,0,0,1.8,2.7,0,0,0,0,0,0,0,0,0,0,0,0,0,0,0,0,117,0,0,0,0,0,0,0,0,0,,0,8,0,117,8,0,125,138.88888888888889,0,0,0,0,E028A,2021.0,427,DBE001,E028A,0.9,0.0859375,128,2021,142.22222222222223,,0,0,,0,0,,0,0,,0,0,,0,0,,0,0,,0,0,,0,0,,0,0,,0,0,,0,0,,0,0,,0,0,,0,0,,0,0,,0,0,,0,0,,0,0,,0,0,,0,0,,0,0,,0,0,,0,0,,0,0,,0,0,,0,0,,0,0,,0,0,,0,0,,0,0,4.871794871794871,117,0.57,2.4975024975024978,1638,4.090909090909091,2.3742923742923736,-1521,-3.520909090909091,6.182289342446236,629.2167487684728,3.89,3.4965034965034967,2106,7.363636363636364,2.685785845942739,-1476.7832512315272,-3.473636363636364
E032B,2023,428,DBE,DBE,DBE01,DBE001,E 32B,E032B,2023,PPKS,4.5,,4.5,0,0,0,0,0,4.5,0,0,0,0,0,0,0,0,0,0,0,0,0,0,0,0,0,0,0,0,545,0,0,0,0,0,,0,18,0,545,18,0,563,125.11111111111111,0,0,0,0,E032B,2023.0,449,DBE001,E032B,4.5,0.14710485133020346,639,2023,142,,0,0,,0,0,,0,0,,0,0,,0,0,,0,0,,0,0,,0,0,,0,0,,0,0,,0,0,,0,0,,0,0,,0,0,,0,0,,0,0,,0,0,,0,0,,0,0,,0,0,,0,0,,0,0,,0,0,,0,0,,0,0,,0,0,,0,0,,0,0,,0,0,,0,0,,0,0,,0,0,,0,0,,0,0,,0,0,,0,0
F025D,2021,434,DBE,DBE,DBE01,DBE001,F 25D,F025D,2021,SRIWIJAYA,0.2,,0.2,0,0,0,0.1,0.13,0.43000000000000005,0,0,0,0,0,0,0,0,0,0,0,0,0,0,0,0,43,0,0,0,0,0,0,0,0,0,,0,0,0,43,0,0,43,215,2,1,3,0.06976744186046512,F025D,2021.0,428,DBE001,F025D,0.2,0,43,2021,215,,0,0,,0,0,,0,0,,0,0,,0,0,,0,0,,0,0,,0,0,,0,0,,0,0,,0,0,,0,0,,0,0,,0,0,,0,0,,0,0,,0,0,,0,0,,0,0,,0,0,,0,0,,0,0,,0,0,,0,0,,0,0,,0,0,,0,0,,0,0,,0,0,,0,0,4.196428571428571,112,0.47,2.4975024975024973,602,1.5034965034965035,1.6989260739260739,-490,-1.0334965034965036,4.5696871787340285,428.9133858267717,1.96,3.4965034965034962,774,2.7062937062937062,1.0731836822305323,-345.0866141732283,-0.7462937062937063
F028B,2021,439,DBE,DBE,DBE01,DBE001,F 28B,F028B,2021,SRIWIJAYA,2.7,,2.7,0,0,0,0.1,0,2.8000000000000003,0,0,0,0,0,0,0,0,0,0,0,0,0,0,0,0,338,0,0,0,0,0,0,0,10,0,,0,17,0,338,27,0,365,135.1851851851852,0,0,0,0,F028B,2021.0,429,DBE001,F028B,2.7,0.1174934725848564,383,2021,141.85185185185185,,0,0,,0,0,,0,0,,0,0,,0,0,,0,0,,0,0,,0,0,,0,0,,0,0,,0,0,,0,0,,0,0,,0,0,,0,0,,0,0,,0,0,,0,0,,0,0,,0,0,,0,0,,0,0,,0,0,,0,0,,0,0,,0,0,,0,0,,0,0,,0,0,,0,0,4.7960848287112565,613,2.94,2.4975024975024978,4732,11.81818181818182,2.2985823312087588,-4119,-8.87818181818182,6.084464906384753,2153.02416918429,13.1,3.4965034965034962,6084,21.272727272727273,2.5879614098812564,-3930.97583081571,-8.172727272727274
E034A,2013,430,DBE,DBE,DBE01,DBE001,E 34,E034A,2013,Topaz,30,,30,0,0,0,2.1,0,32.1,0,0,0,0,0,2457,892,0,0,0,0,0,3349,111.63333333333334,0,380,0,0,0,0,0,0,0,0,0,0,,0,0,0,2457,1272,0,3729,124.3,0,0,0,0,E034A,2013.0,591,DBE006,E034A,30,0.3619839002856401,3851,2013,128.36666666666667,,0,0,,0,0,,0,0,2.6078600941673873,10407,27.14,,0,0,,10407,27.14,3.156148593015935,41294,130.33,2.4975024975024978,34398,85.9090909090909,0.6586460955134372,6896,44.420909090909106,4.679334512792597,58784,275.07,3.2765309240253697,56714,185.82517482517483,1.402803588767227,2070,89.24482517482517,5.269328553399301,54673,288.09,4.117144234179345,55368,227.95804195804197,1.1521843192199563,-695,60.131958041958,6.422747258863472,71868,461.59,5.653237476169695,53584,302.92307692307696,0.7695097826937776,18284,158.666923076923,6.986967760465284,55708,389.23,7.757181109812792,51127,396.6013986013986,-0.7702133493475083,4581,-7.371398601398596,8.631043831902394,44260,382.01,10.621238613201442,47778,507.46153846153845,-1.9901947812990475,-3518,-125.45153846153846,8.49673361342497,41177,349.87,12.897296495846996,44429,573.0139860139861,-4.400562882422026,-3252,-223.14398601398614,8.48005306547901,52765,447.45,12.90465999517724,46400,598.7762237762239,-4.42460692969823,6365,-151.3262237762239,7.355338373593952,54230,398.88,13.305944265889245,45799.5,609.4055944055946,-5.950605892295293,8430.5,-210.52559440559457,9.192895408077039,47481.23204104903,436.49,14.114215082738088,43365,612.0629370629372,-4.921319674661049,4116.232041049028,-175.57293706293717
F029E,2021,445,DBE,DBE,DBE01,DBE001,F 29E,F029E,2021,SRIWIJAYA,1.7,,1.7,0,0,0,0.35,0,2.05,0,0,0,0,0,0,0,0,0,0,0,0,0,0,0,0,175,0,0,0,0,0,0,0,41,0,,0,3,0,175,44,0,219,128.8235294117647,0,0,0,0,F029E,2021.0,430,DBE001,F029E,1.7,0.2827868852459016,244,2021,143.52941176470588,,0,0,,0,0,,0,0,,0,0,,0,0,,0,0,,0,0,,0,0,,0,0,,0,0,,0,0,,0,0,,0,0,,0,0,,0,0,,0,0,,0,0,,0,0,,0,0,,0,0,,0,0,,0,0,,0,0,,0,0,,0,0,,0,0,,0,0,,0,0,,0,0,,0,0,4.325955734406438,497,2.15,2.4975024975024973,2450,6.118881118881118,1.828453236903941,-1953,-3.9688811188811184,5.467578401320443,1368.0645161290322,7.48,3.4965034965034967,3150,11.013986013986013,1.9710749048169465,-1781.9354838709678,-3.533986013986013
F030D,2021,451,DBE,DBE,DBE01,DBE001,F 30D,F030D,2021,SRIWIJAYA,5.9,,5.9,0,0,0,0.3,0,6.2,0,0,0,0,0,0,0,0,0,0,0,0,0,0,0,0,572,0,0,0,0,0,0,0,0,0,,0,241,0,572,241,0,813,137.79661016949152,0,0,0,0,F030D,2021.0,431,DBE001,F030D,5.9,0.32942555685814773,853,2021,144.57627118644066,,0,0,,0,0,,0,0,,0,0,,0,0,,0,0,,0,0,,0,0,,0,0,,0,0,,0,0,,0,0,,0,0,,0,0,,0,0,,0,0,,0,0,,0,0,,0,0,,0,0,,0,0,,0,0,,0,0,,0,0,,0,0,,0,0,,0,0,,0,0,,0,0,,0,0,4.479166666666667,672,3.01,2.4975024975024973,8008,20,1.9816641691641697,-7336,-16.990000000000002,5.6910849396246785,4078.3084853291043,23.21,3.496503496503497,10296,36.00000000000001,2.1945814431211814,-6217.691514670896,-12.790000000000006
F031C,2021,456,DBE,DBE,DBE01,DBE001,F 31C,F031C,2021,SRIWIJAYA,4.2,,4.2,0,0,0,0.1,0,4.3,0,0,0,0,0,0,0,0,0,0,0,0,0,0,0,0,527,0,0,0,0,0,0,0,0,0,,0,51,0,527,51,0,578,137.61904761904762,0,0,0,0,F031C,2021.0,432,DBE001,F031C,4.2,0.13464696223316913,609,2021,145,,0,0,,0,0,,0,0,,0,0,,0,0,,0,0,,0,0,,0,0,,0,0,,0,0,,0,0,,0,0,,0,0,,0,0,,0,0,,0,0,,0,0,,0,0,,0,0,,0,0,,0,0,,0,0,,0,0,,0,0,,0,0,,0,0,,0,0,,0,0,,0,0,,0,0,4.9555950266429845,563,2.79,2.4975024975024978,7378,18.426573426573427,2.4580925291404867,-6815,-15.636573426573428,7.2825521375809865,2581.512585812357,18.8,3.496503496503497,9486,33.167832167832174,3.7860486410774894,-6904.487414187643,-14.367832167832173
F025E,2023,435,DBE,DBE,DBE01,DBE001,F 25D,F025E,2023,PPKS,0,,0,0,0,0,0.6000000000000014,8.099999999999994,8.699999999999996,0,0,0,0,0,0,0,0,0,0,0,0,0,0,0,0,0,0,0,0,0,0,0,0,0,0,,0,0,0,0,0,0,0,0,8,6,14,0,F025E,2023.0,450,DBE001,F025E,0,0,0,2023,0,,0,0,,0,0,,0,0,,0,0,,0,0,,0,0,,0,0,,0,0,,0,0,,0,0,,0,0,,0,0,,0,0,,0,0,,0,0,,0,0,,0,0,,0,0,,0,0,,0,0,,0,0,,0,0,,0,0,,0,0,,0,0,,0,0,,0,0,,0,0,,0,0,,0,0,,0,0,,0,0,,0,0,,0,0,,0,0,,0,0
F028C,2022,440,DBE,DBE,DBE01,DBE001,F 28C,F028C,2022,SRIWIJAYA,1.3,,1.3,0,0,0,1,27.3,29.6,0,0,0,0,0,0,0,0,0,0,0,0,0,0,0,0,0,0,153,0,0,0,0,0,10,0,,0,17,0,153,27,0,180,138.46153846153845,0,0,0,0,F028C,2022.0,439,DBE001,F028C,1.3,0.17297297297297298,185,2022,142.3076923076923,,0,0,,0,0,,0,0,,0,0,,0,0,,0,0,,0,0,,0,0,,0,0,,0,0,,0,0,,0,0,,0,0,,0,0,,0,0,,0,0,,0,0,,0,0,,0,0,,0,0,,0,0,,0,0,,0,0,,0,0,,0,0,,0,0,,0,0,,0,0,,0,0,,0,0,,0,0,,0,0,,0,0,3.3522666380880937,1097.764705882353,3.68,2.4975024975024973,2142,5.349650349650349,0.8547641405855964,-1044.235294117647,-1.669650349650349
F029F,2022,446,DBE,DBE,DBE01,DBE001,F 29F,F029F,2022,SRIWIJAYA,1.4,,1.4,0,0,0,1.31,17.6,20.310000000000002,0,0,0,0,0,0,0,0,0,0,0,0,0,0,0,0,0,0,130,0,0,33,0,0,26,0,,0,2,0,130,61,0,191,136.42857142857144,0,0,0,0,F029F,2022.0,440,DBE001,F029F,1.4,0.35323383084577115,201,2022,143.57142857142858,,0,0,,0,0,,0,0,,0,0,,0,0,,0,0,,0,0,,0,0,,0,0,,0,0,,0,0,,0,0,,0,0,,0,0,,0,0,,0,0,,0,0,,0,0,,0,0,,0,0,,0,0,,0,0,,0,0,,0,0,,0,0,,0,0,,0,0,,0,0,,0,0,,0,0,,0,0,,0,0,,0,0,5.175399179173782,1192.1785714285713,6.17,2.4975024975024978,1820,4.545454545454546,2.6778966816712844,-627.8214285714287,1.624545454545454
F030E,2022,452,DBE,DBE,DBE01,DBE001,F 30E,F030E,2022,SRIWIJAYA,3.3000000000000003,,3.3000000000000003,0,0,0,0.2,1,4.5,0,0,0,0,0,0,0,0,0,0,0,0,0,0,0,0,0,0,136,0,0,21,0,0,0,0,,0,256,0,136,277,0,413,125.15151515151514,0,0,0,0,F030E,2022.0,441,DBE001,F030E,3.3000000000000003,0.7100213219616205,469,2022,142.1212121212121,,0,0,,0,0,,0,0,,0,0,,0,0,,0,0,,0,0,,0,0,,0,0,,0,0,,0,0,,0,0,,0,0,,0,0,,0,0,,0,0,,0,0,,0,0,,0,0,,0,0,,0,0,,0,0,,0,0,,0,0,,0,0,,0,0,,0,0,,0,0,,0,0,,0,0,,0,0,,0,0,,0,0,5.1041125454618115,2274.636363636364,11.61,2.497502497502497,1904,4.755244755244754,2.6066100479593146,370.63636363636397,6.854755244755245
F031D,2022,457,DBE,DBE,DBE01,DBE001,F 31D,F031D,2022,SRIWIJAYA,3.9,,3.9,0,0,0,0.6,2.6,7.1,0,0,0,0,0,0,0,0,0,0,0,0,0,0,0,0,0,0,467,0,0,4,0,0,0,0,,0,106,0,467,110,0,577,147.94871794871796,0,0,0,0,F031D,2022.0,442,DBE001,F031D,3.9,0.19204152249134948,578,2022,148.2051282051282,,0,0,,0,0,,0,0,,0,0,,0,0,,0,0,,0,0,,0,0,,0,0,,0,0,,0,0,,0,0,,0,0,,0,0,,0,0,,0,0,,0,0,,0,0,,0,0,,0,0,,0,0,,0,0,,0,0,,0,0,,0,0,,0,0,,0,0,,0,0,,0,0,,0,0,,0,0,,0,0,,0,0,4.117457830458955,2865.845986984815,11.8,2.497502497502497,6538,16.328671328671327,1.619955332956458,-3672.154013015185,-4.528671328671326
F029G,2023,447,DBE,DBE,DBE01,DBE001,F 29G,F029G,2023,PPKS,0.8,,0.8,0,0,0,0,0,0.8,0,0,0,0,0,0,0,0,0,0,0,0,0,0,0,0,0,0,0,0,65,0,0,0,5,0,,0,15,0,65,20,0,85,106.25,0,0,0,0,F029G,2023.0,451,DBE001,F029G,0.8,0.4298245614035088,114,2023,142.5,,0,0,,0,0,,0,0,,0,0,,0,0,,0,0,,0,0,,0,0,,0,0,,0,0,,0,0,,0,0,,0,0,,0,0,,0,0,,0,0,,0,0,,0,0,,0,0,,0,0,,0,0,,0,0,,0,0,,0,0,,0,0,,0,0,,0,0,,0,0,,0,0,,0,0,,0,0,,0,0,,0,0,,0,0,,0,0,,0,0
F030F,2023,453,DBE,DBE,DBE01,DBE001,F 30F,F030F,2023,PPKS,1.3,,1.3,0,0,0,0,0,1.3,0,0,0,0,0,0,0,0,0,0,0,0,0,0,0,0,0,0,0,0,148,0,0,0,0,0,,0,25,0,148,25,0,173,133.07692307692307,0,0,0,0,F030F,2023.0,452,DBE001,F030F,1.3,0.2,185,2023,142.3076923076923,,0,0,,0,0,,0,0,,0,0,,0,0,,0,0,,0,0,,0,0,,0,0,,0,0,,0,0,,0,0,,0,0,,0,0,,0,0,,0,0,,0,0,,0,0,,0,0,,0,0,,0,0,,0,0,,0,0,,0,0,,0,0,,0,0,,0,0,,0,0,,0,0,,0,0,,0,0,,0,0,,0,0,,0,0,,0,0,,0,0
F031E,2023,458,DBE,DBE,DBE01,DBE001,F 31E,F031E,2023,PPKS,1.4,,1.4,0,0,0,0,0,1.4,0,0,0,0,0,0,0,0,0,0,0,0,0,0,0,0,0,0,0,0,177,0,0,0,0,0,,0,13,0,177,13,0,190,135.71428571428572,3,2,5,0.02631578947368421,F031E,2023.0,453,DBE001,F031E,1.4,0.11055276381909547,199,2023,142.14285714285714,,0,0,,0,0,,0,0,,0,0,,0,0,,0,0,,0,0,,0,0,,0,0,,0,0,,0,0,,0,0,,0,0,,0,0,,0,0,,0,0,,0,0,,0,0,,0,0,,0,0,,0,0,,0,0,,0,0,,0,0,,0,0,,0,0,,0,0,,0,0,,0,0,,0,0,,0,0,,0,0,,0,0,,0,0,,0,0,,0,0
K032B,2009,496,DBE,DBE,DBE02,DBE002,K 32B,K032B,2009,Dami Mas,35.2,,35.2,0,0,0,1.5,0,36.7,0,4022,0,0,0,0,0,0,0,0,0,0,4022,114.26136363636363,0,0,0,0,0,0,0,0,0,0,0,0,,0,0,0,4022,0,0,4022,114.26136363636363,94,32,126,0.0313276976628543,K032B,2009.0,458,DBE002,K032B,35.2,0,4022,2009,114.26136363636363,4.294487659777289,121910,523.5409906034494,4.37062937062937,64352,281.2587412587412,-0.07614171085208099,57558,242.28224934470813,5.909378313440531,102801,607.49,6.118881118881119,64352,393.76223776223776,-0.20950280544058852,38449,213.72776223776225,7.68575007539029,86218,662.65,8.391608391608392,60330,506.26573426573424,-0.7058583162181016,25888,156.38426573426574,8.60709298342687,75906,653.33,11.488511488511488,56308,646.8951048951049,-2.8814185050846177,19598,6.43489510489519,8.956983134356642,79155,708.99,13.448090371167295,52286,703.1468531468531,-4.491107236810652,26869,5.843146853146891,10.024762570646157,68652,688.22,14.56876456876457,48264,703.1468531468531,-4.5440019981184125,20388,-14.926853146853091,10.249247303631998,52478,537.86,15.202189115232594,46253,703.1468531468531,-4.952941811600596,6225,-165.2868531468531,12.084848681042027,51744.13155714261,625.32,15.89319771137953,44242,703.1468531468531,-3.808349030337503,7502.131557142609,-77.82685314685307,10.873799540105505,51751,562.73,16.65001665001665,42231,703.1468531468531,-5.776217109911144,9520,-140.4168531468531,10.115761523620318,52349,529.55,18.40264998159735,38209,703.1468531468531,-8.286888457977032,14140,-173.59685314685316,8.726027888303403,55794,486.86,20.104895104895103,32176,646.8951048951049,-11.3788672165917,23618,-160.03510489510484,10.810951426481052,49213.98487618415,532.05,20.51282051282051,30165,618.7692307692307,-9.701869086339459,19048.98487618415,-86.71923076923076
K035B,2009,502,DBE,DBE,DBE02,DBE002,K 35B,K035B,2009,Socfindo,24.3,,24.3,0,0,0,1.4,0,25.7,0,2720,0,0,0,0,0,0,0,0,0,0,2720,111.93415637860082,0,0,0,0,0,0,0,0,0,0,0,0,,0,0,0,2720,0,0,2720,111.93415637860082,74,26,100,0.03676470588235294,K035B,2009.0,459,DBE002,K035B,24.3,0,2720,2009,111.93415637860082,4.618052540243415,75546,348.87539720522904,4.370629370629371,43520,190.2097902097902,0.2474231696140441,32026,158.66560699543882,6.15736885928393,74462,458.49,6.118881118881119,43520,266.2937062937063,0.038487740402811,30942,192.19629370629372,7.889433734130449,59548,469.8,8.391608391608392,40800,342.3776223776224,-0.5021746574779424,18748,127.42237762237761,9.061717402192665,53907,488.49,11.488511488511488,38080,437.48251748251744,-2.4267940863188233,15827,51.00748251748257,10.091780152542013,47069,475.01,13.448090371167293,35360,475.5244755244755,-3.3563102186252802,11709,-0.5144755244755288,10.740768803354044,39594,425.27,14.568764568764568,32640,475.5244755244755,-3.827995765410524,6954,-50.25447552447554,10.699076808305616,32171,344.2,15.202189115232592,31280,475.5244755244755,-4.503112306926976,891,-131.32447552447553,12.198092083064937,32601,397.67,15.893197711379528,29920,475.5244755244755,-3.6951056283145913,2681,-77.8544755244755,12.60420584715336,29245,368.61,16.65001665001665,28560,475.5244755244755,-4.04581080286329,685,-106.9144755244755,9.071639562437108,30807,279.47,18.40264998159735,25840,475.5244755244755,-9.331010419160242,4967,-196.0544755244755,8.528362338891721,27466,234.24,20.104895104895103,21760,437.48251748251744,-11.576532766003382,5706,-203.24251748251743,10.869799722672704,24083.240416469474,261.78,20.51282051282051,20400,418.46153846153845,-9.643020790147807,3683.2404164694744,-156.68153846153848
K033B,2010,498,DBE,DBE,DBE02,DBE002,K 33B,K033B,2010,Socfindo,28.9708542653,,28.9708542653,0,0,0,1.5,0,30.4708542653,0,0,3383,0,0,0,0,0,0,0,0,0,3383,116.77253176659022,0,0,0,0,0,0,0,0,0,0,0,0,,0,0,0,3383,0,0,3383,116.77253176659022,44,19,63,0.018622524386639076,K033B,2010.0,460,DBE002,K033B,28.9708542653,0,3383,2010,116.77253176659022,4.446520289778068,92125,409.6356816958045,3.4965034965034967,60894,212.91608391608395,0.9500167932745711,31231,196.71959777972057,6.061136357221486,70858,429.48,4.370629370629371,54128,236.5734265734266,1.6905069865921147,16730,192.90657342657343,7.415492004272411,66473,492.93,6.11888111888112,54128,331.2027972027972,1.2966108853912912,12345,161.72720279720278,8.980662131224731,61589,553.11,8.391608391608392,50745,425.8321678321679,0.5890537396163396,10844,127.27783216783212,9.706396801599201,56028,543.83,11.48851148851149,47362,544.1188811188812,-1.7821146869122888,8666,-0.288881118881136,10.585247439924931,49022,518.91,13.448090371167297,43979,591.4335664335665,-2.8628429312423656,5043,-72.52356643356654,10.230396403568335,42709,436.93,14.568764568764571,40596,591.4335664335665,-4.338368165196236,2113,-154.5035664335665,11.0035850637862,42956,472.67,15.202189115232596,38904.5,591.4335664335665,-4.198604051446395,4051.5,-118.7635664335665,11.188225901985527,38831,434.45,15.893197711379532,37213,591.4335664335665,-4.704971809394005,1618,-156.98356643356652,8.586514392991239,38352,329.31,16.650016650016653,35521.5,591.4335664335665,-8.063502257025414,2830.5,-262.1235664335665,8.931799060981898,36847,329.11,18.402649981597353,32138.5,591.4335664335665,-9.470850920615455,4708.5,-262.3235664335665,11.126489620454233,31953.474287740868,355.53,20.104895104895107,27064,544.1188811188812,-8.978405484440874,4889.474287740868,-188.5888811188812
F034A,2012,461,DBE,DBE,DBE01,DBE001,F 34,F034A,2012,Topaz,30.4,,30.4,0,0,0,1.50954298748,0,31.90954298748,0,0,0,0,2180,1352,335,0,0,0,0,0,3867,127.20394736842105,0,0,0,0,0,0,0,0,0,0,0,0,,0,0,0,2180,1687,0,3867,127.20394736842105,86,2,88,0.022756658908714766,F034A,2012.0,574,DBE005,F034A,30.4,0.43625549521592966,3867,2012,127.20394736842105,,0,0,,0,0,,0,0,2.965712631317727,48356,143.41,2.4975024975024973,30520,76.22377622377623,0.4682101338152296,17836,67.18622377622377,3.698183826928063,88703,328.04,3.1714262906671107,58168,184.47552447552448,0.5267575362609525,30535,143.56447552447554,5.166617454760197,94828,489.94,3.900287113130978,63906,249.25174825174827,1.266330341629219,30922,240.68825174825173,6.498582595996908,81487,529.55,5.26135947133037,62542,329.055944055944,1.2372231246665377,18945,200.49405594405596,6.67805977747073,82506,550.98,7.206925621453532,59692,430.1958041958042,-0.5288658439828025,22814,120.7841958041958,7.769195681921849,65770,510.98,9.857699280776202,56160,553.6083916083916,-2.088503598854354,9610,-42.62839160839155,8.930139065512574,48754,435.38,12.252906865952587,52293,640.7412587412587,-3.3227678004400136,-3539,-205.36125874125867,7.5894316512527675,48333,366.82,13.8637020683855,48426,671.3636363636363,-6.274270417132732,-93,-304.54363636363627,7.743204935801234,59970,464.36,14.809720936908823,45649,676.0489510489509,-7.066516001107589,14321,-211.6889510489509,7.903231086522408,61094,482.84,15.524225017198285,43548,676.0489510489509,-7.620993930675877,17546,-193.20895104895095,9.583173928571158,52664.18033959744,504.69,16.245514208964444,41614.5,676.0489510489509,-6.662340280393286,11049.680339597442,-171.35895104895093
K034B,2010,500,DBE,DBE,DBE02,DBE002,K 34B,K034B,2010,Socfindo,29.3201906226,,29.3201906226,0,0,0,1.5,0,30.8201906226,0,0,3151,0,179,0,0,52,0,0,0,0,3382,115.34713547848338,0,0,0,0,0,0,0,0,0,0,0,0,,0,0,0,3151,231,0,3382,115.34713547848338,51,25,76,0.02247191011235955,K034B,2010.0,461,DBE002,K034B,29.3201906226,0.06830277942046127,3382,2010,115.34713547848338,4.144778037965823,89606,371.3969808699655,3.496503496503497,56718,198.31468531468533,0.6482745414623259,32888,173.08229555528015,6.083755816376137,86394,525.6,4.281931741211436,52922,226.60839160839163,1.801824075164701,33472,298.9916083916084,7.761123648489339,59378,460.84,5.961356589642508,53638,319.7552447552448,1.7997670588468315,5740,141.08475524475517,8.9379256155055,61088,546,8.161879414048817,50129,409.1468531468532,0.7760462014566833,10959,136.85314685314682,9.72494103226046,53843,523.62,11.028945062399977,47706,526.1468531468532,-1.3040040301395166,6137,-2.5268531468532274,10.985666905874822,51559,566.41,12.934647444785611,44584,576.6783216783217,-1.9489805389107886,6975,-10.26832167832174,10.687451142686347,43494,464.84,14.174986617270942,41150,583.3006993006993,-3.487535474584595,2344,-118.46069930069933,12.45211207652052,39937,497.3,14.906746741600978,39395.5,587.2587412587413,-2.4546346650804587,541.5,-89.95874125874133,12.308405623691295,33430,411.47,15.661850187908344,37589,588.7132867132867,-3.3534445642170496,-4159,-177.2432867132867,12.279153507865766,33881,416.03,16.462184113834425,35872,590.5314685314686,-4.183030605968659,-1991,-174.50146853146862,9.235817286935498,34743,320.88,18.148183405477106,32579.5,591.2587412587413,-8.912366118541607,2163.5,-270.37874125874134,9.740840584011305,33004.338509316774,321.49,19.745910946315114,27711.5,547.1888111888113,-10.005070362303808,5292.838509316774,-225.6988111888113
H031A,2011,476,DBE,DBE,DBE02,DBE002,H 31,H031A,2011,Topaz,30.7,,30.7,0,0,0,1.6,0,32.3,0,0,0,1043,973,704,374,0,0,0,0,0,3094,100.78175895765473,0,0,0,0,0,0,0,652,0,0,0,0,,0,0,0,1043,2703,0,3746,122.01954397394137,15,10,25,0.006673785371062467,H031A,2011.0,462,DBE002,H031A,30.7,0.7215696743192739,3746,2011,122.01954397394137,1.955188679245283,424,0.829,2.4975024975024973,14602,36.46853146853147,-0.5423138182572143,-14178,-35.639531468531466,3.2837520938023452,29850,98.02,3.076439550078271,32396,99.66433566433567,0.20731254372407415,-2546,-1.6443356643356708,3.4954867405483188,53509,187.04,3.604117522134681,44058,158.7902097902098,-0.10863078158636208,9451,28.249790209790206,5.051495920217588,55150,278.59,4.535891506627492,50164,227.53846153846152,0.5156044135900961,4986,51.051538461538456,5.152812571168298,65865,339.39,6.082519159395341,49209,299.31468531468533,-0.9297065882270426,16656,40.07531468531465,6.021724185343049,72730,437.96,8.295999403761272,46445,385.30769230769226,-2.2742752184182224,26285,52.652307692307716,7.399840134131363,51293,379.56,10.613377474440938,43725,464.06993006993,-3.213537340309575,7568,-84.50993006993002,9.43020959722123,42033,396.38,12.61980371527269,40631,512.7552447552447,-3.1895941180514598,1402,-116.3752447552447,8.166525211638485,45951,375.26,14.075129647209472,38058.5,535.6783216783217,-5.908604435570988,7892.5,-160.41832167832172,11.039490680937442,54190,598.23,15.036738923040957,35972.5,540.9090909090909,-3.997248242103515,18217.5,57.32090909090914,8.749307420193496,46926,410.57,15.798270686773392,34238.5,540.9090909090909,-7.0489632665798965,12687.5,-130.33909090909088,9.420430203827673,46345.01721828016,436.59,16.814084268234094,32170,540.9090909090909,-7.393654064406421,14175.017218280162,-104.3190909090909
H034A,2011,479,DBE,DBE,DBE02,DBE002,H 34,H034A,2011,Topaz,29.8,,29.8,0,0,0,1.6,0,31.400000000000002,0,0,0,390,1343,1138,258,280,0,0,0,0,3409,114.39597315436241,0,0,0,0,0,0,0,0,0,0,0,0,,0,0,0,390,3019,0,3409,114.39597315436241,49,29,78,0.022880610149603988,H034A,2011.0,463,DBE002,H034A,29.8,0.8900169204737732,3546,2011,118.99328859060402,2.0457831325301203,415,0.849,2.4975024975024978,5460,13.636363636363638,-0.4517193649723774,-5045,-12.787363636363638,3.815133037694013,21648,82.59,2.769092111513303,25822,71.5034965034965,1.04604092618071,-4174,11.086503496503497,3.2964048456428294,51180,168.71,3.270776606123777,46346,151.5874125874126,0.025628239519052354,4834,17.12258741258742,4.4295439873232,68156,301.9,4.105072143046827,51824,212.74125874125872,0.3244718442763732,16332,89.15874125874126,5.064121180624551,65423,331.31,5.288889635590801,54110,286.18181818181824,-0.22476845496624964,11313,45.12818181818176,6.340691883160587,74290,471.05,7.150736053550268,52981,378.85314685314677,-0.8100441703896815,21309,92.19685314685324,6.958121827411167,55160,383.81,9.53123566645262,49550,472.2727272727273,-2.5731138390414525,5610,-88.4627272727273,9.318317060807088,45373,422.8,11.759658449734065,46421,545.895104895105,-2.4413413889269773,-1048,-123.09510489510495,8.009535845588236,52224,418.29,13.39283763427999,43207,578.6643356643356,-5.383301788691755,9017,-160.37433566433555,8.178068681072357,55765,456.05,14.559700403618317,40664.5,592.0629370629371,-6.38163172254596,15100.5,-136.01293706293706,7.647548951534509,57608,440.56,15.403556924840945,38691,595.979020979021,-7.756007973306436,18917,-155.419020979021,9.221294524961758,52123.91803546621,480.65,16.260699315963084,36651.5,595.979020979021,-7.039404791001326,15472.41803546621,-115.32902097902104
J031A,2011,488,DBE,DBE,DBE02,DBE002,J 31,J031A,2011,Socfindo,31.2,,31.2,0,0,0,2.42470631314,0,33.62470631314,0,0,0,1741,1338,253,191,24,0,0,0,0,3547,113.68589743589745,0,0,0,0,0,0,0,0,0,0,0,0,,0,0,0,1741,1806,0,3547,113.68589743589745,21,5,26,0.007330138144911192,J031A,2011.0,464,DBE002,J031A,31.2,0.525871459694989,3672,2011,117.6923076923077,2.197843665768194,1855,4.077,2.4975024975024978,24374,60.87412587412588,-0.29965883173430363,-22519,-56.79712587412588,2.9629506562551917,30095,89.17,3.1227610017304444,50070,156.35664335664336,-0.15981034547525264,-19975,-67.18664335664336,3.5541475816703323,49559,176.14,3.8716015248944853,55482,214.8041958041958,-0.317453943224153,-5923,-38.66419580419583,4.34465975005032,54651,237.44,5.073557045517676,56492,286.6153846153846,-0.7288972954673563,-1841,-49.17538461538459,5.1067852692192,69813,356.52,6.878531171601911,55345,380.69230769230774,-1.771745902382711,14468,-24.172307692307754,5.927098521141429,72015,426.84,9.389706099979282,51980,488.07692307692304,-3.4626075788378534,20035,-61.23692307692306,7.071406762842531,52404,370.57,11.76537454315232,48600,571.7972027972028,-4.693967780309788,3804,-201.22720279720278,8.600591149765028,47027,404.46,13.429700942179588,45077,605.3706293706293,-4.82910979241456,1950,-200.91062937062935,7.867625780313365,48378,380.62,14.53423288071464,42400.5,616.2587412587411,-6.666607100401275,5977.5,-235.6387412587411,8.159227113039885,58068,473.79,15.343481067740221,40393,619.7692307692307,-7.184253954700337,17675,-145.9792307692307,7.100859004739337,54016,383.56,16.101601970941395,38512,620.104895104895,-9.000742966202058,15504,-236.54489510489503,8.855759951887014,45294.81401700912,401.12,17.294313228048164,35856,620.104895104895,-8.43855327616115,9438.814017009121,-218.98489510489503
J032A,2011,489,DBE,DBE,DBE02,DBE002,J 32,J032A,2011,Socfindo,28.799999999999997,,28.799999999999997,0,0,0,1.71,0,30.509999999999998,0,0,0,2409,622,29,0,0,0,0,0,0,3060,106.25000000000001,0,0,0,0,0,0,0,119,0,0,0,0,,0,0,0,2409,770,0,3179,110.38194444444446,11,7,18,0.005662157911292859,J032A,2011.0,465,DBE002,J032A,28.799999999999997,0.2800358637178721,3346,2011,116.18055555555557,2.0520156046814044,2307,4.734,2.4975024975024978,33726,84.23076923076924,-0.4454868928210933,-31419,-79.49676923076925,3.326894254787677,30025,99.89,3.3294341533250695,52070,173.36363636363637,-0.0025398985373925598,-22045,-73.47363636363637,3.6732899917589963,54605,200.58,4.160299477971875,50146,208.62237762237766,-0.48700948621287843,4459,-8.042377622377643,4.398575943037722,49998,219.92,5.736011917414669,49018,281.1678321678322,-1.3374359743769473,980,-61.24783216783223,5.343317190536414,64838,346.45,7.8656494200736,46551,366.1538461538462,-2.522332229537186,18287,-19.7038461538462,6.4468683678002074,60783,391.86,10.767334687371452,43520,468.5944055944056,-4.320466319571245,17263,-76.73440559440559,7.619521676266325,42189,321.46,12.97197612076505,40460,524.8461538461539,-5.352454444498724,1729,-203.38615384615395,9.333242986854588,36895,344.35,14.29303317003852,37400,534.5594405594406,-4.959790183183932,-505,-190.20944055944062,8.609139647689558,39170,337.22,15.05057139543488,35544.5,534.965034965035,-6.441431747745321,3625.5,-197.74503496503496,10.108729908603845,44422,449.05,15.734265734265737,34000,534.965034965035,-5.625535825661892,10422,-85.91503496503498,8.239560439560439,40950,337.41,16.475670925932707,32470,534.965034965035,-8.236110486372269,8480,-197.55503496503496,9.30215304810888,38531.93966453482,358.43,17.990786600697316,29735.5,534.965034965035,-8.688633552588437,8796.439664534817,-176.53503496503498
J033A,2011,490,DBE,DBE,DBE02,DBE002,J 33,J033A,2011,Topaz,29.8,,29.8,0,0,0,1.7,0,31.5,0,0,0,924,77,1230,161,0,0,0,0,0,2392,80.26845637583892,0,0,0,0,0,0,0,1425,0,0,0,0,,0,0,0,924,2893,0,3817,128.08724832214764,6,1,7,0.0018339009693476552,J033A,2011.0,466,DBE002,J033A,29.8,0.7579250720461095,3817,2011,128.08724832214764,2.3998476770754,2626,6.302,2.4975024975024973,12936,32.30769230769231,-0.09765482042709728,-10310,-26.005692307692307,3.198918220715266,24774,79.25,3.4356947400425666,17710,60.846153846153854,-0.2367765193273006,7064,18.403846153846146,4.020882062163921,41471,166.75,3.3683297834241226,33390,112.46853146853145,0.6525522787397988,8081,54.28146853146855,4.714997435709576,54596,257.42,4.42682781212848,40410,178.8881118881119,0.288169623581096,14186,78.53188811188812,5.06376747433125,58729,297.39,5.840005494903291,37670,219.993006993007,-0.7762380205720412,21059,77.396993006993,5.958925868480556,53513,318.88,7.978265441054666,36347,289.986013986014,-2.0193395725741103,17166,28.893986013986023,6.544387916555099,41081,268.85,10.098208744005438,34116,344.5104895104895,-3.5538208274503393,6965,-75.66048951048947,7.769618128409568,38128,296.24,12.391183397361685,31724,393.0979020979021,-4.621565268952117,6404,-96.85790209790207,7.822803408756979,34030,266.21,13.960195674634823,29794,415.9300699300699,-6.137392265877844,4236,-149.72006993006994,8.2763538406687,50486,417.84,14.9872526899675,27902.5,418.1818181818182,-6.7108988492988,22583.5,-0.341818181818212,8.321647677475898,50204,417.78,15.705769480275602,26626,418.1818181818182,-7.384121802799704,23578,-0.40181818181821427,9.431365651816611,43318.22294699259,408.55,16.748711077451865,24968,418.1818181818182,-7.317345425635255,18350.222946992588,-9.631818181818176
J034A,2011,491,DBE,DBE,DBE02,DBE002,J 34,J034A,2011,Socfindo,30.299999999999997,,30.299999999999997,0,0,0,1.7,0,31.999999999999996,0,0,0,2145,293,372,261,0,0,0,0,0,3071,101.35313531353137,0,0,0,0,0,0,0,726,0,0,0,0,,0,0,0,2145,1652,0,3797,125.31353135313533,7,13,20,0.005267316302343956,J034A,2011.0,467,DBE002,J034A,30.299999999999997,0.43508032657361073,3797,2011,125.31353135313533,10.92909700949719,3536,38.64528702558206,2.4975024975024973,30030,75,8.431594511994692,-26494,-36.35471297441794,3.0211202938475665,25047,75.67,3.4005608551403643,42712,145.24475524475525,-0.3794405612927978,-17665,-69.57475524475525,3.5288598817050785,49030,173.02,4.04998777839276,44802,181.44755244755245,-0.5211278966876813,4228,-8.427552447552443,4.541783834450934,55476,251.96,5.328983589853156,49358,263.02797202797206,-0.7871997554022219,6118,-11.067972027972047,5.458502176196908,66630,363.7,7.1796323979936885,47513,341.12587412587413,-1.7211302217967805,19117,22.574125874125855,6.237525620778872,59522,371.27,9.798497240420343,44553,436.5524475524476,-3.560971619641471,14969,-65.2824475524476,7.349314150395425,44762,328.97,11.846381345459038,41743,494.5034965034966,-4.497067195063614,3019,-165.53349650349656,8.147827630586251,45066,367.19,13.418211908075378,38672,518.909090909091,-5.270384277489127,6394,-151.719090909091,8.071984037654763,39092,315.55,14.540138307981577,36673.5,533.2377622377624,-6.468154270326814,2418.5,-217.68776223776234,7.985394865617707,53132,424.28,15.418293637210116,34821.5,536.888111888112,-7.432898771592409,18310.5,-112.60811188811203,8.075614511258076,52318,422.5,16.1930331887051,33155.5,536.888111888112,-8.117418677447025,19162.5,-114.38811188811201,8.875776162662168,47861.729747878635,424.81,17.575517207238303,30547.5,536.888111888112,-8.699741044576134,17314.229747878635,-112.078111888112
K032A,2011,495,DBE,DBE,DBE02,DBE002,K 32A,K032A,2011,Socfindo,5.7,,5.7,0,0,0,0.7,0,6.4,0,0,0,392,0,100,26,53,0,0,0,0,571,100.17543859649122,0,0,0,0,0,0,0,79,0,0,0,0,,0,0,0,392,258,0,650,114.03508771929825,4,1,5,0.007692307692307693,K032A,2011.0,468,DBE002,K032A,5.7,0.39692307692307693,650,2011,114.03508771929825,3.21471860225839,3402,10.936472684883041,2.497502497502498,5488,13.706293706293708,0.7172161047558916,-2086,-2.7698210214106673,3.375730491577862,8727,29.46,3.4965034965034967,7056,24.671328671328673,-0.12077300492563481,1671,4.788671328671327,3.4969619443556126,6254,21.87,4.028817897431037,7672,30.909090909090914,-0.5318559530754245,-1418,-9.039090909090913,5.032741993094416,8399,42.27,5.4030843504527715,8436,45.58041958041958,-0.3703423573583553,-37,-3.310419580419577,6.020110282192669,9249,55.68,6.884369945359589,8690,59.82517482517483,-0.8642596631669202,559,-4.145174825174827,6.509097092331237,11762,76.56,9.221211514897965,8458,77.99300699300699,-2.712114422566728,3304,-1.433006993006984,6.931364724660814,7518,52.11,11.115856154024094,7860,87.37062937062937,-4.18449142936328,-342,-35.260629370629374,9.014306498545102,8248,74.35,12.677325398654736,7342,93.07692307692307,-3.663018900109634,906,-18.72692307692307,7.293243063852382,7533,54.94,13.903707889641577,6967,96.86713286713287,-6.610464825789195,566,-41.92713286713287,6.470588235294118,7140,46.2,15.030933871953287,6592,99.08391608391608,-8.56034563665917,548,-52.88391608391608,6.874773139745916,8265,56.82,15.928701902852213,6267,99.82517482517483,-9.053928763106295,1998,-43.00517482517483,8.72553086763992,7254.572926302806,63.3,17.333768853129854,5759,99.82517482517483,-8.608237985489934,1495.572926302806,-36.52517482517483
K033A,2011,497,DBE,DBE,DBE02,DBE002,K 33A,K033A,2011,Socfindo,5.7,,5.7,0,0,0,0.61362984773,0,6.313629847730001,0,0,0,492,0,0,42,0,0,0,0,0,534,93.68421052631578,0,0,0,0,0,0,0,89,0,0,0,0,,0,0,0,492,131,0,623,109.29824561403508,3,1,4,0.006420545746388443,K033A,2011.0,469,DBE002,K033A,5.7,0.2102728731942215,623,2011,109.29824561403508,2.0587797952375406,3833,7.891302955145493,2.4975024975024973,6888,17.202797202797203,-0.4387227022649567,-3055,-9.31149424765171,3.6207137858642406,7145,25.87,3.4965034965034962,8856,30.965034965034963,0.12421028936074441,-1711,-5.095034965034962,6.253950014363689,6962,43.54,4.370629370629371,7872,34.40559440559441,1.8833206437343177,-910,9.134405594405592,6.759248453728556,8569,57.92,5.867182462927143,8460,49.63636363636363,0.892065990801413,109,8.283636363636369,7.060298357778613,7977,56.32,7.936753511974751,8136,64.57342657342657,-0.8764551541961376,-159,-8.253426573426573,8.071889400921659,10850,87.58,10.855810855810855,7560,82.06993006993007,-2.783921454889196,3290,5.510069930069932,5.7460222155508855,6662,38.28,12.75125553563584,7068,90.12587412587412,-7.005233320084955,-406,-51.84587412587412,10.469740275879209,8047,84.25,13.973170997964386,6534,91.30069930069929,-3.5034307220851773,1513,-7.050699300699293,9.398052522868102,6778,63.7,14.852582575925517,6246,92.76923076923077,-5.454530053057415,532,-29.06923076923077,8.420835623969214,7276,61.27,15.669124430453735,5958,93.35664335664336,-7.248288806484521,1318,-32.08664335664336,8.426620740558494,8129,68.5,16.465016465016465,5670,93.35664335664336,-8.03839572445797,2459,-24.85664335664336,10.923857860552337,6926.124540050949,75.66,18.102897684049516,5157,93.35664335664336,-7.179039823497179,1769.1245400509488,-17.696643356643364
K035A,2011,501,DBE,DBE,DBE02,DBE002,K 35A,K035A,2011,Socfindo,5.6,,5.6,0,0,0,0.7,0,6.3,0,0,0,5,0,180,482,0,0,0,0,0,667,119.10714285714286,0,0,0,0,0,0,0,45,0,0,0,0,,0,0,0,5,707,0,712,127.14285714285715,3,1,4,0.0056179775280898875,K035A,2011.0,470,DBE002,K035A,5.6,0.9929775280898876,712,2011,127.14285714285715,3.0657590281823524,1615,4.951200830514499,2.4975024975024978,70,0.17482517482517484,0.5682565306798546,1545,4.776375655689324,3.8534798534798536,6825,26.3,3.4965034965034962,90,0.3146853146853147,0.3569763569763573,6735,25.985314685314687,5.038177988414955,7596,38.27,2.5551371705217862,2600,6.643356643356644,2.483040817893169,4996,31.62664335664336,6.506609422664106,8851,57.59,2.847768044430738,10068,28.671328671328673,3.6588413782333675,-1217,28.91867132867133,7.385693964641333,9842,72.69,3.744514448667145,11631,43.55244755244756,3.641179515974188,-1789,29.137552447552437,7.814081505815502,11263,88.01,4.889595491733927,10662,52.13286713286713,2.924486014081575,601,35.87713286713287,8.010132282578104,7106,56.92,6.750050560301586,10477,70.72027972027972,1.2600817222765173,-3371,-13.800279720279718,8.135243677412353,9213,74.95,9.224923903822987,9810,90.49650349650351,-1.0896802264106338,-597,-15.546503496503504,6.892167446323618,8337,57.46,12.0132450786871,9145.5,109.86713286713288,-5.121077632363483,-808.5,-52.40713286713288,4.4372657966145495,7739,34.34,13.749368188703173,8481,116.60839160839161,-9.312102392088622,-742,-82.26839160839161,5.347083610556664,9018,48.22,14.748421122923116,7906.5,116.60839160839161,-9.401337512366451,1111.5,-68.38839160839161,7.728669582971306,6629.860346585117,51.24,15.402997372484197,7570.5,116.60839160839161,-7.674327789512891,-940.6396534148826,-65.36839160839162
G034A,2012,473,DBE,DBE,DBE02,DBE002,G 34,G034A,2012,Topaz,31.5,,31.5,0,0,0,1.52427976718,0,33.02427976718,0,0,0,0,2269,1354,94,0,0,0,0,0,3717,118,0,0,0,0,0,0,0,0,0,0,0,0,,0,0,0,2269,1448,0,3717,118,57,14,71,0.0191014258810869,G034A,2012.0,471,DBE002,G034A,31.5,0.4081898800208659,3834,2012,121.71428571428571,,0,0,,0,0,,0,0,3.0855971296770885,23412,72.24,2.497502497502497,31766,79.33566433566432,0.5880946321745917,-8354,-7.095664335664324,3.5959965642155582,53554,192.58,3.179819611807303,59798,190.14685314685312,0.41617695240825503,-6244,2.4331468531468943,4.613861119344668,74222,342.45,3.987205206717401,61992,247.17482517482512,0.6266559126272675,12230,95.27517482517487,5.153310748383123,81175,418.32,5.409675808603061,59660,322.74125874125866,-0.2563650602199381,21515,95.57874125874133,6.006195120702455,78126,469.24,7.425157050176716,57203,424.74125874125866,-1.4189619294742606,20923,44.49874125874135,7.291069780993541,61779,450.435,10.163874945509884,53580,544.5804195804195,-2.8728051645163424,8199,-94.14541958041951,9.288889867065762,45436,422.05,12.560149074197563,49863,626.2867132867132,-3.2712592071318003,-4427,-204.23671328671315,8.355000473081654,52845,441.52,14.05344969250833,46146,648.5104895104894,-5.698449219426676,6699,-206.9904895104894,8.982828477715609,51830,465.58,14.916734762477182,43563.5,649.8251748251747,-5.933906284761573,8266.5,-184.24517482517473,8.114234990867345,58581,475.34,15.599048797954168,41658,649.8251748251747,-7.484813807086823,16923,-174.48517482517474,9.253713405943058,50520.25921828908,467.5,16.32747081810512,39799.5,649.8251748251747,-7.073757412162061,10720.75921828908,-182.3251748251747
G035A,2012,474,DBE,DBE,DBE02,DBE002,G 35,G035A,2012,Topaz,29.8,,29.8,0,0,0,1.54745265145,0,31.347452651450002,0,0,0,0,1012,1944,248,0,0,0,0,0,3204,107.51677852348993,0,0,0,0,0,0,0,0,0,0,0,0,,0,0,0,1012,2192,0,3204,107.51677852348993,35,13,48,0.0149812734082397,G035A,2012.0,472,DBE002,G035A,29.8,0.6990782039845377,3363,2012,112.85234899328859,,0,0,,0,0,,0,0,3.376582842874978,22428,75.73,2.4975024975024978,14168,35.38461538461539,0.87908034537248,8260,40.34538461538462,3.0748267538737055,38529,118.47,2.8980528188135155,45432,131.66433566433565,0.17677393506019,-6903,-13.194335664335654,3.894334906970286,72020,280.47,3.69200471659488,54656,201.7902097902098,0.202330190375406,17364,78.67979020979024,5.137462964238958,72565,372.8,4.8421439456988145,51760,250.62937062937064,0.29531901854014375,20805,122.17062937062937,6.464269889532307,65449,423.08,6.667375448717484,50252,335.04895104895104,-0.20310555918517714,15197,88.03104895104894,7.341837277791576,56366,413.83,9.128641994000587,47296,431.7482517482518,-1.7868047162090104,9070,-17.918251748251805,8.90279176397489,46673,415.52,11.811920276040752,44092,520.8111888111888,-2.9091285120658625,2581,-105.29118881118882,9.027101480202534,51547,465.32,13.614540419470963,40888,556.6713286713288,-4.587438939268429,10659,-91.35132867132876,9.487776724244547,48514,460.29,14.667186701750728,38190,560.1398601398603,-5.179409977506181,10324,-99.84986013986025,8.360413919495787,44743,374.07,15.361448555832062,36464,560.1398601398603,-7.001034636336275,8279,-186.06986013986028,9.802547634310733,42436.927166154026,415.99,16.06734725890254,34862,560.1398601398603,-6.264799624591808,7574.927166154026,-144.14986013986027
H032A,2012,477,DBE,DBE,DBE02,DBE002,H 32,H032A,2012,Topaz,28.1,,28.1,0,0,0,1.54699681327,0,29.64699681327,0,0,0,0,2128,682,368,0,0,0,0,0,3178,113.09608540925267,0,0,0,0,0,0,0,0,0,0,0,0,,0,0,0,2128,1050,0,3178,113.09608540925267,46,11,57,0.017935808684707365,H032A,2012.0,473,DBE002,H032A,28.1,0.3572938689217759,3311,2012,117.82918149466191,,0,0,,0,0,,0,0,3.069565928226927,24466,75.1,2.4975024975024973,29792,74.4055944055944,0.5720634307244299,-5326,0.6944055944055947,3.485513608428446,45560,158.8,3.297170939066784,47852,157.77622377622376,0.1883426693616621,-2292,1.0237762237762524,5.167097830104007,56823,293.61,3.9746949763268042,51476,204.60139860139856,1.1924028537772027,5347,89.00860139860146,5.4852204226886485,68845,377.63,5.412314112686319,51584,279.1888111888111,0.07290631000232928,17261,98.44118881118891,6.431739411384597,68092,437.95,7.3966263621436035,48720,360.3636363636364,-0.9648869507590065,19372,77.58636363636361,7.250286295966408,47154,341.88,10.109776957958184,45910,464.13986013986016,-2.859490661991776,1244,-122.25986013986017,10.08205921233133,40093,404.22,12.35706164097065,42732,528.0419580419579,-2.2750024286393202,-2639,-123.82195804195783,8.156542200755466,48447,395.16,13.916356182625078,39554,550.4475524475523,-5.759813981869613,8893,-155.2875524475523,7.217698117763855,74539,538,14.83959416651724,37440,555.5944055944054,-7.621896048753386,37099,-17.59440559440543,8.980376071328338,46321,415.98,15.577267659023901,35667,555.5944055944054,-6.596891587695563,10654,-139.6144055944054,10.645740743905757,39774.592504743836,423.43,16.3036095309116,34078,555.5944055944054,-5.657868787005844,5696.592504743836,-132.16440559440542
I032A,2012,483,DBE,DBE,DBE02,DBE002,I 32,I032A,2012,Topaz,28.4,,28.4,0,0,0,1.5,0,29.9,0,0,0,0,1441,1137,60,263,0,0,0,0,2901,102.14788732394366,0,0,0,0,0,0,0,0,0,0,0,0,,0,0,0,1441,1460,0,2901,102.14788732394366,44,34,78,0.02688728024819028,I032A,2012.0,474,DBE002,I032A,28.4,0.5366559485530547,3110,2012,109.50704225352113,,0,0,,0,0,,0,0,3.002588016993017,20479,61.49,2.497502497502498,20174,50.384615384615394,0.5050855194905188,305,11.105384615384608,3.104187273326739,42462,131.81,3.116579521396036,41856,130.44755244755248,-0.01239224806929684,606,1.3624475524475201,4.308530370775329,51217,220.67,3.9318915609434533,44362,174.42657342657347,0.3766388098318756,6855,46.24342657342652,5.171060916737976,61937,320.28,5.07627560442166,46010,233.5594405594406,0.09478531231631582,15927,86.72055944055938,5.979243340806859,70917,424.03,6.888805794324357,45501,313.44755244755254,-0.9095624535174984,25416,110.58244755244743,7.029210809150929,52104,366.25,9.41467193796368,42397,399.15384615384613,-2.385461128812751,9707,-32.90384615384613,9.348858658058566,43370,405.46,11.773382180082553,39759,468.0979020979022,-2.4245235220239874,3611,-62.63790209790221,8.517605397045969,44617,380.03,13.38799027224878,36858,493.45454545454555,-4.870384875202811,7759,-113.42454545454558,8.70027501678252,46179,401.77,14.519198629933259,34677.5,503.4895104895106,-5.818923613150739,11501.5,-101.71951048951064,8.813273832961457,45714,402.89,15.33827802899797,33065.5,507.16783216783233,-6.525004196036512,12648.5,-104.27783216783234,10.752147227399359,38978.26091257574,419.1,16.10900415035915,31483.5,507.16783216783233,-5.356856922959793,7494.760912575737,-88.06783216783231
G036A,2013,475,DBE,DBE,DBE02,DBE002,G 36,G036A,2013,Topaz,31.6,,31.6,0,0,0,2.1481,0,33.7481,0,0,0,0,0,2530,0,0,0,0,0,0,2530,80.0632911392405,0,1222,0,1,0,0,0,0,0,0,0,0,,0,0,0,2530,1223,0,3753,118.76582278481013,26,11,37,0.009858779642952304,G036A,2013.0,576,DBE005,G036A,31.6,0.3258726352251532,3753,2013,118.76582278481013,,0,0,,0,0,,0,0,3.4504262709188507,12668,43.71,,0,0,,12668,43.71,3.770471204188482,23875,90.02,2.4975024975024973,35420,88.46153846153845,1.2729687066859845,-11545,1.5584615384615432,4.610527558125812,33892,156.26,3.4965034965034967,45540,159.23076923076925,1.114024061622315,-11648,-2.970769230769264,5.664115368460354,42854,242.73,4.37062937062937,40480,176.9230769230769,1.2934859978309836,2374,65.80692307692308,6.044506708335579,55677,336.54,6.118881118881119,40480,247.6923076923077,-0.07437441054554039,15197,88.84769230769231,7.138268124147813,43271,308.88,8.391608391608392,37950,318.4615384615385,-1.2533402674605787,5321,-9.581538461538514,9.402302791348818,35001,329.09,11.488511488511488,35420,406.92307692307696,-2.08620869716267,-419,-77.83307692307699,9.143587085308058,27008,246.95,13.448090371167295,32890,442.3076923076923,-4.304503285859237,-5882,-195.35769230769233,8.75466623385657,43129,377.58,10.218146225561748,47468,485.03496503496507,-1.463479991705178,-4339,-107.45496503496508,8.33594730238394,44632,372.05,10.160488176337898,51105,519.2517482517483,-1.8245408739539588,-6473,-147.20174825174826,9.69033242964341,44691.96522868273,433.08,11.13555221150158,47400,527.8251748251748,-1.4452197818581691,-2708.034771317267,-94.74517482517484
H033A,2013,478,DBE,DBE,DBE02,DBE002,H 33,H033A,2013,Topaz,28.2,,28.2,0,0,0,2.32847580907,0,30.52847580907,0,0,0,0,0,2211,744,0,0,0,0,0,2955,104.7872340425532,0,0,0,0,0,0,0,0,0,0,0,0,,0,0,0,2211,744,0,2955,104.7872340425532,55,16,71,0.024027072758037227,H033A,2013.0,475,DBE002,H033A,28.2,0.3016424510423247,3166,2013,112.26950354609929,,0,0,,0,0,,0,0,2.53206333291557,23937,60.61,,0,0,,23937,60.61,3.4185044043231088,32014,109.44,2.4975024975024978,30954,77.3076923076923,0.921001906820611,1060,32.13230769230769,4.7505174615757255,45414,215.74,3.2892785312429234,50214,165.16783216783216,1.4612389303328022,-4800,50.57216783216785,5.383263318861723,56893,306.27,4.130588899289687,48768,201.44055944055944,1.2526744195720365,8125,104.82944055944054,6.269434055574444,64706,405.67,5.678712150793368,47280,268.48951048951045,0.5907219047810761,17426,137.18048951048956,7.027405857740586,47800,335.91,7.791316717629704,45069,351.1468531468532,-0.7639108598891182,2731,-15.23685314685315,8.563400328842425,40749,348.95,10.667847610432025,42114,449.2657342657343,-2.1044472815896,-1365,-100.3157342657343,7.644263268943196,48817,373.17,12.926857100610261,39159,506.2027972027972,-5.282593831667065,9658,-133.0327972027972,8.909138507390551,49658,442.41,14.269373318097216,36204,516.6083916083916,-5.360234810706665,13454,-74.19839160839155,8.820960698689957,43052,379.76,15.037575619158817,34354.5,516.6083916083916,-6.21661492046886,8697.5,-136.84839160839158,11.623959456447,35305.52575803981,410.39,15.713367752787407,32877,516.6083916083916,-4.089408296340407,2428.52575803981,-106.21839160839158
H035A,2013,480,DBE,DBE,DBE02,DBE002,H 35,H035A,2013,Topaz,29.5,,29.5,0,0,0,1.52639847298,0,31.02639847298,0,0,0,0,0,3076,135,0,0,0,0,0,3211,108.84745762711864,0,0,0,352,0,0,0,0,0,0,0,0,,0,0,0,3076,487,0,3563,120.77966101694915,29,22,51,0.014313780522031996,H035A,2013.0,476,DBE002,H035A,29.5,0.15979240644632614,3661,2013,124.10169491525424,,0,0,,0,0,,0,0,2.6380537974683542,25280,66.69,,0,0,,25280,66.69,3.3476828845487114,34612,115.87,2.4975024975024978,43064,107.55244755244756,0.8501803870462137,-8452,8.317552447552444,4.601744833309718,49403,227.34,3.4635279841189943,57258,198.31468531468536,1.1382168491907239,-7855,29.02531468531464,5.1677788551113135,52599,271.82,4.329500805510564,51646,223.6013986013986,0.8382780496007491,953,48.21860139860138,6.06362909189695,66259,401.77,6.04537941037474,51376,310.58741258741264,0.01824968152221018,14883,91.18258741258734,7.030415401759981,52046,365.905,8.289970898666551,48300,400.40559440559446,-1.2595554969065699,3746,-34.500594405594484,8.737649020632668,40179,351.07,11.349425929478715,45089,511.73426573426576,-2.6117769088460463,-4910,-160.66426573426577,8.622450179987295,42503,366.48,13.359652430286175,41878,559.4755244755245,-4.73720225029888,625,-192.99552447552446,9.327359866638883,47990,447.62,14.517899924060215,38667,561.3636363636364,-5.190540057421332,9323,-113.74363636363637,9.559625522632249,44008,420.7,13.684254774851595,41922,573.6713286713286,-4.124629252219346,2086,-152.97132867132865,10.621951590736868,42607.04787947581,452.57,13.985008388775961,41724.5,583.5174825174826,-3.363056798039093,882.5478794758092,-130.94748251748257
I031A,2013,482,DBE,DBE,DBE02,DBE002,I 31,I031A,2013,Topaz,31.2,,31.2,0,0,0,1.63238872872,0,32.83238872872,0,0,0,0,0,3548,238,0,0,0,0,0,3786,121.34615384615385,0,0,0,0,0,0,0,0,0,0,0,0,,0,0,0,3548,238,0,3786,121.34615384615385,64,25,89,0.023507659799260432,I031A,2013.0,477,DBE002,I031A,31.2,0.0869788986103963,3886,2013,124.55128205128206,,0,0,,0,0,,0,0,2.6450796863141917,19765,52.28,,0,0,,19765,52.28,3.261893498426541,48619,158.59,2.4975024975024978,49672,124.05594405594407,0.7643910009240433,-1053,34.534055944055936,4.199589937702074,50724,213.02,3.4469667483537356,67196,231.62237762237763,0.7526231893483382,-16472,-18.602377622377617,5.1568561049196475,64964,335.01,4.309292227787937,61052,263.0909090909091,0.8475638771317104,3912,71.91909090909087,5.973630559579377,74556,445.37,6.008980454305336,60576,364,-0.035349894725959174,13980,81.37,7.082356759095663,55466,392.83,8.239848809393594,57028,469.9020979020979,-1.1574920502979316,-1562,-77.07209790209794,8.046222861577483,52831,425.09,11.280856929029422,53242,600.6153846153845,-3.234634067451939,-411,-175.52538461538455,7.148790516143844,47913,342.52,13.316067626970248,49456,658.5594405594406,-6.167277110826404,-1543,-316.03944055944066,7.5693495599123,62942,476.43,14.49284238861642,45670,661.8881118881119,-6.92349282870412,17272,-185.4581118881119,7.610140862531186,64531,491.09,15.160752024557056,43658,661.8881118881119,-7.550611162025869,20873,-170.79811188811192,8.841193882603275,57335.016823626225,506.91,15.847913609196981,41765,661.8881118881119,-7.0067197265937065,15570.016823626225,-154.97811188811187
I033A,2013,484,DBE,DBE,DBE02,DBE002,I 33,I033A,2013,Topaz,28.599999999999998,,28.599999999999998,0,0,0,1.502449895,0,30.102449895,0,0,0,0,0,2538,418,0,0,0,0,0,2956,103.35664335664336,0,0,0,75,0,0,0,0,0,0,0,0,,0,0,0,2538,493,0,3031,105.97902097902099,56,32,88,0.02903332233586275,I033A,2013.0,478,DBE002,I033A,28.599999999999998,0.21106621075536217,3217,2013,112.4825174825175,,0,0,,0,0,,0,0,3.177810248400262,19847,63.07,,0,0,,19847,63.07,3.5704085275666855,39214,140.01,3.0168774340362776,35532,107.19568898617702,0.5535310935304079,3682,32.81431101382297,4.250923785033602,46277,196.72,4.086599792748737,51536,210.60700691909892,0.1643239922848645,-5259,-13.887006919098923,5.073065004995174,59057,299.6,5.1144759850311345,48132,246.16995811151855,-0.041410980035960776,10925,53.43004188848147,5.951989670149079,68152,405.64,7.092723753578659,47296,335.4574626492563,-1.1407340834295807,20856,70.1825373507437,7.065952589241897,46867,331.16,9.726480790772198,44758,435.3378272333821,-2.660528201530301,2109,-104.17782723338206,8.120542082738945,42060,341.55,13.316523841317242,41802,556.6573296147434,-5.195981758578297,258,-215.10732961474338,8.503881968195321,40057,340.64,15.888131904267993,38846,617.1903719531945,-7.384249936072672,1211,-276.5503719531945,9.111697242305066,42463,386.91,17.393487842039193,35890,624.2522786507866,-8.281790599734126,6573,-237.34227865078657,8.271429272361512,40762,337.16,17.797634242660898,35253,627.4199999565246,-9.526204970299386,5509,-290.2599999565246,9.60447726759873,39373.30366492147,378.16,18.487283257552903,34075,629.9541770011151,-8.882805989954173,5298.30366492147,-251.7941770011151
I034A,2013,485,DBE,DBE,DBE02,DBE002,I 34,I034A,2013,Topaz,30.5,,30.5,0,0,0,1.62,0,32.12,0,0,0,0,0,2837,0,240,0,0,0,0,3077,100.88524590163935,0,603,0,0,0,0,0,0,0,0,0,0,,0,0,0,2837,843,0,3680,120.65573770491804,32,16,48,0.013043478260869565,I034A,2013.0,479,DBE002,I034A,30.5,0.22907608695652176,3680,2013,120.65573770491804,,0,0,,0,0,,0,0,3.159015500420938,20193,63.79,,0,0,,20193,63.79,2.8376810633431666,30169,85.61,2.4975024975024978,39718,99.1958041958042,0.34017856584066886,-9549,-13.5858041958042,4.0199894286675315,41622,167.32,3.496503496503497,51066,178.55244755244757,0.5234859321640344,-9444,-11.232447552447582,5.310648263137352,56366,299.34,4.241532999327552,48752,206.7832167832168,1.0691152638098007,7614,92.55678321678317,5.77791409406713,74989,433.28,5.890995068658411,49712,292.8531468531469,-0.11308097459128064,25277,140.4268531468531,6.71939555153093,53007,356.175,8.058801851236383,46395,373.88811188811195,-1.3394062997054537,6612,-17.71311188811194,8.689560948499444,43184,375.25,11.015133908747023,43558,479.7972027972029,-2.3255729602475785,-374,-104.54720279720289,8.336383297288306,42077,350.77,12.99841434719526,40481,526.1888111888113,-4.662031049906954,1596,-175.41881118881133,8.710422440581171,47628,414.86,12.120235912933204,45846,555.6643356643357,-3.409813472352033,1782,-140.80433566433567,8.272367712794589,42729,353.47,12.3582465882276,46599.5,575.888111888112,-4.085878875433011,-3870.5,-222.41811188811198,10.180842275474957,39641.120948529,403.58,13.264088146905115,43735,580.1048951048953,-3.083245871430158,-4093.879051470998,-176.52489510489528
I035A,2013,486,DBE,DBE,DBE02,DBE002,I 35,I035A,2013,Topaz,29.3,,29.3,0,0,0,1.51489753397,0,30.81489753397,0,0,0,0,0,2314,86,1107,0,0,0,0,3507,119.69283276450511,0,0,0,0,0,0,0,0,0,0,0,0,,0,0,0,2314,1193,0,3507,119.69283276450511,7,15,22,0.006273167949814656,I035A,2013.0,480,DBE002,I035A,29.3,0.3401767892785857,3507,2013,119.69283276450511,,0,0,,0,0,,0,0,2.904361512653771,24143,70.12,,0,0,,24143,70.12,2.7500302334018625,24807,68.22,2.497502497502498,32396,80.90909090909092,0.2525277358993643,-7589,-12.689090909090922,4.332637405321422,41192,178.47,3.4684374800111226,42856,148.64335664335667,0.8641999253102992,-1664,29.82664335664333,5.934860282120655,48419,287.36,3.8087120942678556,54070,205.93706293706296,2.1261481878527997,-5651,81.42293706293705,6.059120357842123,62821,380.64,5.1817503211392735,58326,302.2307692307692,0.8773700367028496,4495,78.40923076923076,6.828354520472114,50581,345.385,7.009645248985002,53798,377.10489510489515,-0.18129072851288797,-3217,-31.71989510489516,7.83826695956674,45977,360.38,9.56038397183967,51398,491.38461538461536,-1.7221170122729301,-5421,-131.00461538461536,7.724345103230569,39281,303.42,11.645617751149059,47891,557.7202797202797,-3.9212726479184896,-8610,-254.30027972027966,7.813117095920339,47602,371.92,13.464973202716534,44384,597.6293706293707,-5.6518561067961945,3218,-225.70937062937065,7.277424745486928,45479,330.97,14.5860943072724,42034,613.1118881118881,-7.3086695617854724,3445,-282.1418881118881,8.353302410189606,43824.5836225736,366.08,15.433128303468374,39727,613.1118881118881,-7.079825893278768,4097.583622573598,-247.03188811188812
H036A,2012,481,DBE,DBE,DBE02,DBE002,H 36,H036A,2012,Topaz,29.8,,29.8,0,0,0,1.5,0,31.3,0,0,0,0,153,2541,444,0,0,0,0,0,3138,105.30201342281879,0,0,0,0,0,0,0,0,0,0,0,0,,0,0,0,153,2985,0,3138,105.30201342281879,11,6,17,0.005417463352453792,H036A,2012.0,575,DBE005,H036A,29.8,0.9542190305206463,3342,2012,112.14765100671141,,0,0,,0,0,,0,0,2.9466548403446526,15784,46.51,2.4975024975024978,2142,5.34965034965035,0.4491523428421549,13642,41.160349650349644,3.4061459915339127,30947,105.41,2.569284191075049,38328,98.47552447552448,0.8368618004588639,-7381,6.934475524475516,4.04899091049145,64910,262.82,3.4216913559584787,54402,186.14685314685315,0.6272995545329714,10508,76.67314685314685,4.798097298578901,67483,323.79,4.317664486757959,51096,220.61538461538464,0.48043281182094244,16387,103.17461538461538,5.588598379336541,63184,353.11,5.974965998939628,50055,299.07692307692304,-0.38636761960308696,13129,54.033076923076976,6.753197102058762,52313,353.28,8.190770400183208,47361,387.92307692307696,-1.4375732981244465,4952,-34.64307692307699,8.823195277963004,40491,357.26,11.110251935162049,44223,491.3286713286713,-2.287056657199045,-3732,-134.06867132867131,7.568613138686131,41100,311.07,13.201694253172894,41085,542.3916083916083,-5.633081114486763,15,-231.32160839160832,8.25325740758614,51805,427.56,14.42795635860451,38023.5,548.6013986013986,-6.174698951018369,13781.5,-121.04139860139861,6.913349125085963,52348,361.9,15.141141201998167,36232.5,548.6013986013986,-8.227792076912204,16115.5,-186.70139860139864,7.249187644659597,57836.82538675516,419.27,15.826486032899117,34663.5,548.6013986013986,-8.57729838823952,23173.32538675516,-129.33139860139863
J035A,2013,492,DBE,DBE,DBE02,DBE002,J 35,J035A,2013,Topaz,29.8,,29.8,0,0,0,1.54108418408,0,31.34108418408,0,0,0,0,0,3245,0,0,0,0,0,0,3245,108.89261744966443,0,0,0,66,0,0,0,403,0,0,0,0,,0,0,0,3245,469,0,3714,124.63087248322147,14,21,35,0.00942380183091007,J035A,2013.0,481,DBE002,J035A,29.8,0.12627894453419494,3714,2013,124.63087248322147,,0,0,,0,0,,0,0,2.3422982885085575,30675,71.85,,0,0,,30675,71.85,3.4612324286093186,45244,156.6,2.4975024975024973,45430,113.46153846153845,0.9637299311068213,-186,43.13846153846154,4.5760289421380556,44779,204.91,3.4965034965034962,58410,204.23076923076923,1.0795254456345593,-13631,0.6792307692307702,4.770277935337493,51127,243.89,4.37062937062937,51920,226.9230769230769,0.39964856470812293,-793,16.96692307692308,6.410723060403662,54947,352.25,6.118881118881119,51920,317.6923076923077,0.2918419415225424,3027,34.55769230769232,6.933801937617055,43249,299.88,8.391608391608392,48675,408.46153846153845,-1.4578064539913367,-5426,-108.58153846153846,7.596462053840407,41493,315.2,11.488511488511488,45430,521.9230769230769,-3.8920494346710814,-3937,-206.72307692307692,8.839228107220364,34098,301.4,13.448090371167293,42185,567.3076923076923,-4.6088622639469286,-8087,-265.9076923076923,9.002359853592756,41528,373.85,14.568764568764568,38940,567.3076923076923,-5.566404715171812,2588,-193.45769230769224,7.3952397650565445,45628,337.43,14.89521552803589,38241.5,569.6153846153845,-7.499975762979346,7386.5,-232.18538461538452,8.56188003097191,43472.92868547099,372.21,15.4939006713537,36883,571.4615384615385,-6.93202064038179,6589.9286854709935,-199.25153846153847
K031A,2013,494,DBE,DBE,DBE02,DBE002,K 31,K031A,2013,Topaz,18.099999999999998,,18.099999999999998,0,0,0,1.42433367102,0,19.52433367102,0,0,0,0,0,1754,0,248,0,0,0,0,2002,110.60773480662985,0,83,0,9,0,0,0,0,0,0,0,0,,0,0,0,1754,340,0,2094,115.69060773480665,3,2,5,0.002387774594078319,K031A,2013.0,482,DBE002,K031A,18.099999999999998,0.16236867239732566,2094,2013,115.69060773480665,,0,0,,0,0,,0,0,2.1125151709859358,14007,29.59,,0,0,,14007,29.59,2.997096885302367,20323,60.91,2.4975024975024978,24556,61.328671328671334,0.4995943877998692,-4233,-0.41867132867133705,4.55213449942095,25041,113.99,3.4965034965034967,31572,110.3916083916084,1.055631002917453,-6531,3.5983916083915943,5.151058952338591,29227,150.55,4.164404849336356,31536,131.32867132867133,0.9866541030022349,-2309,19.221328671328678,5.354111837241624,33817,181.06,5.758997519941938,32528,187.32867132867136,-0.4048856827003142,1289,-6.26867132867136,5.97957170585802,31427,187.92,7.864650047092745,30278,238.12587412587413,-1.885078341234725,1149,-50.205874125874146,6.642949773930111,28531,189.53,10.741537245533879,28524,306.3916083916084,-4.098587471603768,7,-116.86160839160837,7.51661657000127,23621,177.55,12.738863579674982,26522,337.8601398601399,-5.222247009673712,-2901,-160.31013986013988,6.941883533667872,34276,237.94,13.606166436942859,25682,349.4335664335665,-6.664282903274986,8594,-111.49356643356651,6.229763387297634,25696,160.08,14.213010655145377,25015,355.5384615384616,-7.983247267847743,681,-195.4584615384616,7.918583704589416,21697.06179912238,171.81,14.998763862400226,23760,356.3706293706294,-7.08018015781081,-2062.9382008776192,-184.56062937062939
K034A,2013,499,DBE,DBE,DBE02,DBE002,K 34A,K034A,2013,Topaz,5.7,,5.7,0,0,0,0.7,0,6.4,0,0,0,0,0,444,87,0,0,0,0,0,531,93.1578947368421,0,0,0,63,0,0,0,47,0,0,0,0,,0,0,0,444,197,0,641,112.45614035087719,5,1,6,0.0093603744149766,K034A,2013.0,483,DBE002,K034A,5.7,0.3073322932917317,641,2013,112.45614035087719,,0,0,,0,0,,0,0,1.9850467289719627,5350,10.62,,0,0,,5350,10.62,3.560138491645341,6643,23.65,2.4975024975024978,6216,15.524475524475527,1.0626359941428434,427,8.125524475524472,4.728466784541551,7918,37.44,3.364388054941801,9210,30.986013986013987,1.36407872959975,-1292,6.453986013986011,5.388882599343371,8833,47.6,4.212742275026012,8670,36.52447552447553,1.176140324317359,163,11.075524475524475,6.1031593646360625,11458,69.93,5.832444391766427,8496,49.55244755244756,0.2707149728696354,2962,20.377552447552446,7.183412604042807,6728,48.33,7.998707700645107,8052,64.4055944055944,-0.8152950966023003,-1324,-16.0755944055944,8.336699536652013,8417,70.17,10.951154947963884,7521,82.36363636363637,-2.614455411311871,896,-12.193636363636372,9.195291082083536,6201,57.02,13.106635853416973,6990,91.61538461538464,-3.9113447713334377,-789,-34.59538461538464,9.43761480853469,7077,66.79,14.372529467745448,6459,92.83216783216785,-4.934914659210758,618,-26.04216783216785,10.929922728483879,7506,82.04,13.5146423542328,7032,95.03496503496505,-2.584719625748921,474,-12.994965034965048,11.12991475020976,7463.6690275129395,83.07,13.791722276441236,7018.5,96.79720279720281,-2.6618075262314758,445.16902751293946,-13.727202797202821
L032B,2009,506,DBE,DBE,DBE03,DBE003,L 32,L032B,2009,Socfindo,32.9390415064,,32.9390415064,0,0,0,1.58916433705,0,34.52820584345,0,4107,0,0,0,0,0,0,0,0,0,0,4107,124.68486671665951,0,0,0,0,0,0,0,0,56,0,0,0,,0,0,0,4107,0,56,4163,126.38497690320271,163,55,218,0.05236608215229402,L032B,2009.0,484,DBE002,L032B,32.9390415064,0.01345183761710305,4163,2009,126.38497690320271,4.631821685931925,92448,428.2026512210346,4.370629370629371,65712,287.20279720279717,0.26119231530255416,26736,140.99985401823744,7.01643430027734,106728,748.85,6.118881118881118,65712,402.08391608391605,0.8975531813962219,41016,346.76608391608397,8.378027213339589,83121,696.39,8.391608391608392,61605,516.965034965035,-0.013581178268802674,21516,179.424965034965,10.49248928586889,69301,727.14,11.48851148851149,57498,660.5664335664336,-0.9960222026425996,11803,66.57356643356638,9.962440899650922,67893,676.38,13.448090371167293,53391,718.006993006993,-3.4856494715163713,14502,-41.62699300699296,11.318775739978074,67502,764.04,14.568764568764568,49284,718.006993006993,-3.2499888287864938,18218,46.03300699300701,10.983523719106973,65306,717.29,15.202189115232592,47230.5,718.006993006993,-4.218665396125619,18075.5,-0.7169930069929933,14.30041280311988,48207,689.38,15.893197711379528,45177,718.006993006993,-1.5927849082596488,3030,-28.62699300699296,11.134251407638558,44223,492.39,16.65001665001665,43123.5,718.006993006993,-5.515765242378091,1099.5,-225.61699300699297,13.223038946791004,45575,602.64,18.40264998159735,39016.5,718.006993006993,-5.179611034806346,6558.5,-115.36699300699297,11.38299301450833,44664,508.41,20.104895104895107,32856,660.5664335664336,-8.721902090386777,11808,-152.15643356643358,12.655450649917354,38755.63293379861,490.47,20.51282051282051,30802.5,631.8461538461538,-7.857369862903157,7953.13293379861,-141.37615384615378
L033B,2009,507,DBE,DBE,DBE03,DBE003,L 33,L033B,2009,Socfindo,30.4431990786,,30.4431990786,0,0,0,1.45991202171,0,31.90311110031,0,3656,0,0,0,0,0,0,0,0,0,0,3656,120.09250376613605,0,0,0,0,0,0,0,0,46,0,0,0,,0,0,0,3656,0,46,3702,121.60351448091785,154,25,179,0.04835224203133441,L033B,2009.0,485,DBE002,L033B,30.4431990786,0.01242571582928147,3702,2009,121.60351448091785,4.458338399942236,102935,458.9190631980541,4.370629370629371,58496,255.6643356643357,0.08770902931286528,44439,203.2547275337184,6.550156886864244,95929,628.35,6.118881118881119,58496,357.93006993007,0.4312757679831245,37433,270.41993006993005,7.736689211166818,89157,689.78,8.391608391608392,54840,460.1958041958042,-0.6549191804415733,34317,229.58419580419576,9.50879506801417,65207,620.04,11.48851148851149,51184,588.027972027972,-1.9797164204973203,14023,32.01202797202791,10.262337586668997,68652,704.53,13.448090371167295,47528,639.1608391608393,-3.1857527844982982,21124,65.36916083916071,11.707491507241194,61523,720.28,14.56876456876457,43872,639.1608391608393,-2.8612730615233755,17651,81.11916083916071,11.487835593436879,54791,629.43,15.202189115232594,42044,639.1608391608393,-3.714353521795715,12747,-9.73083916083931,14.646193976760731,42170,617.63,15.89319771137953,40216,639.1608391608393,-1.247003734618799,1954,-21.530839160839264,11.766427177998763,42034,494.59,16.650016650016653,38388,639.1608391608393,-4.88358947201789,3646,-144.57083916083928,10.910445608806421,41606,453.94,18.402649981597353,34732,639.1608391608393,-7.4922043727909315,6874,-185.22083916083926,9.403203582500861,46448,436.76,20.104895104895107,29248,588.027972027972,-10.701691522394245,17200,-151.26797202797206,11.588327266511333,34784.140172229556,403.09,20.512820512820515,27420,562.4615384615385,-8.924493246309181,7364.140172229556,-159.37153846153848
L034B,2009,508,DBE,DBE,DBE03,DBE003,L 34,L034B,2009,Socfindo,29.6369607063,,29.6369607063,0,0,0,1.48516599992,0,31.122126706219998,0,3414,0,0,0,0,0,0,0,0,0,0,3414,115.19399825887943,0,0,0,0,0,0,0,0,0,0,0,0,,0,0,0,3414,0,0,3414,115.19399825887943,140,21,161,0.04715875805506737,L034B,2009.0,486,DBE002,L034B,29.6369607063,0,3414,2009,115.19399825887943,4.051342619279329,84660,342.986666148188,4.370629370629371,54624,238.74125874125875,-0.3192867513500417,30036,104.24540740692927,6.3393142654112635,84435,535.26,6.118881118881118,54624,334.23776223776224,0.22043314653014523,29811,201.02223776223775,8.1044589077091,74211,601.44,8.391608391608392,51210,429.73426573426576,-0.2871494838992916,23001,171.7057342657343,9.40318122082748,66201,622.5,11.488511488511488,47796,549.1048951048951,-2.0853302676840073,18405,73.39510489510485,9.937704619861767,65976,655.65,13.448090371167295,44382,596.8531468531469,-3.5103857513055274,21594,58.796853146853095,11.045169679784717,55369,611.56,14.568764568764568,40968,596.8531468531469,-3.5235948889798507,14401,14.706853146853064,10.194043772277558,60038,612.03,15.202189115232594,39261,596.8531468531469,-5.008145342955036,20777,15.176853146853091,13.159643888120709,41223,542.48,15.893197711379528,37554,596.8531468531469,-2.73355382325882,3669,-54.373146853146864,11.141580091809615,41390,461.15,16.65001665001665,35847,596.8531468531469,-5.508436558207034,5543,-135.7031468531469,11.087258466440623,48958,542.81,18.40264998159735,32433,596.8531468531469,-7.315391515156726,16525,-54.043146853146936,9.699237124960394,41029,397.95,20.104895104895107,27312,549.1048951048951,-10.405657979934713,13717,-151.15489510489516,10.833371136771156,33668.1902055383,364.74,20.512820512820515,25605,525.2307692307693,-9.679449376049359,8063.190205538303,-160.49076923076927
I036A,2011,487,DBE,DBE,DBE02,DBE002,I 36,I036A,2011,Socfindo,29.1,,29.1,0,0,0,1.52813283895,0,30.628132838950002,0,0,0,2296,1036,241,107,0,0,0,0,0,3680,126.46048109965635,0,0,0,0,0,0,0,0,0,0,0,0,,0,0,0,2296,1384,0,3680,126.46048109965635,43,9,52,0.014130434782608696,I036A,2011.0,567,DBE005,I036A,29.1,0.3760869565217391,3680,2011,126.46048109965635,1.8500914785626372,3382,6.25700938049884,2.4975024975024973,32144,80.27972027972028,-0.6474110189398601,-28762,-74.02271089922144,2.937083424888303,27306,80.2,3.236983678307649,55832,180.7272727272727,-0.299900253419346,-28526,-100.52727272727269,3.511336236705856,53501,187.86,3.985649804091548,58758,234.18881118881117,-0.4743135673856922,-5257,-46.32881118881116,4.230716175714483,79743,337.37,5.344895180561644,59148,316.1398601398601,-1.114179004847161,20595,21.2301398601399,5.1792030181560955,67856,351.44,7.2893584108767735,56798,414.020979020979,-2.110155392720678,11058,-62.58097902097899,6.197988446764215,68206,422.74,9.96712293940567,53252,530.7692307692307,-3.769134492641455,14954,-108.02923076923071,7.194661562184293,56421,405.93,12.255463291112157,49679,608.8391608391609,-5.060801728927864,6742,-202.90916083916085,8.993266364940943,45295,407.35,13.799175020071127,45999,634.7482517482517,-4.8059086551301835,-704,-227.3982517482517,8.466782650914388,49432,418.53,14.766607768195176,43467,641.8601398601397,-6.299825117280788,5965,-223.33013986013975,8.964938150241665,48828,437.74,15.52014675310938,41453,643.3566433566432,-6.555208602867715,7375,-205.61664335664318,7.061563474974733,45514,321.4,16.26301250917335,39559.5,643.3566433566432,-9.201449034198617,5954.5,-321.9566433566432,8.132019870262013,45416.760644007154,369.33,17.591748857898722,36571.5,643.3566433566432,-9.459728987636709,8845.260644007154,-274.0266433566432
L035B,2009,509,DBE,DBE,DBE03,DBE003,L 35,L035B,2009,Socfindo,24.9752709651,,24.9752709651,0,0,0,1.42009912966,0,26.39537009476,0,2803,0,0,0,0,0,0,0,0,0,0,2803,112.23101458706343,0,0,0,0,0,0,0,0,0,0,0,0,,0,0,0,2803,0,0,2803,112.23101458706343,49,10,59,0.02104887620406707,L035B,2009.0,487,DBE002,L035B,24.9752709651,0,2803,2009,112.23101458706343,4.266670767593018,79151,337.711257925755,4.370629370629371,44848,196.01398601398603,-0.10395860303635285,34303,141.69727191176895,6.287173100871731,80300,504.86,6.118881118881119,44848,274.4195804195804,0.16829198199061146,35452,230.4404195804196,8.10609249002542,59401,481.51,8.391608391608392,42045,352.8251748251748,-0.285515901582972,17356,128.68482517482516,9.594570979204287,51501,494.13,11.488511488511488,39242,450.83216783216784,-1.8939405093072015,12259,43.297832167832155,10.458667268690974,53154,555.92,13.448090371167295,36439,490.03496503496507,-2.989423102476321,16715,65.88503496503489,11.131707517346143,48714,542.27,14.56876456876457,33636,490.03496503496507,-3.437057051418426,15078,52.23503496503491,11.23977316999264,46202,519.3,15.202189115232596,32234.5,490.03496503496507,-3.9624159452399557,13967.5,29.265034965034886,13.980125523012552,34416,481.14,15.89319771137953,30833,490.03496503496507,-1.9130721883669786,3583,-8.894965034965082,11.140809918686097,37263,415.14,16.650016650016653,29431.5,490.03496503496507,-5.509206731330556,7831.5,-74.89496503496508,11.50673686594203,35328,406.51,18.402649981597353,26628.5,490.03496503496507,-6.895913115655324,8699.5,-83.52496503496508,9.412400140682308,39806,374.67,20.104895104895103,22424,450.83216783216784,-10.692494964212795,17382,-76.16216783216782,13.454916924749055,25175.92653262092,338.74,20.512820512820515,21022.5,431.2307692307692,-7.05790358807146,4153.426532620921,-92.49076923076922
L036B,2009,510,DBE,DBE,DBE03,DBE003,L 36,L036B,2009,Socfindo,31.3667867276,,31.3667867276,0,0,0,1.16251390819,0,32.52930063579,0,3783,0,0,0,0,0,0,0,0,0,0,3783,120.60527693999636,0,0,0,0,0,0,0,0,0,0,0,0,,0,0,0,3783,0,0,3783,120.60527693999636,193,27,220,0.05815490351572826,L036B,2009.0,488,DBE002,L036B,31.3667867276,0,3783,2009,120.60527693999636,4.278574998788965,102687,439.3540309006425,4.370629370629372,60528,264.54545454545456,-0.09205437184040655,42159,174.80857635518794,6.117695558074822,97030,593.6,6.118881118881118,60528,370.3636363636364,-0.0011855608062960599,36502,223.23636363636365,8.08394231896518,76767,620.58,8.391608391608392,56745,476.18181818181824,-0.30766607264321166,20022,144.3981818181818,9.338876163845674,67234,627.89,11.48851148851149,52962,608.4545454545455,-2.149635324665816,14272,19.43545454545449,10.464633314735602,64524,675.22,13.448090371167295,49179,661.3636363636364,-2.9834570564316927,15345,13.856363636363653,12.085680260066304,62138,750.98,14.568764568764568,45396,661.3636363636364,-2.4830843086982632,16742,89.61636363636364,11.590887389394615,62836,728.325,15.202189115232594,43504.5,661.3636363636364,-3.611301725837979,19331.5,66.96136363636367,14.057613531251377,45406,638.3,15.89319771137953,41613,661.3636363636364,-1.8355841801281532,3793,-23.06363636363642,11.499866441100526,44924,516.62,16.65001665001665,39721.5,661.3636363636364,-5.1501502089161235,5202.5,-144.74363636363637,11.073585378637679,43881,485.92,18.40264998159735,35938.5,661.3636363636364,-7.32906460295967,7942.5,-175.44363636363636,9.794124261443788,48913,479.06,20.104895104895107,30264,608.4545454545455,-10.31077084345132,18649,-129.3945454545455,11.191570844364016,40073.01622236979,448.48,20.512820512820515,28372.5,582,-9.321249668456499,11700.516222369792,-133.51999999999998
L039A,2009,515,DBE,DBE,DBE03,DBE003,L 39A,L039A,2009,Socfindo,20.237895390914,,20.237895390914,0,0,0,1.451007,0,21.688902390914002,0,2248,0,0,0,135,0,0,0,0,0,0,2383,117.74939804609677,0,0,0,0,0,0,0,0,0,0,0,0,,0,0,0,2248,135,0,2383,117.74939804609677,4,0,4,0.001678556441460344,L039A,2009.0,489,DBE002,L039A,20.237895390914,0.056651279899286616,2383,2009,117.74939804609677,4.807081289774202,49271,236.8497022284647,4.370629370629371,35968,157.2027972027972,0.4364519191448313,13303,79.64690502566751,6.4371798453944304,53685,345.58,6.118881118881118,35968,220.08391608391605,0.31829872651331215,17717,125.49608391608393,8.28234794607791,47105,390.14,8.078778845417432,35610,287.6853146853147,0.20356910066047895,11495,102.45468531468526,9.297378132612943,41459,385.46,10.915666835671555,33902,370.06293706293707,-1.618288703058612,7557,15.397062937062913,10.122030546665625,38433,389.02,12.823335216911563,31384,402.4475524475525,-2.7013046702459373,7049,-13.4275524475525,11.47481441361073,31387,360.16,13.942331693567278,29136,406.2237762237762,-2.4675172799565477,2251,-46.06377622377619,11.34352360222215,30781,349.165,14.707464935251283,27877,410,-3.363941333029132,2904,-60.83499999999998,12.969446922390723,26904,348.93,15.580444801272813,26618,414.72027972027973,-2.61099787888209,286,-65.79027972027973,10.87255680314544,26451,287.59,16.428423502834956,25359,416.6083916083916,-5.555866699689517,1092,-129.01839160839165,10.131281481775275,25213,255.44,18.13232902195298,22976,416.6083916083916,-8.001047540177705,2237,-161.16839160839163,7.763602660560462,27513,213.6,19.715293536090506,19536.5,385.16783216783216,-11.951690875530044,7976.5,-171.56783216783217,8.777567713073218,22376.358282883877,196.41,20.13886903502603,18345,369.4475524475525,-11.361301321952812,4031.358282883877,-173.03755244755249
M031B,2009,517,DBE,DBE,DBE03,DBE003,M 31,M031B,2009,Socfindo,0,,0,0,0,0,0,0,0,0,0,0,0,0,0,0,0,0,0,0,0,0,0,0,0,0,0,0,0,0,0,0,0,0,0,,0,0,0,0,0,0,0,0,0,0,0,0,M031B,2009.0,490,DBE002,M031B,0,0,0,2009,0,,0,0,,0,0,,0,0,,0,0,,0,0,,0,0,,0,0,,0,0,,0,0,,0,0,,0,0,,0,0,8.784403669724771,3488,30.64,,0,0,,3488,30.64,11.242519236249644,7018,78.9,,0,0,,7018,78.9,9.618151047175798,9454,90.93,,0,0,,9454,90.93,13.439862542955327,5820,78.22,,0,0,,5820,78.22,,0,0,,0,0,,0,0,,0,0,,0,0,,0,0,,0,0,,0,0,,0,0,,0,0,,0,0,,0,0
M032B,2009,518,DBE,DBE,DBE03,DBE003,M 32,M032B,2009,Socfindo,7.5,,7.5,0,0,0,0.575082371319,0,8.075082371319,0,924,0,0,0,0,0,0,0,0,0,0,924,123.2,0,0,0,0,0,0,0,0,0,0,0,0,,0,0,0,924,0,0,924,123.2,18,2,20,0.021645021645021644,M032B,2009.0,491,DBE002,M032B,7.5,0,924,2009,123.2,6.533333333333333,300,1.96,4.37062937062937,14784,64.61538461538461,2.1627039627039633,-14484,-62.65538461538461,5.694282380396733,16283,92.72,6.118881118881119,14784,90.46153846153847,-0.4245987384843861,1499,2.258461538461532,7.375566769987448,39037,287.92,8.391608391608393,13860,116.30769230769232,-1.0160416216209454,25177,171.6123076923077,9.1936440175501,33732,310.12,11.48851148851149,12936,148.6153846153846,-2.294867470961389,20796,161.5046153846154,8.815212410813642,30554,269.34,13.448090371167297,12012,161.53846153846155,-4.632877960353655,18542,107.80153846153843,10.92125368016994,26833,293.05,14.568764568764571,11088,161.53846153846155,-3.6475108885946312,15745,131.51153846153846,9.862999150382327,28248,278.61,15.202189115232596,10626,161.53846153846155,-5.339189964850268,17622,117.07153846153847,12.055606965592665,23774,286.61,15.893197711379532,10164,161.53846153846155,-3.8375907457868674,13610,125.07153846153847,11.08860759493671,6715,74.46,16.650016650016653,9702,161.53846153846155,-5.5614090550799435,-2987,-87.07846153846155,10.38849801162435,9807,101.88,18.402649981597353,8778,161.53846153846155,-8.014151969973003,1029,-59.65846153846155,9.59173471088152,12002,115.12,20.104895104895107,7392,148.6153846153846,-10.513160394013587,4610,-33.49538461538461,13.516863246842654,7721.466000951023,104.37,20.512820512820515,6930,142.15384615384616,-6.995957265977861,791.4660009510226,-37.783846153846156
M033B,2009,519,DBE,DBE,DBE03,DBE003,M 33,M033B,2009,Socfindo,24.8812144054,,24.8812144054,0,0,0,0.630767962363,0,25.511982367763,0,2992,0,0,0,0,0,0,0,0,0,0,2992,120.25136519665385,0,0,0,0,0,0,0,0,0,0,0,0,,0,0,0,2992,0,0,2992,120.25136519665385,110,34,144,0.0481283422459893,M033B,2009.0,492,DBE002,M033B,24.8812144054,0,2992,2009,120.25136519665385,4.634420422756032,82978,384.5549378394501,4.370629370629371,47872,209.23076923076925,0.26379105212666154,35106,175.32416860868082,6.416542408560653,91208,585.24,6.118881118881119,47872,292.92307692307696,0.2976612896795334,43336,292.31692307692305,7.465220129386845,69868,521.58,8.391608391608392,44880,376.61538461538464,-0.9263882622215469,24988,144.9646153846154,9.565265650436583,54056,517.06,11.48851148851149,41888,481.2307692307693,-1.923245838074907,12168,35.82923076923066,9.595455467640495,49290,472.96,13.448090371167295,38896,523.0769230769231,-3.8526349035268,10394,-50.116923076923115,11.736703663309168,46761,548.82,14.56876456876457,35904,523.0769230769231,-2.8320609054554016,10857,25.743076923076956,10.25177304964539,45120,462.56,15.202189115232596,34408,523.0769230769231,-4.950416065587206,10712,-60.51692307692309,13.520033388981636,35940,485.91,15.89319771137953,32912,523.0769230769231,-2.373164322397894,3028,-37.16692307692307,10.799876193845066,22616,244.25,16.650016650016653,31416,523.0769230769231,-5.850140456171587,-8800,-278.8269230769231,11.563348480951156,34989,404.59,18.402649981597353,28424,523.0769230769231,-6.839301500646197,6565,-118.48692307692312,8.863598044174676,35586,315.42,20.104895104895107,23936,481.2307692307693,-11.24129706072043,11650,-165.81076923076927,12.541147591552754,22458.869728135214,281.66,20.512820512820515,22440,460.3076923076924,-7.971672921267761,18.869728135214245,-178.64769230769235
J036A,2011,493,DBE,DBE,DBE02,DBE002,J 36,J036A,2011,Socfindo,29.9,,29.9,0,0,0,1.54,0,31.439999999999998,0,0,0,2775,20,13,144,0,0,0,0,0,2952,98.72909698996656,0,0,0,0,0,0,0,538,0,0,0,0,,0,0,0,2775,715,0,3490,116.72240802675586,62,21,83,0.023782234957020056,J036A,2011.0,538,DBE004,J036A,29.9,0.20487106017191975,3490,2011,116.72240802675586,2.7502913613075064,19761,54.34850759079764,2.497502497502497,38850,97.02797202797201,0.25278886380500953,-19089,-42.679464437174374,3.5653550065717123,37281,132.92,3.4909347073392465,50230,175.34965034965035,0.07442029923246585,-12949,-42.42965034965036,4.712841276663123,44209,208.35,4.356041804308458,44942,195.76923076923075,0.35679947235466436,-733,12.58076923076925,5.749458294640093,41997,241.46,5.938472853525012,46970,278.93006993006986,-0.18901455888491903,-4973,-37.470069930069855,6.65143475906876,46175,307.13,8.073097982585077,44745,361.2307692307693,-1.4216632235163171,1430,-54.10076923076929,7.31927821090004,54642,399.94,11.045768594614064,41662,460.1888111888111,-3.7264903837140233,12980,-60.24881118881109,6.762646438350016,44558,301.33,12.973977173287409,38854,504.090909090909,-6.211330734937393,5704,-202.76090909090902,8.769705431943068,44404,389.41,14.17339275954395,35902,508.8531468531468,-5.403687327600881,8502,-119.4431468531468,8.381288169741232,47649,399.36,14.971093704257154,34337.5,514.06993006993,-6.589805534515921,13311.5,-114.70993006993001,9.096239196449428,42810,389.41,15.742424917912212,32783,516.083916083916,-6.646185721462784,10027,-126.67391608391603,8.004727326930858,46961,375.91,16.522616170447126,31235,516.083916083916,-8.517888843516268,15726,-140.17391608391603,8.876691244178637,46268.36607270135,410.71,18.190223149425165,28371.5,516.083916083916,-9.313531905246528,17896.86607270135,-105.37391608391607
M034B,2009,521,DBE,DBE,DBE03,DBE003,M 34,M034B,2009,Socfindo,21.6685746458,,21.6685746458,0,0,0,0.5,0,22.1685746458,0,2509,0,0,0,0,0,0,0,0,0,0,2509,115.78980348328159,0,0,0,0,0,0,0,0,0,0,0,0,,0,0,0,2509,0,0,2509,115.78980348328159,62,38,100,0.03985651654045436,M034B,2009.0,493,DBE002,M034B,21.6685746458,0,2509,2009,115.78980348328159,4.699919559997555,70683,332.2044142593072,4.37062937062937,40144,175.45454545454544,0.32929018936818544,30539,156.74986880476177,6.369829309549439,65030,414.23,6.118881118881118,40144,245.63636363636363,0.2509481906683204,24886,168.5936363636364,7.03425631587753,47816,336.35,8.39160839160839,37635,315.81818181818176,-1.3573520757308595,10181,20.531818181818267,8.999787239072363,42301,380.7,11.488511488511488,35126,403.5454545454545,-2.488724249439125,7175,-22.845454545454515,10.015320901060493,41773,418.37,13.448090371167293,32617,438.63636363636357,-3.4327694701068,9156,-20.266363636363565,11.48288238542242,36220,415.91,14.568764568764568,30108,438.63636363636357,-3.0858821833421484,6112,-22.726363636363544,11.429916138969707,35058,400.71,15.202189115232592,28853.5,438.63636363636357,-3.772272976262885,6204.5,-37.92636363636359,11.9175584384528,33454,398.69,15.893197711379528,27599,438.63636363636357,-3.9756392729267276,5855,-39.94636363636357,11.507550168885357,20132,231.67,16.65001665001665,26344.5,438.63636363636357,-5.142466481131292,-6212.5,-206.96636363636358,12.817000105111944,28541,365.81,18.40264998159735,23835.5,438.63636363636357,-5.585649876485405,4705.5,-72.82636363636357,11.666351666351666,31746,370.36,20.104895104895103,20072,403.5454545454545,-8.438543438543437,11674,-33.18545454545449,11.197395217816837,25397.871064467767,284.39,20.512820512820515,18817.5,386,-9.315425295003678,6580.371064467767,-101.61000000000001
M035B,2009,523,DBE,DBE,DBE03,DBE003,M 35,M035B,2009,Socfindo,19.5596913678,,19.5596913678,0,0,0,1,0,20.5596913678,0,2397,0,0,0,0,0,0,0,0,0,0,2397,122.54794592240059,0,0,0,0,0,0,0,0,0,0,0,0,,0,0,0,2397,0,0,2397,122.54794592240059,17,9,26,0.01084689194826867,M035B,2009.0,494,DBE002,M035B,19.5596913678,0,2397,2009,122.54794592240059,,0,0,4.370629370629371,38352,167.62237762237763,,-38352,-167.62237762237763,,0,0,6.118881118881119,38352,234.6713286713287,,-38352,-234.6713286713287,,0,0,8.39160839160839,35955,301.7202797202797,,-35955,-301.7202797202797,9.111306811655243,26117,237.96,11.488511488511488,33558,385.53146853146853,-2.3772046768562447,-7441,-147.57146853146853,9.502807129373116,40789,387.61,13.448090371167293,31161,419.05594405594405,-3.9452832417941774,9628,-31.44594405594404,11.61562948981604,35497,412.32,14.568764568764568,28764,419.05594405594405,-2.9531350789485273,6733,-6.73594405594406,10.287283729401052,34043,350.21,15.202189115232592,27565.5,419.05594405594405,-4.91490538583154,6477.5,-68.84594405594407,13.32599048622418,31323,417.41,15.893197711379528,26367,419.05594405594405,-2.5672072251553484,4956,-1.6459440559440282,11.317305640514972,28118,318.22,16.65001665001665,25168.5,419.05594405594405,-5.332711009501677,2949.5,-100.83594405594403,12.819011352205777,27836,356.83,18.40264998159735,22771.5,419.05594405594405,-5.583638629391572,5064.5,-62.22594405594407,9.06219917399,32203,291.83,20.104895104895107,19176,385.53146853146853,-11.042695930905106,13027,-93.70146853146855,10.81486308493223,22262.880085412453,240.77,20.51282051282051,17977.5,368.7692307692308,-9.697957427888282,4285.380085412453,-127.99923076923076
M036B,2009,525,DBE,DBE,DBE03,DBE003,M 36,M036B,2009,Socfindo,26.3,,26.3,1.7,0,0,0.629,0,28.629,0,3083,0,0,0,0,0,0,0,0,0,0,3083,117.22433460076046,0,0,0,0,0,0,0,0,0,0,0,0,,0,0,0,3083,0,0,3083,117.22433460076046,79,26,105,0.03405773597145637,M036B,2009.0,495,DBE002,M036B,26.3,0,3083,2009,117.22433460076046,5.279972573234782,32138,169.6877585586194,4.37062937062937,49328,215.59440559440557,0.9093432026054122,-17190,-45.906647035786165,6.5819244003267565,40397,265.89,6.118881118881117,49328,301.8321678321678,0.4630432814456391,-8931,-35.9421678321678,8.310894897612853,26517,220.38,8.391608391608392,46245,388.0699300699301,-0.08071349399553895,-19728,-167.68993006993009,8.632733988809822,36818,317.84,11.488511488511488,43162,495.86713286713285,-2.8557774997016665,-6344,-178.02713286713288,8.63373644994313,43081,371.95,13.448090371167293,40079,538.986013986014,-4.814353921224162,3002,-167.03601398601398,10.390708727459112,42922,445.99,14.568764568764568,36996,538.986013986014,-4.178055841305456,5926,-92.99601398601396,9.933661407825541,41454,411.79,15.202189115232592,35454.5,538.986013986014,-5.268527707407051,5999.5,-127.19601398601395,10.43286968079012,43639,455.28,15.893197711379528,33913,538.986013986014,-5.460328030589409,9726,-83.706013986014,10.279984309110523,40788,419.3,16.65001665001665,32371.5,538.986013986014,-6.370032340906127,8416.5,-119.68601398601396,11.71577819448165,37330,437.35,18.40264998159735,29288.5,538.986013986014,-6.686871787115699,8041.5,-101.63601398601395,9.153479457440534,40696,372.51,20.104895104895103,24664,495.86713286713285,-10.951415647454569,16032,-123.35713286713286,12.620551599720844,27027.344827586207,341.1,20.512820512820515,23122.5,474.3076923076923,-7.89226891309967,3904.8448275862065,-133.2076923076923
M037B,2009,527,DBE,DBE,DBE03,DBE003,M 37,M037B,2009,Socfindo,29.4505817917,,29.4505817917,0,0,0,2.275824446645,0,31.726406238345,0,3708,0,0,0,0,0,0,0,0,0,0,3708,125.9058318856376,0,0,0,0,0,0,0,0,0,0,0,0,,0,0,0,3708,0,0,3708,125.9058318856376,90,43,133,0.03586839266450917,M037B,2009.0,496,DBE002,M037B,29.4505817917,0,3708,2009,125.9058318856376,3.987854470693145,31165,124.28148457915186,4.370629370629371,59328,259.3006993006993,-0.38277489993622593,-28163,-135.01921472154743,6.2017223382045925,30656,190.12,6.118881118881119,59328,363.02097902097904,0.08284121932347333,-28672,-172.90097902097904,8.401716277822473,22374,187.98,8.391608391608392,55620,466.7412587412587,0.010107886214081319,-33246,-278.76125874125876,9.754136869029598,38314,373.72,11.488511488511488,51912,596.3916083916083,-1.7343746194818905,-13598,-222.6716083916083,9.525886557316962,54565,519.78,13.448090371167295,48204,648.2517482517483,-3.9222038138503326,6361,-128.4717482517483,10.429189228476941,55034,573.96,14.56876456876457,44496,648.2517482517483,-4.139575340287628,10538,-74.29174825174823,10.222437137330752,50666,517.93,15.202189115232594,42642,648.2517482517483,-4.9797519779018415,8024,-130.32174825174832,12.17877988326537,50028,609.28,15.89319771137953,40788,648.2517482517483,-3.7144178281141595,9240,-38.971748251748295,9.37980522808816,42922,402.6,16.65001665001665,38934,648.2517482517483,-7.27021142192849,3988,-245.65174825174824,10.216897095666697,43108,440.43,18.40264998159735,35226,648.2517482517483,-8.185752885930652,7882,-207.82174825174826,9.267149832497646,45671,423.24,20.104895104895103,29664,596.3916083916083,-10.837745272397457,16007,-173.1516083916083,11.32848403140071,28565.16362675126,323.6,20.512820512820515,27810,570.4615384615385,-9.184336481419805,755.1636267512586,-246.86153846153843
M038B,2009,529,DBE,DBE,DBE03,DBE003,M 38B,M038B,2009,Socfindo,27.956501331699997,,27.956501331699997,0,0,0,2.55706576833,0,30.513567100029995,0,3981,0,0,0,0,0,0,0,0,0,0,3981,142.39979290562826,0,0,0,0,0,0,0,0,0,0,0,0,,0,0,0,3981,0,0,3981,142.39979290562826,52,18,70,0.017583521728208994,M038B,2009.0,497,DBE002,M038B,27.956501331699997,0,3981,2009,142.39979290562826,4.28078807070601,21272,91.06092384005824,4.37062937062937,63696,278.3916083916084,-0.08984129992335976,-42424,-187.33068455155012,6.327651515151516,26400,167.05,6.118881118881118,63696,389.74825174825173,0.20877039627039728,-37296,-222.69825174825172,8.233071187825555,19582,161.22,8.391608391608392,59715,501.1048951048951,-0.15853720378283676,-40133,-339.8848951048951,10.364668005482772,31371,325.15,11.488511488511488,55734,640.3006993006993,-1.1238434830287165,-24363,-315.15069930069933,9.217347771267523,53932,497.11,13.448090371167295,51753,695.979020979021,-4.230742599899772,2179,-198.869020979021,11.469930586611188,51431,589.91,14.56876456876457,47772,695.979020979021,-3.0988339821533817,3659,-106.06902097902105,10.94315971471796,46270,506.34,15.202189115232594,45781.5,695.979020979021,-4.259029400514635,488.5,-189.63902097902104,11.988308084254584,43962,527.03,15.89319771137953,43791,695.979020979021,-3.9048896271249465,171,-168.94902097902104,11.402257362209236,34908,398.03,16.65001665001665,41800.5,695.979020979021,-5.247759287807414,-6892.5,-297.94902097902104,9.672759055037146,38901,376.28,18.40264998159735,37819.5,695.979020979021,-8.729890926560204,1081.5,-319.69902097902104,9.280848834162954,38170,354.25,20.104895104895103,31848,640.3006993006993,-10.824046270732149,6322,-286.0506993006993,11.038584917900351,27380.321141515396,302.24,20.512820512820515,29857.5,612.4615384615385,-9.474235594920163,-2477.1788584846036,-310.22153846153844
M039B,2009,531,DBE,DBE,DBE03,DBE003,M 39B,M039B,2009,Socfindo,16.4590296729,,16.4590296729,0,0,0,1.2,0,17.6590296729,0,2079,0,0,0,0,0,0,0,0,0,0,2079,126.31364310759459,0,0,0,0,0,0,0,0,0,0,0,0,,0,0,0,2079,0,0,2079,126.31364310759459,22,7,29,0.013949013949013949,M039B,2009.0,498,DBE002,M039B,16.4590296729,0,2079,2009,126.31364310759459,5.257780593119488,181,0.9516582873546273,4.37062937062937,33264,145.3846153846154,0.8871512224901181,-33083,-144.43295709726075,2.4213075060532687,826,2,6.118881118881119,33264,203.53846153846155,-3.6975736128278505,-32438,-201.53846153846155,0,473,0,8.391608391608392,31185,261.6923076923077,-8.391608391608392,-30712,-261.6923076923077,8.159786950732357,11265,91.92,11.48851148851149,29106,334.3846153846154,-3.3287245377791326,-17841,-242.4646153846154,7.956045364259627,31214,248.34,13.448090371167293,27027,363.46153846153845,-5.492045006907666,4187,-115.12153846153845,10.57095192700531,29372,310.49,14.568764568764568,24948,363.46153846153845,-3.997812641759257,4424,-52.971538461538444,10.548607876160103,27907,294.38,15.202189115232592,23908.5,363.46153846153845,-4.653581239072489,3998.5,-69.08153846153846,11.665672354134351,25143,293.31,15.893197711379528,22869,363.46153846153845,-4.227525357245177,2274,-70.15153846153845,11.459108355476824,16935,194.06,16.65001665001665,21829.5,363.46153846153845,-5.190908294539826,-4894.5,-169.40153846153845,10.020371313486736,21599,216.43,18.40264998159735,19750.5,363.46153846153845,-8.382278668110613,1848.5,-147.03153846153845,9.10572972972973,23125,210.57,20.104895104895107,16632,334.3846153846154,-10.999165375165378,6493,-123.81461538461542,9.735178647716534,17290.899950714636,168.33,20.512820512820515,15592.5,319.84615384615387,-10.77764186510398,1698.3999507146364,-151.51615384615386
M040B,2009,534,DBE,DBE,DBE03,DBE003,M 40B,M040B,2009,Socfindo,21.1501037748,,21.1501037748,0,0,0,1.2,0,22.3501037748,0,1859,0,0,7,607,0,0,0,0,0,0,2473,116.92614023702988,0,0,0,0,0,0,0,0,0,0,0,0,,0,0,0,1859,614,0,2473,116.92614023702988,59,11,70,0.028305701577031946,M040B,2009.0,499,DBE002,M040B,21.1501037748,0.24828143954710877,2473,2009,116.92614023702988,4.864035034792997,69116,336.1826454647528,4.370629370629371,29744,130,0.4934056641636264,39372,206.1826454647528,6.476729640440068,62354,403.85,6.1069886483732745,29842,182.24475524475525,0.36974099206679334,32512,221.60524475524477,8.128240546113346,49953,406.03,7.002775635167648,36509,255.66433566433568,1.1254649109456984,13444,150.3656643356643,9.974639865300269,48107,479.85,9.111059456408045,37064,337.69230769230774,0.8635804088922239,11043,142.1576923076923,9.473299379758963,39662,375.73,10.830304113820338,33991,368.1328671328671,-1.3570047340613751,5671,7.5971328671329275,12.322890904094532,36390,448.43,11.994013768332835,32125,385.3076923076923,0.3288771357616973,4265,63.122307692307686,10.346595839798038,38027,393.45,13.162580924136114,30581.5,402.53146853146853,-2.8159850843380756,7445.5,-9.081468531468545,12.331249433722933,33111,408.3,14.596499306190058,29038,423.8531468531469,-2.265249872467125,4073,-15.55314685314687,11.024707000316756,25256,278.44,15.724696115319695,27494.5,432.34265734265733,-4.699989115002939,-2238.5,-153.90265734265733,10.832667876588022,27550,298.44,17.276429863842452,25025,432.34265734265733,-6.44376198725443,2525,-133.90265734265733,8.63540080757265,30214,260.91,18.529499411416463,21929.5,406.34265734265733,-9.894098603843814,8284.5,-145.4326573426573,10.854274594808148,20920.790055248617,227.08,19.00848873255001,20693,393.34265734265733,-8.154214137741862,227.79005524861714,-166.26265734265732
M041B,2009,537,DBE,DBE,DBE03,DBE003,M 41B,M041B,2009,Socfindo,24.0595521288,,24.0595521288,0,0,0,1,0,25.0595521288,0,2701,0,0,33,0,68,0,0,0,0,0,2802,116.46102076214139,0,0,0,0,0,0,0,0,0,0,0,0,,0,0,0,2701,101,0,2802,116.46102076214139,58,20,78,0.027837259100642397,M041B,2009.0,500,DBE002,M041B,24.0595521288,0.03604568165596003,2802,2009,116.46102076214139,4.735863806641098,78047,369.6199625169178,4.370629370629371,43216,188.88111888111888,0.3652344360117272,34831,180.7388436357989,6.42980429644972,75318,484.28,6.080576321887736,43678,265.58741258741253,0.34922797456198396,31640,218.69258741258744,7.959212526066518,56586,450.38,8.320877108733782,41109,342.06293706293707,-0.361664582667264,15477,108.31706293706293,9.393995324227882,48762,458.07,11.175036598765413,39294,439.11188811188816,-1.7810412745375306,9468,18.95811188811183,9.624341285286336,45733,440.15,13.01270274551164,36865,479.71328671328666,-3.3883614602253047,8868,-39.563286713286686,11.006996559447664,43307,476.68,14.152430890186439,33995,481.11188811188805,-3.145434330738775,9312,-4.431888111888043,10.528086263305838,43402,456.94,14.846536717655802,32611.5,484.16783216783216,-4.318450454349964,10790.5,-27.22783216783216,13.104553785422247,35465,464.753,15.613975241703097,31160,486.5314685314685,-2.5094214562808492,4305,-21.77846853146849,12.650717703349283,27170,343.72,16.45687567225174,29708.5,488.9090909090909,-3.8061579689024576,-2538.5,-145.18909090909085,10.791809306453658,31548,340.46,18.194857180111423,26923,489.86013986013984,-7.403047873657766,4625,-149.40013986013986,9.669257184167721,33198,321,19.839553959885727,22787,452.0839160839161,-10.170296775718006,10411,-131.0839160839161,10.396175382672029,24987.073653352872,259.77,20.2560462076033,21386,433.1958041958042,-9.859870824931273,3601.0736533528725,-173.42580419580423
M042B,2009,539,DBE,DBE,DBE03,DBE003,M 42,M042B,2009,Socfindo,29.1254392107,,29.1254392107,0,0,0,1.62767,0,30.7531092107,0,3166,0,0,0,0,0,0,0,0,0,0,3166,108.70222341014126,0,0,0,0,0,0,0,87,0,0,0,0,,0,0,0,3166,87,0,3253,111.68930282791837,26,13,39,0.011988933292345526,M042B,2009.0,501,DBE002,M042B,29.1254392107,0.026744543498309254,3253,2009,111.68930282791837,4.729433214120371,82471,390.04108660172113,4.370629370629372,50656,221.39860139860147,0.3588038434909997,31815,168.64248520311966,6.579426517403,85129,560.1,6.11888111888112,50656,309.95804195804203,0.46054539852188014,34473,250.141958041958,8.422928917689783,60029,505.62,8.391608391608392,47490,398.51748251748256,0.03132052608139091,12539,107.10251748251744,9.920782851817334,53650,532.25,11.488511488511488,44324,509.2167832167832,-1.567728636694154,9326,23.0332167832168,9.858966099629134,57433,566.23,13.448090371167297,41158,553.4965034965036,-3.5891242715381626,16275,12.73349650349644,11.171595970945864,49838,556.77,14.568764568764571,37992,553.4965034965036,-3.397168597818707,11846,3.2734965034964034,9.804336777909537,47224,463,15.202189115232596,36409,553.4965034965036,-5.397852337323059,10815,-90.49650349650358,12.349583726718736,46604,575.54,15.893197711379532,34826,553.4965034965036,-3.543613984660796,11778,22.043496503496385,11.547474607411516,28847,333.11,16.650016650016653,33243,553.4965034965036,-5.102542042605137,-4396,-220.38650349650356,13.476731526199716,35821,482.75,18.402649981597353,30077,553.4965034965036,-4.925918455397637,5744,-70.74650349650358,9.303807509254362,37820,351.87,20.104895104895103,25328,509.2167832167832,-10.801087595640741,12492,-157.3467832167832,9.654838205354869,30533.91405735778,294.8,20.512820512820518,23745,487.07692307692315,-10.85798230746565,6788.914057357779,-192.27692307692314
M043B,2009,541,DBE,DBE,DBE03,DBE003,M 43B,M043B,2009,Socfindo,11.5309778437,,11.5309778437,0,0,0,1.3,0,12.830977843700001,0,857,0,0,0,0,436,0,0,0,0,0,1293,112.13272781600531,0,0,0,0,0,0,0,0,0,0,0,0,,0,0,0,857,436,0,1293,112.13272781600531,6,6,12,0.009280742459396751,M043B,2009.0,502,DBE002,M043B,11.5309778437,0.337200309358082,1293,2009,112.13272781600531,4.477812900012025,41179,184.39185740959516,4.370629370629371,13712,59.930069930069926,0.10718352938265419,27467,124.46178747952524,5.316444418045202,33671,179.01,6.118881118881118,13712,83.90209790209789,-0.8024367008359166,19959,95.1079020979021,7.51614606604655,24619,185.04,8.391608391608392,12855,107.87412587412588,-0.8754623255618421,11764,77.16587412587411,9.763075108139992,20344,198.62,8.456740475301961,18102,153.08391608391608,1.3063346328380305,2242,45.536083916083925,10.127808243410579,22612,229.01,9.335180065602943,18989,177.26573426573427,0.7926281778076358,3623,51.744265734265724,12.614524561312697,19319,243.7,10.446969021708304,17260,180.3146853146853,2.1675555396043933,2059,63.38531468531468,9.893813724972265,18929,187.28,11.43751237325785,16831.5,192.5104895104895,-1.5436986482855843,2097.5,-5.230489510489491,11.766084363016617,23470,276.15,12.820585814886561,15967,204.7062937062937,-1.0545014518699443,7503,71.44370629370627,12.56727394283804,11966,150.38,14.563883393547357,15102.5,219.95104895104896,-1.9966094507093164,-3136.5,-69.57104895104897,8.045397225725095,19825,159.5,16.36909019507955,13809.5,226.04895104895104,-8.323692969354456,6015.5,-66.54895104895104,10.356462746965008,16804,174.03,17.708714184557994,12088,214.06293706293704,-7.352251437592987,4716,-40.03293706293704,12.441875483934686,13643.441474654377,169.75,18.1855464816615,11441.5,208.06993006993005,-5.743670997726815,2201.941474654377,-38.31993006993005
K036A,2011,503,DBE,DBE,DBE02,DBE002,K 36A,K036A,2011,Socfindo,5.63,,5.63,0,0,0,0.73184014806,0,6.36184014806,0,0,0,581,0,0,66,81,0,0,0,0,728,129.30728241563057,0,0,0,0,0,0,0,0,0,0,0,0,,0,0,0,581,147,0,728,129.30728241563057,16,8,24,0.03296703296703297,K036A,2011.0,539,DBE004,K036A,5.63,0.20192307692307693,728,2011,129.30728241563057,2.918488187608616,3057,8.92181838951954,2.497502497502498,8134,20.31468531468532,0.42098569010611797,-5077,-11.39286692516578,2.4656829100892246,5828,14.37,3.496503496503497,10458,36.566433566433574,-1.0308205864142725,-4630,-22.196433566433576,3.4142135731001355,8119,27.72,4.370629370629372,9296,40.62937062937064,-0.9564157975292362,-1177,-12.909370629370642,4.5764272559852675,8688,39.76,5.791468805167437,10220,59.1888111888112,-1.2150415491821693,-1532,-19.428811188811203,7.400401938763447,8459,62.6,7.259117615192637,11037,80.11888111888113,0.1412843235708099,-2578,-17.518881118881133,8.469060866632946,11862,100.46,9.688283166870695,10648,103.16083916083917,-1.2192223002377496,1214,-2.7008391608391804,8.679262758173566,10797,93.71,11.478980383574024,9905,113.69930069930072,-2.799717625400458,892,-19.989300699300728,9.878582367096916,9142,90.31,12.725339037717523,9258,117.81118881118883,-2.846756670620607,-116,-27.501188811188825,8.7374749498998,8982,78.48,13.875020167180478,8820.5,122.3846153846154,-5.137545217280678,161.5,-43.9046153846154,11.858138489208633,8896,105.49,15.047102485966857,8383,126.13986013986016,-3.1889639967582237,513,-20.649860139860166,8.396055544375125,9938,83.44,16.018214998770034,7945.5,127.2727272727273,-7.622159454394909,1992.5,-43.8327272727273,7.237247110904002,10643.549794498893,77.03,17.5536483377322,7250.5,127.2727272727273,-10.316401226828196,3393.049794498893,-50.24272727272729
N037C,2009,544,DBE,DBE,DBE03,DBE003,N 37,N037C,2009,Socfindo,9.2,,9.2,0,0,0,0.4,0,9.6,0,1103,0,0,0,0,0,0,0,0,0,0,1103,119.8913043478261,0,0,0,0,0,0,0,0,0,0,0,0,,0,0,0,1103,0,0,1103,119.8913043478261,9,0,9,0.008159564823209429,N037C,2009.0,503,DBE002,N037C,9.2,0,1103,2009,119.8913043478261,,0,0,4.370629370629372,17648,77.13286713286715,,-17648,-77.13286713286715,,0,0,6.118881118881119,17648,107.98601398601399,,-17648,-107.98601398601399,,0,0,8.391608391608392,16545,138.83916083916085,,-16545,-138.83916083916085,,0,0,11.48851148851149,15442,177.40559440559443,,-15442,-177.40559440559443,,0,0,13.448090371167295,14339,192.83216783216784,,-14339,-192.83216783216784,,0,0,14.56876456876457,13236,192.83216783216784,,-13236,-192.83216783216784,,0,0,15.202189115232596,12684.5,192.83216783216784,,-12684.5,-192.83216783216784,9.272727272727273,605,5.61,15.89319771137953,12133,192.83216783216784,-6.620470438652257,-11528,-187.22216783216783,10.874805598755833,10288,111.88,16.650016650016653,11581.5,192.83216783216784,-5.77521105126082,-1293.5,-80.95216783216785,14.783651786479307,11671,172.54,18.402649981597353,10478.5,192.83216783216784,-3.6189981951180457,1192.5,-20.29216783216785,8.706878885169752,14639,127.46,20.104895104895107,8824,177.40559440559443,-11.398016219725355,5815,-49.945594405594434,12.818053013379027,8804.769326683292,112.86,20.51282051282051,8272.5,169.69230769230768,-7.694767499441484,532.2693266832921,-56.83230769230768
K036B,2009,504,DBE,DBE,DBE02,DBE002,K 36B,K036B,2009,Socfindo,30.9552213536,,30.9552213536,0,0,0,1.5,0,32.455221353599995,0,3604,0,0,0,0,0,0,0,0,0,0,3604,116.4262390125298,0,0,0,0,0,0,0,0,0,0,0,0,,0,0,0,3604,0,0,3604,116.4262390125298,81,33,114,0.031631520532741396,K036B,2009.0,524,DBE004,K036B,30.9552213536,0,3604,2009,116.4262390125298,4.780913961578274,93086,445.0361570274752,4.370629370629371,57664,252.02797202797206,0.410284590948903,35422,193.00818499950316,6.388998035363458,83985,536.58,6.118881118881119,57664,352.83916083916085,0.2701169164823387,26321,183.7408391608392,7.338374617231415,69559,510.45,8.391608391608392,54060,453.6503496503497,-1.0532337743769764,15499,56.79965034965028,8.978256816987814,59007,529.78,11.488511488511488,50456,579.6643356643357,-2.5102546715236738,8551,-49.88433566433571,9.92690726359068,61292,608.44,13.448090371167297,46852,630.0699300699301,-3.5211831075766167,14440,-21.629930069930083,11.561376962360507,52870,611.25,14.568764568764571,43248,630.0699300699301,-3.0073876064040643,9622,-18.819930069930138,10.823783600584635,47209,510.98,15.202189115232596,41446,630.0699300699301,-4.378405514647961,5763,-119.08993006993012,12.848225940429572,42135,541.36,15.893197711379532,39644,630.0699300699301,-3.04497177094996,2491,-88.70993006993012,11.531907443611216,34271,395.21,16.650016650016653,37842,630.0699300699301,-5.118109206405437,-3571,-234.85993006993016,10.863185378590078,38300,416.06,18.402649981597353,34238,630.0699300699301,-7.539464603007275,4062,-214.00993006993014,8.764322131462091,36482,319.74,20.104895104895103,28832,579.6643356643357,-11.340572973433012,7650,-259.9243356643357,10.288210062399619,35841.9975645397,368.75,20.512820512820515,27030,554.4615384615385,-10.224610450420895,8811.997564539699,-185.71153846153845
N038C,2009,545,DBE,DBE,DBE03,DBE003,N 38,N038C,2009,Socfindo,19.583149317,,19.583149317,0,0,0,0.739549325905,7.3,27.622698642905,0,2432,0,0,0,0,0,0,0,0,0,0,2432,124.18840098863961,0,0,0,0,0,0,0,0,0,0,0,0,,0,0,0,2432,0,0,2432,124.18840098863961,8,0,8,0.003289473684210526,N038C,2009.0,504,DBE002,N038C,19.583149317,0,2432,2009,124.18840098863961,,0,0,4.370629370629371,38912,170.06993006993005,,-38912,-170.06993006993005,4.702258726899384,487,2.29,6.118881118881119,38912,238.0979020979021,-1.4166223919817353,-38425,-235.80790209790212,,0,0,8.39160839160839,36480,306.1258741258741,,-36480,-306.1258741258741,,0,0,11.488511488511488,34048,391.16083916083915,,-34048,-391.16083916083915,,0,0,13.448090371167293,31616,425.1748251748252,,-31616,-425.1748251748252,,0,0,14.568764568764568,29184,425.1748251748252,,-29184,-425.1748251748252,,0,0,15.202189115232592,27968,425.1748251748252,,-27968,-425.1748251748252,7.486423584173778,1289,9.65,15.893197711379528,26752,425.1748251748252,-8.40677412720575,-25463,-415.5248251748252,9.331470426351666,23619,220.4,16.65001665001665,25536,425.1748251748252,-7.318546223664983,-1917,-204.77482517482517,10.883899099392803,24539,267.08,18.40264998159735,23104,425.1748251748252,-7.518750882204547,1435,-158.0948251748252,8.191970466082141,32505,266.28,20.104895104895103,19456,391.16083916083915,-11.912924638812962,13049,-124.88083916083917,10.91493939509443,20043.171297709923,218.77,20.51282051282051,18240,374.15384615384613,-9.59788111772608,1803.1712977099232,-155.38384615384612
L031A,2011,505,DBE,DBE,DBE03,DBE003,L 31,L031A,2011,Socfindo,17.400000000000002,,17.400000000000002,0,0,0,0.7,0,18.1,0,0,0,844,518,705,220,28,0,0,0,0,2315,133.04597701149424,0,0,0,0,0,0,0,0,0,0,0,0,,0,0,0,844,1471,0,2315,133.04597701149424,14,2,16,0.006911447084233261,L031A,2011.0,510,DBE003,L031A,17.400000000000002,0.6354211663066954,2315,2011,133.04597701149424,1.2748573409603339,4499,5.735583176980541,2.4975024975024978,11816,29.51048951048951,-1.2226451565421639,-7317,-23.77490633350897,3.0836707152496627,17784,54.84,3.1737109798061494,22444,71.23076923076923,-0.09004026455648662,-4660,-16.390769230769223,4.035375040943334,21371,86.24,3.555958384999917,32698,116.27272727272728,0.4794166559434174,-11327,-30.032727272727286,4.621049214914594,49294,227.79,4.550239175658483,37562,170.91608391608395,0.07081003925611107,11732,56.87391608391604,4.655869555662989,45506,211.87,6.043655633595492,36580,221.0769230769231,-1.3877860779325024,8926,-9.20692307692309,5.511249549503166,38846,214.09,8.229259991942708,34890,287.1188811188811,-2.7180104424395424,3956,-73.02888111888112,5.498347578347579,43875,241.24,10.471049992519768,32767,343.1048951048952,-4.97270241417219,11108,-101.8648951048952,7.852068255759909,30122,236.52,12.530743534680543,30480,381.93706293706293,-4.678675278920633,-358,-145.41706293706292,7.406430672481996,19718,146.04,14.001914411191358,28587,400.27272727272737,-6.595483738709362,-8869,-254.23272727272737,8.270795457932227,33553,277.51,15.001249260886407,26953,404.32867132867136,-6.73045380295418,6600,-126.81867132867137,6.135199105261789,38447,235.88,15.765353786116114,25671.5,404.7202797202798,-9.630154680854325,12775.5,-168.8402797202798,7.398513532342317,29297.77705378817,216.76,16.808716659202585,24078,404.7202797202798,-9.410203126860267,5219.77705378817,-187.9602797202798
N039C,2009,546,DBE,DBE,DBE03,DBE003,N 39,N039C,2009,Socfindo,21.9977233934,,21.9977233934,0,0,0,0.6,0,22.597723393400003,0,2810,0,0,0,0,0,0,0,0,0,0,2810,127.74049158391941,0,0,0,0,0,0,0,0,0,0,0,0,,0,0,0,2810,0,0,2810,127.74049158391941,22,4,26,0.009252669039145907,N039C,2009.0,505,DBE002,N039C,21.9977233934,0,2810,2009,127.74049158391941,,0,0,4.370629370629371,44960,196.5034965034965,,-44960,-196.5034965034965,,0,0,6.118881118881119,44960,275.1048951048951,,-44960,-275.1048951048951,,0,0,8.391608391608392,42150,353.7062937062937,,-42150,-353.7062937062937,,0,0,11.488511488511486,39340,451.9580419580419,,-39340,-451.9580419580419,,0,0,13.448090371167293,36530,491.2587412587412,,-36530,-491.2587412587412,,0,0,14.568764568764568,33720,491.2587412587412,,-33720,-491.2587412587412,,0,0,15.202189115232592,32315,491.2587412587412,,-32315,-491.2587412587412,7.802988378527947,1807,14.1,15.893197711379528,30910,491.2587412587412,-8.090209332851583,-29103,-477.1587412587412,8.293867445403759,31504,261.29,16.65001665001665,29505,491.2587412587412,-8.35614920461289,1999,-229.9687412587412,10.590886682160715,28398,300.76,18.40264998159735,26695,491.2587412587412,-7.811763299436635,1703,-190.49874125874123,8.158825841960425,30524,249.04,20.104895104895103,22480,451.9580419580419,-11.946069262934678,8044,-202.91804195804193,10.896254130335558,20410.68401486989,222.4,20.51282051282051,21075,432.30769230769226,-9.616566382484953,-664.3159851301098,-209.90769230769226
N040C,2009,547,DBE,DBE,DBE03,DBE003,N 40,N040C,2009,Socfindo,17.5116379591,,17.5116379591,0,0,0,0.447515518136,0,17.959153477236,0,2100,0,0,0,0,0,0,0,0,0,0,2100,119.92024988780251,0,0,0,0,0,0,0,0,0,0,0,0,,0,0,0,2100,0,0,2100,119.92024988780251,74,17,91,0.043333333333333335,N040C,2009.0,506,DBE002,N040C,17.5116379591,0,2100,2009,119.92024988780251,4.66428632468984,55012,256.59171929383746,4.37062937062937,33600,146.85314685314685,0.2936569540604701,21412,109.7385724406906,6.726961581244117,58435,393.09,6.118881118881119,33600,205.5944055944056,0.6080804623629978,24835,187.49559440559437,7.722137839377255,42136,325.38,8.39160839160839,31500,264.3356643356643,-0.669470552231135,10636,61.04433566433568,10.131547915411021,38161,386.63,11.48851148851149,29400,337.76223776223776,-1.3569635731004688,8761,48.867762237762236,11.072024767050111,32947,364.79,13.448090371167293,27300,367.1328671328671,-2.3760656041171817,5647,-2.3428671328670703,12.674724469749941,30033,380.66,14.568764568764568,25200,367.1328671328671,-1.8940400990146262,4833,13.527132867132934,11.519389036127773,28676,330.33,15.202189115232592,24150,367.1328671328671,-3.682800079104819,4526,-36.80286713286711,14.914206757944982,23883,356.196,15.893197711379528,23100,367.1328671328671,-0.9789909534345469,783,-10.936867132867064,10.697454545454546,13750,147.09,16.65001665001665,22050,367.1328671328671,-5.952562104562103,-8300,-220.0428671328671,8.99756196668021,24610,221.43,18.40264998159735,19950,367.1328671328671,-9.405088014917139,4660,-145.70286713286708,8.376129140180662,23912,200.29,20.104895104895107,16800,337.76223776223776,-11.728765964714444,7112,-137.47223776223777,11.61910397778094,17070.163102015696,198.34,20.51282051282051,15750,323.07692307692304,-8.893716535039571,1320.1631020156965,-124.73692307692303
N041C,2009,548,DBE,DBE,DBE03,DBE003,N 41,N041C,2009,Socfindo,12.7744558446,,12.7744558446,0,0,0,0.307249868443,0,13.081705713043,0,1546,0,0,0,0,0,0,0,0,0,0,1546,121.02276752974358,0,0,0,0,0,0,0,0,0,0,0,0,,0,0,0,1546,0,0,1546,121.02276752974358,33,7,40,0.0258732212160414,N041C,2009.0,507,DBE002,N041C,12.7744558446,0,1546,2009,121.02276752974358,5.0248577621577795,37300,187.4271945284852,4.370629370629371,24736,108.1118881118881,0.6542283915284086,12564,79.31530641659708,7.457528637042776,36142,269.53,6.118881118881119,24736,151.35664335664336,1.3386475181616566,11406,118.17335664335661,8.178838471781214,29289,239.55,8.391608391608393,23190,194.6013986013986,-0.21276991982717952,6099,44.9486013986014,10.55742259264238,22317,235.61,11.48851148851149,21644,248.65734265734267,-0.9310888958691095,673,-13.047342657342654,11.564671598296346,22305,257.95,13.448090371167293,20098,270.27972027972027,-1.8834187728709466,2207,-12.329720279720277,12.542387927208168,22530,282.58,14.568764568764568,18552,270.27972027972027,-2.0263766415564,3978,12.300279720279718,10.186234418879637,20297,206.75,15.202189115232592,17779,270.27972027972027,-5.015954696352955,2518,-63.529720279720266,13.913710030661411,18264,254.12,15.893197711379528,17006,270.27972027972027,-1.9794876807181172,1258,-16.15972027972026,13.400647742427129,10498,140.68,16.65001665001665,16233,270.27972027972027,-3.2493689075895205,-5735,-129.59972027972026,8.850256815487949,15186,134.4,18.40264998159735,14687,270.27972027972027,-9.5523931661094,499,-135.87972027972026,7.3297950219619326,16392,120.15,20.104895104895107,12368,248.65734265734267,-12.775100082933175,4024,-128.50734265734266,7.403730535929823,14363.02948681599,106.34,20.512820512820515,11595,237.84615384615387,-13.109089976890692,2768.029486815991,-131.50615384615386
N042C,2009,550,DBE,DBE,DBE03,DBE003,N 42,N042C,2009,Socfindo,11.52561018576,,11.52561018576,0,0,0,0.3,0,11.82561018576,0,469,0,0,519,255,143,0,0,0,0,0,1386,120.25393689892584,0,0,0,0,0,0,0,0,0,0,0,0,,0,0,0,469,917,0,1386,120.25393689892584,8,0,8,0.005772005772005772,N042C,2009.0,508,DBE002,N042C,11.52561018576,0.6616161616161615,1386,2009,120.25393689892584,4.681573019915669,37442,175.28745701168248,4.370629370629371,7504,32.7972027972028,0.3109436492862985,29938,142.49025421447968,7.067832941501867,28924,204.43,4.337368792345096,14770,64.06293706293707,2.730464149156771,14154,140.36706293706294,7.6305631772310845,21503,164.08,5.044136191677175,19947,100.61538461538461,2.586426985553909,1556,63.4646153846154,9.310082985301296,18437,171.65,6.186572722776244,21462,132.77622377622376,3.123510262525052,-3025,38.87377622377625,9.436177095849894,21638,204.18,7.581874311867187,21055,159.63636363636363,1.8543027839827069,583,44.54363636363638,12.52393699166066,19426,243.29,9.215242570482447,19781,182.28671328671328,3.308694421178213,-355,61.00328671328671,9.279138192862566,21072,195.53,11.270019100622376,18772.5,211.56643356643355,-1.9908809077598093,2299.5,-16.036433566433544,11.62612995055686,20023,232.79,13.15142493282213,17621,231.74125874125872,-1.5252949822652688,2402,1.0487412587412734,11.829902058764741,10006,118.37,14.591073943209707,16469.5,240.3076923076923,-2.761171884444966,-6463.5,-121.93769230769229,9.281577994933043,16578,153.87,15.792719305721976,15343,242.3076923076923,-6.511141310788933,1235,-88.43769230769229,8.69272322847156,15735,136.78,16.708476682253213,14109.5,235.74825174825173,-8.015753453781652,1625.5,-98.96825174825173,9.424086080321812,13274.49674523008,125.1,17.327062308987546,13416.5,232.46853146853144,-7.902976228665734,-142.0032547699193,-107.36853146853144
N043C,2009,552,DBE,DBE,DBE03,DBE003,N 43A,N043C,2009,Socfindo,2.2587060007,,2.2587060007,0,0,0,0,0,2.2587060007,0,307,0,0,0,0,0,0,0,0,0,0,307,135.91853030224252,0,0,0,0,0,0,0,0,0,0,0,0,,0,0,0,307,0,0,307,135.91853030224252,1,0,1,0.003257328990228013,N043C,2009.0,509,DBE002,N043C,2.2587060007,0,307,2009,135.91853030224252,6.088920097443125,7170,43.657557098667205,4.37062937062937,4912,21.468531468531467,1.7182907268137546,2258,22.18902563013574,8.324614010463186,7837,65.24,6.118881118881118,4912,30.055944055944053,2.205732891582068,2925,35.18405594405594,11.226579520697168,4590,51.53,8.39160839160839,4605,38.64335664335664,2.8349711290887782,-15,12.886643356643361,12.58326216908625,4684,58.94,11.488511488511486,4298,49.37762237762237,1.094750680574764,386,9.562377622377625,13.043630017452006,5730,74.74,13.448090371167293,3991,53.671328671328666,-0.40446035371528666,1739,21.06867132867133,16.767140734451285,4711,78.99,14.568764568764568,3684,53.671328671328666,2.1983761656867173,1027,25.31867132867133,12.466001813236627,4412,55,15.202189115232592,3530.5,53.671328671328666,-2.7361873019959653,881.5,1.3286713286713336,12.414616670647241,4187,51.98,15.893197711379528,3377,53.671328671328666,-3.478581040732287,810,-1.6913286713286695,12.007152436298615,2237,26.86,16.65001665001665,3223.5,53.671328671328666,-4.642864213718035,-986.5,-26.811328671328667,12.321273516642547,3455,42.57,18.40264998159735,2916.5,53.671328671328666,-6.081376464954802,538.5,-11.101328671328666,8.717803566374187,3533,30.8,20.104895104895103,2456,49.37762237762237,-11.387091538520917,1077,-18.577622377622372,11.425678448578186,2718.4381338742396,31.06,20.512820512820507,2302.5,47.23076923076922,-9.087142064242322,415.9381338742396,-16.17076923076922
L037B,2009,511,DBE,DBE,DBE03,DBE003,L 37,L037B,2009,Socfindo,30.7980403585,,30.7980403585,0,0,0,1.53313678363,0,32.33117714213,0,3771,0,0,0,0,19,0,0,0,0,0,3790,123.05977769634268,0,0,0,0,0,0,0,0,0,0,0,0,,0,0,0,3771,19,0,3790,123.05977769634268,149,39,188,0.049604221635883905,L037B,2009.0,525,DBE004,L037B,30.7980403585,0.005013192612137203,3790,2009,123.05977769634268,4.066921134015081,104909,426.65662924838807,4.37062937062937,60336,263.7062937062937,-0.30370823661428936,44573,162.95033554209436,6.208389146583122,90331,560.81,6.118881118881119,60336,369.1888111888112,0.08950802770200283,29995,191.62118881118874,7.896954455080516,75947,599.75,8.391608391608392,56565,474.67132867132864,-0.49465393652787526,19382,125.07867132867136,9.83014762284945,63879,627.94,11.443437828662104,53060,607.1888111888112,-1.6132902058126533,10819,20.751188811188854,9.778521276094434,63663,622.53,13.379145922445833,49365,660.4615384615385,-3.600624646351399,14298,-37.93153846153848,11.559075661572866,53660,620.26,14.500711335376364,45556,660.5944055944057,-2.941635673803498,8104,-40.334405594405666,9.781383112002004,63856,624.6,15.138958201208462,43670.5,661.1258741258741,-5.357575089206458,20185.5,-36.52587412587411,13.199947634840287,45832,604.98,15.842008874619133,41766,661.6573426573427,-2.6420612397788457,4066,-56.677342657342706,11.408200773179543,47337,540.03,16.615573380873233,39861.5,662.3216783216784,-5.20737260769369,7475.5,-122.29167832167843,10.1090234718918,53383,539.65,18.36872357920831,36071.5,662.5874125874126,-8.25970010731651,17311.5,-122.93741258741261,9.586838068031529,56709,543.66,20.063368661868463,30396,609.8461538461538,-10.476530593836934,26313,-66.18615384615384,11.12479422976307,39782.30885529157,442.57,20.472107100646443,28501,583.4755244755244,-9.347312870883373,11281.308855291572,-140.90552447552437
L039B,2011,514,DBE,DBE,DBE03,DBE003,L 39B,L039B,2011,Socfindo,18.9,,18.9,0,0,0,2.5,0,21.4,0,0,0,2123,303,0,0,0,0,0,0,0,2426,128.35978835978838,0,0,0,0,0,0,0,0,0,0,0,0,,0,0,0,2123,303,0,2426,128.35978835978838,20,4,24,0.00989282769991756,L039B,2011.0,511,DBE003,L039B,18.9,0.12489694971145919,2426,2011,128.35978835978838,2.485348733410048,1341,3.3328526515028742,2.4975024975024978,29722,74.23076923076924,-0.012153764092449837,-28381,-70.89791657926637,3.081274940647573,19797,61,3.3966881055631775,42456,144.20979020979024,-0.31541316491560467,-22659,-83.20979020979024,4.4644452955444915,31332,139.88,4.249694803192851,39422,167.53146853146856,0.2147504923516408,-8090,-27.651468531468566,5.470041829500599,50921,278.54,5.900529808196752,38816,229.0349650349651,-0.43048797869615285,12105,49.50503496503492,4.914428550576559,54808,269.35,8.091328179628402,36693,296.89510489510496,-3.176899629051843,18115,-27.54510489510494,5.9160933293449,40116,237.33,11.0777540666355,34267,379.60139860139867,-5.1616607372906,5849,-142.27139860139866,7.032558139534884,37625,264.6,13.187026534597281,31841,419.888111888112,-6.1544683950623975,5784,-155.28811188811198,9.095951746595619,27024,245.809,14.418693663976686,29415,424.12587412587425,-5.322741917381068,-2391,-178.31687412587425,8.800051666236115,15484,136.26,15.120082498560604,28050.5,424.12587412587425,-6.320030832324489,-12566.5,-287.86587412587426,8.237966058923728,31702,261.16,15.803479240833694,26837.5,424.12587412587425,-7.5655131819099655,4864.5,-162.96587412587422,7.917960493698302,38323,303.44,16.551576582016207,25624.5,424.12587412587425,-8.633616088317904,12698.5,-120.68587412587425,10.895373132433763,25338.278610962327,276.07,18.163848998966778,23350,424.12587412587425,-7.268475866533015,1988.2786109623266,-148.05587412587425
L038A,2013,512,DBE,DBE,DBE03,DBE003,L 38A,L038A,2013,Topaz,15.3855740112,,15.3855740112,0,0,0,5.633727999999998,3.8999999999999986,24.919302011199996,0,0,0,0,0,1589,206,200,0,0,0,0,1995,129.66692035979486,0,0,0,0,0,0,0,0,0,0,0,0,,0,0,0,1589,406,0,1995,129.66692035979486,41,12,53,0.026566416040100252,L038A,2013.0,545,DBE004,L038A,15.3855740112,0.20350877192982456,1995,2013,129.66692035979486,,0,0,,0,0,,0,0,,0,0,,0,0,,0,0,4.345794392523365,11770,51.15,2.4975024975024973,22246,55.55944055944055,1.8482918950208673,-10476,-4.409440559440554,3.683771197610052,22762,83.85,3.404998736257073,31486,107.2097902097902,0.27877246135297895,-8724,-23.359790209790205,4.6078547933262,25233,116.27,4.104876709160813,31932,131.07692307692307,0.5029780841653873,-6699,-14.80692307692307,5.547525930964122,35286,195.75,5.6484975420618975,32320,182.55944055944053,-0.10097161109777542,2966,13.190559440559468,6.131814946619217,35125,215.38,7.720412520781778,30331,234.16783216783213,-1.588597574162561,4794,-18.787832167832136,6.572052401746725,28854,189.63,10.55102032814396,28536,301.08391608391605,-3.9789679263972344,318,-111.45391608391606,7.336154401899061,19378,142.16,12.663610832481636,26541,336.1048951048951,-5.327456430582575,-7163,-193.9448951048951,8.35855401429172,28548,238.62,14.095128370366698,24546,345.97902097902096,-5.7365743560749785,4002,-107.35902097902095,7.394816444383336,29092,215.13,14.939762428571836,23345.5,348.7762237762238,-7.5449459841885,5746.5,-133.6462237762238,8.33660055374081,21039.75101953209,175.4,15.676745045677084,22248,348.7762237762238,-7.3401444919362735,-1208.2489804679099,-173.37622377622378
L040A,2013,516,DBE,DBE,DBE03,DBE003,L 40,L040A,2013,Topaz,10.7,,10.7,0,0,0,1.132653,0.573872020527,12.406525020526999,0,0,0,0,0,1140,0,166,0,0,0,0,1306,122.05607476635515,0,134,0,0,0,0,0,0,0,0,0,0,,0,0,0,1140,300,0,1440,134.57943925233647,0,0,0,0,L040A,2013.0,512,DBE003,L040A,10.7,0.20833333333333334,1440,2013,134.57943925233647,,0,0,,0,0,,0,0,1.5368711233631978,5804,8.92,,0,0,,5804,8.92,4.909732728189612,9915,48.68,2.4975024975024978,15960,39.86013986013986,2.412230230687114,-6045,8.81986013986014,5.089994706193753,15112,76.92,3.496503496503497,20520,71.74825174825176,1.593491209690256,-5408,5.171748251748241,4.911670235546039,18680,91.75,4.158941622470119,20564,85.52447552447552,0.7527286130759201,-1884,6.22552447552448,6.081136233776834,24502,149,5.7497618266414205,21228,122.05594405594407,0.33137440713541366,3274,26.944055944055933,5.601497705129238,24838,139.13,7.851027288160312,19756,155.10489510489512,-2.249529583031074,5082,-15.974895104895126,8.489747399702823,16825,142.84,10.722410378620092,18616,199.60839160839163,-2.2326629789172685,-1791,-56.768391608391624,5.6006113092205805,9815,54.97,12.720728145338198,17310,220.19580419580421,-7.120116836117617,-7495,-165.22580419580422,7.329056485682992,19173,140.52,12.901863237433707,17880,230.6853146853147,-5.572806751750715,1293,-90.16531468531468,6.018104732439555,17454,105.04,13.391133753124706,17680,236.75524475524477,-7.37302902068515,-226,-131.71524475524478,8.87798421799815,11640.029702970298,103.34,14.25355646991531,16676,237.6923076923077,-5.375572251917159,-5035.970297029702,-134.3523076923077
L038B,2009,513,DBE,DBE,DBE03,DBE003,L 38B,L038B,2009,Socfindo,15.693388737,,15.693388737,0,0,0,1.79432876864,0,17.48771750564,0,1570,0,0,0,327,0,0,0,0,0,0,1897,120.87892754019913,0,0,0,0,0,0,0,0,0,0,0,0,,0,0,0,1570,327,0,1897,120.87892754019913,172,42,214,0.11280969952556669,L038B,2009.0,526,DBE004,L038B,15.693388737,0.1723774380600949,1897,2009,120.87892754019913,4.231740816204172,47120,199.3996272595406,4.370629370629371,25120,109.7902097902098,-0.13888855442519876,22000,89.60941746933081,5.690950807249458,47507,270.36,6.118881118881119,25120,153.7062937062937,-0.42793031163166084,22387,116.6537062937063,7.45692188344813,42539,317.21,7.432307453638511,28128,209.05594405594405,0.0246144298096187,14411,108.15405594405593,8.802865598982104,36153,318.25,9.800398410173765,27866,273.09790209790214,-0.997532811191661,8287,45.152097902097864,9.472002581894465,30985,293.49,11.595922991289967,25642,297.34265734265733,-2.1239204093955024,5343,-3.8526573426573236,11.263749525878419,29001,326.66,12.732199671382125,24072,306.4895104895105,-1.4684501455037058,4929,20.170489510489517,9.638668056822624,30692,295.83,13.747228381374724,22960,315.6363636363636,-4.1085603245521,7732,-19.806363636363642,12.067481361924525,26022,314.02,14.970245792289,21848,327.0699300699301,-2.902764430364476,4174,-13.049930069930099,10.58353106599877,22758,240.86,15.993603233186565,20736,331.64335664335664,-5.410072167187796,2022,-90.78335664335663,12.93435917413323,20536,265.62,17.604084964348246,18839,331.64335664335664,-4.669725790215017,1697,-66.02335664335664,8.365424943760248,26227,219.4,18.975234501719598,16320.5,309.6853146853147,-10.60980955795935,9906.5,-90.28531468531472,10.449393222748029,19665.256691905724,205.49,19.431843202335003,15372,298.7062937062937,-8.982449979586974,4293.256691905724,-93.2162937062937
M038A,2013,528,DBE,DBE,DBE03,DBE003,M 38A,M038A,2013,Topaz,10.8,,10.8,0,0,0,1.56774339491,0,12.36774339491,0,0,0,0,0,1422,0,0,0,0,0,0,1422,131.66666666666666,0,0,0,0,0,0,0,0,0,0,0,0,,0,0,0,1422,0,0,1422,131.66666666666666,0,0,0,0,M038A,2013.0,513,DBE003,M038A,10.8,0,1422,2013,131.66666666666666,,0,0,,0,0,,0,0,2.9759110562075355,8095,24.09,,0,0,,8095,24.09,4.200761179828735,10510,44.15,2.4975024975024973,19908,49.72027972027971,1.7032586823262377,-9398,-5.570279720279714,5.507557794902193,13496,74.33,3.4965034965034962,25596,89.4965034965035,2.011054298398697,-12100,-15.166503496503495,6.269433013260174,17496,109.69,4.37062937062937,22752,99.44055944055943,1.8988036426308037,-5256,10.249440559440572,5.20445335843805,24431,127.15,6.118881118881119,22752,139.21678321678323,-0.9144277604430693,1679,-12.066783216783222,5.897767190212783,24767,146.07,8.39160839160839,21330,178.993006993007,-2.4938412013956066,3437,-32.92300699300699,7.034486440316036,18732,131.77,11.488511488511486,19908,228.7132867132867,-4.45402504819545,-1176,-96.94328671328668,8.009358152782015,9831,78.74,13.448090371167295,18486,248.60139860139859,-5.4387322183852795,-8655,-169.8613986013986,8.70486656200942,19110,166.35,14.56876456876457,17064,248.60139860139859,-5.86389800675515,2046,-82.25139860139859,5.764308980921359,17192,99.1,15.202189115232594,16353,248.60139860139859,-9.437880134311236,839,-149.5013986013986,8.367777345054783,11973.310936530908,100.19,15.89319771137953,15642,248.60139860139859,-7.525420366324747,-3668.6890634690917,-148.4113986013986
M039A,2013,530,DBE,DBE,DBE03,DBE003,M 39A,M039A,2013,Topaz,13.7,,13.7,0,0,0,0,0,13.7,0,0,0,0,0,1870,0,0,0,0,0,0,1870,136.49635036496352,0,91,0,0,0,0,0,0,0,0,0,0,,0,0,0,1870,91,0,1961,143.13868613138686,0,0,0,0,M039A,2013.0,514,DBE003,M039A,13.7,0.046404895461499236,1961,2013,143.13868613138686,,0,0,,0,0,,0,0,2.5531024380035574,9557,24.4,,0,0,,9557,24.4,4.2768357246988415,13033,55.74,2.4975024975024978,26180,65.38461538461539,1.7793332271963438,-13147,-9.644615384615385,5.713348443278063,16766,95.79,3.4965034965034962,33660,117.6923076923077,2.216844946774567,-16894,-21.902307692307687,5.288517990438648,23846,126.11,4.370629370629371,29920,130.76923076923077,0.9178886198092773,-6074,-4.659230769230774,6.4166608768151185,28786,184.71,6.118881118881118,29920,183.07692307692307,0.29777975793400024,-1134,1.633076923076942,4.995599308928513,30677,153.25,8.391608391608392,28050,235.3846153846154,-3.3960090826798783,2627,-82.13461538461539,7.809810859214607,22893,178.79,11.488511488511486,26180,300.7692307692307,-3.6787006292968796,-3287,-121.97923076923072,6.285690078793527,11803,74.19,13.448090371167293,24310,326.9230769230769,-7.162400292373766,-12507,-252.7330769230769,7.705350991349613,26126,201.31,13.92025365205765,23714,330.1048951048951,-6.214902660708036,2412,-128.7948951048951,6.522032693674484,28140,183.53,14.373691813954528,23143,332.65034965034965,-7.851659120280043,4997,-149.12034965034965,7.019360974882498,23074.750049125567,161.97,15.131513360878657,22026,333.2867132867133,-8.112152385996158,1048.7500491255669,-171.31671328671328
M040A,2013,533,DBE,DBE,DBE03,DBE003,M 40A,M040A,2013,Topaz,8.6,,8.6,0,0,0,0,0,8.6,0,0,0,0,0,1181,0,0,0,0,0,0,1181,137.32558139534885,0,0,0,0,0,0,0,0,0,0,0,0,,0,0,0,1181,0,0,1181,137.32558139534885,0,0,0,0,M040A,2013.0,515,DBE003,M040A,8.6,0,1181,2013,137.32558139534885,,0,0,,0,0,,0,0,,0,0,,0,0,,0,0,5.0119968008531055,7502,37.6,2.4975024975024978,16534,41.29370629370629,2.5144943033506078,-9032,-3.693706293706292,4.305694305694305,12012,51.72,3.4965034965034962,21258,74.32867132867132,0.8091908091908091,-9246,-22.60867132867132,4.620618251737908,13522,62.48,4.370629370629371,18896,82.58741258741259,0.24998888110853734,-5374,-20.10741258741259,5.834250091675834,13635,79.55,6.118881118881119,18896,115.62237762237763,-0.2846310272052852,-5261,-36.07237762237763,4.937415426251691,17736,87.57,8.39160839160839,17715,148.65734265734264,-3.4541929653566985,21,-61.087342657342646,5.519278203297417,15406,85.03,11.488511488511488,16534,189.95104895104896,-5.969233285214071,-1128,-104.92104895104896,6.3097818234359195,6921,43.67,13.448090371167297,15353,206.4685314685315,-7.138308547731377,-8432,-162.7985314685315,7.660019106759015,16748,128.29,14.568764568764571,14172,206.4685314685315,-6.908745462005556,2576,-78.1785314685315,7.460539344166812,17169,128.09,15.202189115232596,13581.5,206.4685314685315,-7.7416497710657834,3587.5,-78.37853146853149,8.137933433264719,15603.469976905311,126.98,15.893197711379532,12991,206.4685314685315,-7.755264278114813,2612.4699769053113,-79.48853146853149
M041A,2013,536,DBE,DBE,DBE03,DBE003,M 41A,M041A,2013,Topaz,6,,6,0,0,0,0,0,6,0,0,0,0,0,828,0,0,0,0,0,0,828,138,0,0,0,0,0,0,0,0,0,0,0,0,,0,0,0,828,0,0,828,138,13,2,15,0.018115942028985508,M041A,2013.0,516,DBE003,M041A,6,0,828,2013,138,,0,0,,0,0,,0,0,,0,0,,0,0,,0,0,3.80120607194843,4809,18.28,2.4975024975024973,11592,28.95104895104895,1.3037035744459327,-6783,-10.671048951048949,4.323637390567637,7082,30.62,3.496503496503496,14904,52.111888111888106,0.8271338940641408,-7822,-21.491888111888105,5.275,7200,37.98,4.370629370629371,13248,57.9020979020979,0.9043706293706295,-6048,-19.922097902097903,6.060419235511714,9732,58.98,6.118881118881119,13248,81.06293706293707,-0.0584618833694055,-3516,-22.08293706293707,7.9326923076923075,11648,92.4,8.39160839160839,12420,104.22377622377621,-0.4589160839160824,-772,-11.823776223776207,7.164992826398852,10455,74.91,11.488511488511488,11592,133.17482517482517,-4.323518662112636,-1137,-58.26482517482518,10.793650793650794,3717,40.12,13.448090371167295,10764,144.75524475524475,-2.6544395775165004,-7047,-104.63524475524474,8.136180575067902,10677,86.87,14.56876456876457,9936,144.75524475524475,-6.432583993696667,741,-57.88524475524474,4.136431677240003,14029,58.03,15.202189115232594,9522,144.75524475524475,-11.065757437992591,4507,-86.72524475524474,7.253272943691434,9241.345323741007,67.03,15.89319771137953,9108,144.75524475524475,-8.639924767688097,133.34532374100672,-77.72524475524474
M043A,2013,540,DBE,DBE,DBE03,DBE003,M 43A,M043A,2013,Topaz,10.7,,10.7,0,0,0,0,0,10.7,0,0,0,0,0,1420,0,0,0,0,0,0,1420,132.71028037383178,0,0,0,0,0,0,0,0,0,0,0,0,,0,0,0,1420,0,0,1420,132.71028037383178,0,0,0,0,M043A,2013.0,517,DBE003,M043A,10.7,0,1420,2013,132.71028037383178,,0,0,,0,0,,0,0,4.001300178774581,6153,24.62,,0,0,,6153,24.62,4.669340849956635,9224,43.07,2.4975024975024978,19880,49.65034965034965,2.171838352454137,-10656,-6.580349650349653,4.147130153597413,13607,56.43,3.4965034965034967,25560,89.37062937062937,0.6506266570939161,-11953,-32.940629370629374,5.804385584020842,18424,106.94,4.370629370629371,22720,99.3006993006993,1.4337562133914714,-4296,7.639300699300691,6.362946912242687,18460,117.46,6.118881118881119,22720,139.020979020979,0.24406579336156753,-4260,-21.56097902097902,5.081084388960284,16341,83.03,8.391608391608392,21300,178.74125874125875,-3.3105240026481075,-4959,-95.71125874125875,7.280018331805683,17456,127.08,11.488511488511488,19880,228.39160839160837,-4.2084931567058055,-2424,-101.31160839160837,8.142318199557694,7687,62.59,13.448090371167293,18460,248.25174825174824,-5.305772171609599,-10773,-185.66174825174824,6.080607823351339,16847,102.44,14.568764568764568,17040,248.25174825174824,-8.488156745413228,-193,-145.81174825174824,8.99656235182551,16872,151.79,15.202189115232592,16330,248.25174825174824,-6.205626763407082,542,-96.46174825174825,11.026848600110606,14037.555571266968,154.79,15.893197711379528,15620,248.25174825174824,-4.866349111268923,-1582.4444287330316,-93.46174825174825
M044A,2013,542,DBE,DBE,DBE03,DBE003,M 44,M044A,2013,Topaz,2.4,,2.4,0,0,0,0.549355,0,2.9493549999999997,0,0,0,0,0,291,62,0,0,0,0,0,353,147.08333333333334,0,0,0,0,0,0,0,0,0,0,0,0,,0,0,0,291,62,0,353,147.08333333333334,0,0,0,0,M044A,2013.0,518,DBE003,M044A,2.4,0.17563739376770537,353,2013,147.08333333333334,,0,0,,0,0,,0,0,,0,0,,0,0,,0,0,,0,0,2.4975024975024978,4074,10.174825174825175,,-4074,-10.174825174825175,3.6817761332099908,2162,7.96,3.3544902526232363,6106,20.48251748251748,0.32728588058675445,-3944,-12.522517482517479,4.703324808184143,3910,18.39,4.201619586234971,5772,24.251748251748253,0.5017052219491722,-1862,-5.861748251748253,5.622296972609322,4162,23.4,5.811822738168348,5648,32.82517482517483,-0.18952576555902567,-1486,-9.425174825174828,4.192843485386506,3661,15.35,7.970748683834365,5357,42.69930069930069,-3.7779051984478587,-1696,-27.34930069930069,4.824938067712634,4844,23.372,10.912947963307678,5004,54.60839160839162,-6.088009895595044,-160,-31.23639160839162,4.377705627705628,1848,8.09,13.082380960256685,4651,60.84615384615385,-8.704675332551059,-2803,-52.75615384615385,4.814120587316464,3201,15.41,14.358605563817289,4298,61.71328671328671,-9.544484976500826,-1097,-46.30328671328671,6.17678381256656,2817,17.4,15.08697878334842,4090.5,61.71328671328671,-8.910194970781859,-1273.5,-44.313286713286715,7.862272433328068,2304.677197802198,18.12,15.767319037630738,3914,61.71328671328671,-7.905046604302671,-1609.322802197802,-43.593286713286716
N043A,2013,551,DBE,DBE,DBE03,DBE003,N 43B,N043A,2013,Topaz,26.6,,26.6,0,0,0,2.030247,0,28.630247,0,0,0,0,0,1965,396,0,0,0,0,0,2361,88.75939849624059,0,0,0,1025,0,0,0,84,0,0,0,0,,0,0,0,1965,1505,0,3470,130.45112781954887,12,11,23,0.006628242074927954,N043A,2013.0,519,DBE003,N043A,26.6,0.43371757925072046,3470,2013,130.45112781954887,,0,0,,0,0,,0,0,,0,0,,0,0,,0,0,6.737855687920499,16201,109.16,2.497502497502498,27510,68.70629370629372,4.240353190418,-11309,40.453706293706276,4.432099692215299,26642,118.08,3.361135125323424,40914,137.51748251748256,1.0709645668918752,-14272,-19.437482517482565,4.472178108051419,33373,149.25,4.209076548840084,38568,162.33566433566438,0.2631015592113348,-5195,-13.085664335664376,5.191367001586462,30256,157.07,5.825654650305223,37776,220.0699300699301,-0.634287648718761,-7520,-62.999930069930116,5.037838555496548,30128,151.78,7.989497308421663,35811,286.1118881118882,-2.9516587529251153,-5683,-134.33188811188822,5.663257326952551,31971,181.06,10.938568158299102,33450,365.89510489510496,-5.275310831346551,-1479,-184.83510489510496,7.689382860485522,13676,105.16,13.098645058502246,31089,407.2237762237763,-5.409262198016724,-17413,-302.06377622377636,8.912695447996157,37478,334.03,14.36794199952095,28728,412.7622377622378,-5.455246551524793,8750,-78.73223776223784,6.389241016894461,43387,277.21,10.757956296871633,41699.5,448.60139860139867,-4.368715279977172,1687.5,-171.3913986013987,7.135037107711024,37926.92258145996,270.61,10.696625367505488,44619,477.27272727272737,-3.5615882597944646,-6692.077418540037,-206.66272727272735
M034A,0,520,DBE,DBE,DBE03,DBE003,M 34,M034A,0,0,0,,0,0,0,0,0.153612592591,0.8,0.9536125925910001,0,0,0,0,0,0,0,0,0,0,0,0,0,0,0,0,0,0,0,0,0,0,0,0,0,0,,0,0,0,0,0,0,0,0,0,0,0,0,,,,,,,,,,,,,,,,,,,,,,,,,,,,,,,,,,,,,,,,,,,,,,,,,,,,,,,,,,,,,,,,,,,,,,,,,,,,,,,,,,,,,,,,,,,,,,,,,,,,,,,,,,,,,,,,,,,,,,
N044A,2013,554,DBE,DBE,DBE03,DBE003,N 44,N044A,2013,Topaz,0.8,,0.8,0,0,0,0.373085371881,0,1.1730853718810001,0,0,0,0,0,83,62,0,0,0,0,0,145,181.25,0,0,0,0,0,0,0,0,0,0,0,0,,0,0,0,83,62,0,145,181.25,0,0,0,0,N044A,2013.0,520,DBE003,N044A,0.8,0.42758620689655175,145,2013,181.25,,0,0,,0,0,,0,0,,0,0,,0,0,,0,0,,0,0,2.4975024975024978,1162,2.9020979020979025,,-1162,-2.9020979020979025,4.081455805892547,1154,4.71,3.129385432518371,2362,7.391608391608393,0.9520703733741764,-1208,-2.6816083916083926,7.102803738317757,1605,11.4,3.9714786032298313,2444,9.706293706293707,3.1313251350879256,-839,1.6937062937062937,8.453038674033149,1810,15.3,5.371352785145889,2320,12.461538461538462,3.08168588888726,-510,2.838461538461539,5.109765329295988,1321,6.75,7.38376509498548,2237,16.51748251748252,-2.273999765689492,-916,-9.76748251748252,6.458951533135509,2022,13.06,10.111781144285926,2092,21.153846153846157,-3.652829611150417,-70,-8.093846153846156,4.453781512605042,714,3.18,12.574482528257569,1947,24.482517482517487,-8.120701015652527,-1233,-21.302517482517487,7.1097683786505534,993,7.06,14.067508518118954,1802,25.349650349650354,-6.957740139468401,-809,-18.289650349650355,11.774785801713586,817,9.62,14.924727906770888,1698.5,25.349650349650354,-3.1499421050573027,-881.5,-15.729650349650354,9.63985568302115,954.3711340206186,9.2,15.590190866943637,1626,25.349650349650354,-5.950335183922487,-671.6288659793814,-16.149650349650354
M039C,2017,532,DBE,DBE,DBE03,DBE003,M 39C,M039C,2017,Socfin,2.87296713859,,2.87296713859,0,0,0,0,0,2.87296713859,0,0,0,0,0,0,0,0,0,355,0,0,355,123.56563193208939,0,20,0,46,0,0,0,0,0,0,0,0,,0,0,0,355,66,0,421,146.53839730537925,0,0,0,0,M039C,2017.0,521,DBE003,M039C,2.87296713859,0.15676959619952494,421,2017,146.53839730537925,,0,0,,0,0,,0,0,,0,0,,0,0,,0,0,,0,0,,0,0,,0,0,,0,0,,0,0,,0,0,,0,0,,0,0,,0,0,,0,0,,0,0,,0,0,2.386765178284613,3113,7.43,2.4975024975024978,4970,12.412587412587415,-0.11073731921788488,-1857,-4.982587412587415,2.387883556254917,5084,12.14,3.4965034965034967,6390,22.342657342657343,-1.1086199402485795,-1306,-10.202657342657343,6.445859872611465,1570,10.12,4.370629370629371,5680,24.82517482517483,2.0752305019820945,-4110,-14.705174825174831,6.917866215071973,3543,24.51,5.948749237339841,5960,35.45454545454545,0.9691169777321313,-2417,-10.944545454545452,6.995753715498938,2826,19.77,7.513421954881902,6329,47.55244755244755,-0.5176682393829637,-3503,-27.782447552447554,11.862269573869842,3101.430107526882,36.79,10.0345878377915,6118,61.39160839160839,1.8276817360783415,-3016.569892473118,-24.601608391608394
M035A,0,522,DBE,DBE,DBE03,DBE003,M 35,M035A,0,0,0,,0,0,0,0,0.331592673829,5.8,6.131592673829,0,0,0,0,0,0,0,0,0,0,0,0,0,0,0,0,0,0,0,0,0,0,0,0,0,0,,0,0,0,0,0,0,0,0,0,0,0,0,,,,,,,,,,,,,,,,,,,,,,,,,,,,,,,,,,,,,,,,,,,,,,,,,,,,,,,,,,,,,,,,,,,,,,,,,,,,,,,,,,,,,,,,,,,,,,,,,,,,,,,,,,,,,,,,,,,,,,
M040C,2017,535,DBE,DBE,DBE03,DBE003,M 40C,M040C,2017,Topaz/Socfin,5.5981497472,,5.5981497472,0,0,0,0,0,5.5981497472,0,0,0,0,0,0,0,0,0,669,0,0,669,119.50377003305611,0,0,0,7,0,0,0,0,0,0,0,0,,0,0,0,669,7,0,676,120.75418317241544,0,0,0,0,M040C,2017.0,522,DBE003,M040C,5.5981497472,0.08104395604395605,728,2017,130.04296649337047,,0,0,,0,0,,0,0,,0,0,,0,0,,0,0,,0,0,,0,0,,0,0,,0,0,,0,0,,0,0,,0,0,,0,0,,0,0,,0,0,,0,0,,0,0,2.3213943688948477,5221,12.12,2.4975024975024973,9366,23.39160839160839,-0.17610812860764957,-4145,-11.27160839160839,2.51673663905594,8813,22.18,3.496503496503496,12042,42.1048951048951,-0.9797668574475558,-3229,-19.9248951048951,5.226229508196721,3050,15.94,4.370629370629371,10704,46.78321678321678,0.8556001375673503,-7654,-30.843216783216782,7.485641352903637,6268,46.92,6.118881118881118,10704,65.4965034965035,1.366760234022519,-4436,-18.57650349650349,6.525911708253359,5731,37.4,8.334604308156068,10133,84.45454545454544,-1.8086925999027095,-4402,-47.05454545454544,10.714582507139763,6422.088770528185,68.81,11.382422886847666,9492,108.04195804195804,-0.6678403797079024,-3069.911229471815,-39.23195804195804
M041C,2017,538,DBE,DBE,DBE03,DBE003,M 41C,M041C,2017,Socfin,0.4,,0.4,0,0,0,0,0,0.4,0,0,0,0,0,0,0,0,0,45,0,0,45,112.5,0,0,0,4,0,0,0,0,0,0,0,0,,0,0,0,45,4,0,49,122.5,0,0,0,0,M041C,2017.0,523,DBE003,M041C,0.4,0.13461538461538464,52,2017,130,,0,0,,0,0,,0,0,,0,0,,0,0,,0,0,,0,0,,0,0,,0,0,,0,0,,0,0,,0,0,,0,0,,0,0,,0,0,,0,0,,0,0,,0,0,2.4210526315789473,760,1.84,2.4975024975024973,630,1.5734265734265733,-0.07644986592354996,130,0.26657342657342675,2.8944246737841044,843,2.44,3.4965034965034962,810,2.832167832167832,-0.6020788227193918,33,-0.39216783216783213,9.977116704805493,437,4.36,4.37062937062937,720,3.1468531468531467,5.606487334176123,-283,1.2131468531468537,6.986301369863014,584,4.08,6.118881118881119,720,4.405594405594406,0.8674202509818949,-136,-0.3255944055944058,5.893805309734513,565,3.33,7.940076339529144,731,5.804195804195804,-2.0462710297946307,-166,-2.474195804195804,11.125827814569536,503.3333333333333,5.6,10.668818361126052,702,7.489510489510489,0.45700945344348476,-198.66666666666669,-1.8895104895104895
M036A,0,524,DBE,DBE,DBE03,DBE003,M 36,M036A,0,0,0,,0,0,0,0,0.471314466552,0.4,0.8713144665520001,0,0,0,0,0,0,0,0,0,0,0,0,0,0,0,0,0,0,0,0,0,0,0,0,0,0,,0,0,0,0,0,0,0,0,0,0,0,0,,,,,,,,,,,,,,,,,,,,,,,,,,,,,,,,,,,,,,,,,,,,,,,,,,,,,,,,,,,,,,,,,,,,,,,,,,,,,,,,,,,,,,,,,,,,,,,,,,,,,,,,,,,,,,,,,,,,,,
M036C,0,526,DBE,DBE,DBE03,DBE003,-,M036C,0,0,0,,0,0,0,0,0,0,0,0,0,0,0,0,0,0,0,0,0,0,0,0,0,0,0,0,0,0,0,0,0,0,0,0,0,,0,0,0,0,0,0,0,0,0,0,0,0,,,,,,,,,,,,,,,,,,,,,,,,,,,,,,,,,,,,,,,,,,,,,,,,,,,,,,,,,,,,,,,,,,,,,,,,,,,,,,,,,,,,,,,,,,,,,,,,,,,,,,,,,,,,,,,,,,,,,,
K037B,2009,595,DBE,DBE,DBE04,DBE004,K 37B,K037B,2009,Socfindo,29.2700450061,,29.2700450061,0,0,0,1.1,0,30.3700450061,0,1838,0,1804,0,0,0,0,0,0,0,0,3642,124.42755039293559,0,0,0,0,0,0,0,0,0,0,0,0,,0,0,0,1838,1804,0,3642,124.42755039293559,186,22,208,0.057111477210323995,K037B,2009.0,527,DBE004,K037B,29.2700450061,0.4953322350356947,3642,2009,124.42755039293559,4.966475793080974,84929,421.79782263057405,3.505202539301764,54664,191.60839160839163,1.4612732537792104,30265,230.18943102218242,6.607996255604276,81188,536.49,4.74276854367352,61880,293.48251748251744,1.865227711930756,19308,243.00748251748257,8.258748644967618,71954,594.25,6.335019483121692,56434,357.51048951048955,1.9237291618459258,15520,236.73951048951045,9.07852696070358,60718,551.23,8.649676940394208,54596,472.23776223776224,0.4288500203093726,6122,78.99223776223778,9.573182176508126,53278,510.04,10.762758456756968,50954,548.4055944055945,-1.1895762802488417,2324,-38.365594405594436,12.234803683955406,51575,631.01,12.924469848717397,47312,611.4825174825176,-0.6896661647619915,4263,19.52748251748244,10.376138701146047,47642,494.34,14.279604537291412,44589,636.7132867132867,-3.903465836145365,3053,-142.37328671328675,12.85997085590168,36371,467.73,15.208362076942787,41866,636.7132867132867,-2.3483912210411066,-5495,-168.9832867132867,10.88454286901224,31293,340.61,15.899944730010906,40045,636.7132867132867,-5.015401860998667,-8752,-296.1032867132867,11.089047701476298,40439,448.43,17.067773400704645,37305,636.7132867132867,-5.978725699228347,3134,-188.2832867132867,8.247011952191235,46937,387.09,18.15987020766192,33646,611.006993006993,-9.912858255470686,13291,-223.91699300699298,10.262022782314784,36257.95887349128,372.08,19.343331699830102,30923,598.1538461538462,-9.081308917515319,5334.958873491283,-226.0738461538462
K038B,2009,597,DBE,DBE,DBE04,DBE004,K 38B,K038B,2009,Socfindo,16.9382019701,,16.9382019701,0,0,0,0.9,0,17.8382019701,0,1196,0,993,0,0,0,0,0,0,0,0,2189,129.23449630982742,0,0,0,0,0,0,0,0,0,0,0,0,,0,0,0,1196,993,0,2189,129.23449630982742,15,2,17,0.0077661032434901784,K038B,2009.0,528,DBE004,K038B,16.9382019701,0.45363179534033804,2189,2009,129.23449630982742,5.124183925301327,52255,267.76423101662084,3.582439716588272,33038,118.35664335664335,1.5417442087130544,19217,149.40758765997748,7.10492163322352,50085,355.85,4.8524023936074725,37010,179.58741258741256,2.2525192396160474,13075,176.26258741258746,7.966024224880019,39381,313.71,6.503074789701253,33828,219.98601398601397,1.462949435178766,5553,93.723986013986,8.303792086311818,37631,312.48,8.874124159733377,32632,289.5804195804196,-0.5703320734215591,4999,22.899580419580445,9.073267629307052,39267,356.28,10.974079955454982,30443,334.08391608391605,-1.9008123261479302,8824,22.19608391608392,11.263026006173028,32723,368.56,13.05316754456699,28254,368.8041958041958,-1.7901415383939625,4469,-0.24419580419578324,9.601868327402133,26976,259.02,14.352935067033256,26663,382.6923076923077,-4.751066739631122,313,-123.6723076923077,12.931382927533443,20782,268.74,15.263732757351136,25072,382.6923076923077,-2.3323498298176926,-4290,-113.95230769230767,9.868127077543457,18351,181.09,15.960475766543956,23977.5,382.6923076923077,-6.092348689000499,-5626.5,-201.60230769230768,10.718716577540107,28050,300.66,17.172641134947618,22285,382.6923076923077,-6.453924557407511,5765,-82.03230769230765,8.107680126682501,29049,235.52,18.303285151668458,19994.5,365.965034965035,-10.195605024985957,9054.5,-130.44503496503498,10.659763733494371,21481.714391143913,228.99,19.431162474605298,18403.5,357.60139860139856,-8.771398741110927,3078.2143911439125,-128.61139860139855
K039B,2009,599,DBE,DBE,DBE04,DBE004,K 39B,K039B,2009,Socfindo,8.40068500991,,8.40068500991,0,0,0,0.7,0,9.100685009909999,0,798,0,0,0,0,269,0,0,0,0,0,1067,127.01345172938835,0,0,0,0,0,0,0,0,0,0,0,0,,0,0,0,798,269,0,1067,127.01345172938835,15,1,16,0.01499531396438613,K039B,2009.0,529,DBE004,K039B,8.40068500991,0.2521087160262418,1067,2009,127.01345172938835,5.407208052916553,24691,133.50937403456263,4.370629370629371,12768,55.80419580419581,1.0365786822871819,11923,77.70517823036681,6.8066602244852445,26906,183.14,6.118881118881118,12768,78.12587412587412,0.6877791056041263,14138,105.01412587412587,7.160712310585112,18082,129.48,8.391608391608392,11970,100.44755244755244,-1.23089608102328,6112,29.03244755244755,7.376028202115158,17020,125.54,9.221799756007815,14938,137.75524475524475,-1.8457715538926571,2082,-12.21524475524474,7.576965228653981,20074,152.1,10.281319626745493,15216,156.4405594405594,-2.704354398091512,4858,-4.340559440559417,9.277706019116508,19355,179.57,11.406460974184315,13880,158.3216783216783,-2.128754955067807,5475,21.2483216783217,10.75451647183847,13174,141.68,12.302214512733018,13481,165.8461538461538,-1.5476980408945487,-307,-24.166153846153804,12.03763440860215,11160,134.34,13.530838162072062,12813,173.37062937062933,-1.4932037534699116,-1653,-39.03062937062933,10.847066578773896,9102,98.73,15.049503810310725,12145,182.77622377622376,-4.202437231536829,-3043,-84.04622377622375,7.729525782348154,13517,104.48,16.838640687710917,11078,186.53846153846152,-9.109114905362762,2439,-82.05846153846151,7.447890906521586,14153,105.41,18.245695211987346,9612,175.37762237762237,-10.79780430546576,4541,-69.96762237762238,9.041390886083452,15171.33831821525,137.17,18.7032222060035,9078.5,169.79720279720277,-9.661831319920047,6092.83831821525,-32.627202797202784
I039A,2010,570,DBE,DBE,DBE04,DBE004,I 39,I039A,2010,Socfindo,30,,30,0,0,0,1.51488344817,0,31.51488344817,0,0,3054,6,239,66,127,39,0,0,0,0,3531,117.7,0,0,0,0,0,0,0,0,0,0,0,0,,0,0,0,3054,477,0,3531,117.7,58,17,75,0.021240441801189464,I039A,2010.0,530,DBE004,I039A,30,0.13508920985556502,3531,2010,117.7,3.019275136745513,26838,81.03130611997608,3.4949793014309143,55056,192.41958041958043,-0.4757041646854012,-28218,-111.38827429960435,4.784745535114811,37235,178.16,4.249029001504249,52318,222.3006993006993,0.5357165336105618,-15083,-44.14069930069931,6.119289124968214,35393,216.58,5.8458317233646655,54186,316.76223776223776,0.27345740160354826,-18793,-100.18223776223775,6.762480320958813,39382,266.32,7.786448408127473,52696,410.31468531468533,-1.0239680871686598,-13314,-143.99468531468534,7.008857358744018,47644,333.93,10.469731226090262,50558,529.3286713286715,-3.460873867346244,-2914,-195.39867132867147,8.24346904674573,49074,404.54,12.356867703446447,47161,582.7622377622379,-4.113398656700717,1913,-178.22223776223785,9.77649244942291,38209,373.55,13.652823227826659,43718,596.8741258741259,-3.876330778403748,-5509,-223.32412587412585,8.431116622071396,45969,387.57,14.541897161110152,41753,607.1678321678322,-6.110780539038755,4216,-219.59783216783222,8.40405411958683,41242,346.6,15.436264279089796,39752,613.6223776223776,-7.0322101595029665,1490,-267.0223776223776,9.243997166516037,40939,378.44,16.28608647264329,37870.5,616.7622377622378,-7.042089306127254,3068.5,-238.32223776223776,9.00516387395932,47445,427.25,17.895570149519997,34495,617.3076923076924,-8.890406275560677,12950,-190.05769230769238,11.543322927097801,37053.45529197081,427.72,19.37727736129247,29653,574.5944055944057,-7.83395443419467,7400.455291970808,-146.87440559440563
I040A,2010,571,DBE,DBE,DBE04,DBE004,I 40,I040A,2010,Socfindo,28.5,,28.5,0,0,0,1.52980717725,0,30.02980717725,0,0,2595,703,4,49,96,0,0,0,0,0,3447,120.94736842105263,0,0,0,0,0,0,0,0,0,0,0,0,,0,0,0,2595,852,0,3447,120.94736842105263,44,10,54,0.015665796344647518,I040A,2010.0,531,DBE004,I040A,28.5,0.247171453437772,3447,2010,120.94736842105263,3.249208416116162,38898,126.38770897008646,3.3226428402549493,56552,187.9020979020979,-0.07343442413878742,-17654,-61.51438893201143,4.394220299579176,33981,149.32,4.1647270302995905,54230,225.85314685314682,0.2294932692795859,-20249,-76.53314685314683,5.946209806947375,31753,188.81,5.701562197470729,53526,305.18181818181824,0.24464760947664654,-21773,-116.37181818181824,7.231365247161992,33298,240.79,7.666142065623605,52463,402.1888111888112,-0.4347768184616134,-19165,-161.3988111888112,7.259868929146715,45319,329.01,10.429056494859006,49451,515.7272727272727,-3.169187565712291,-4132,-186.71727272727276,8.81182623545736,46845,412.79,12.59340785419511,45957,578.7552447552447,-3.78158161873775,888,-165.96524475524467,9.592304977056124,33996,326.1,13.91313938842456,42606,592.7832167832169,-4.320834411368436,-8610,-266.68321678321684,9.93544647326957,37953,377.08,14.762467396778323,40456.5,597.2377622377622,-4.827020923508753,-2503.5,-220.15776223776226,8.763020388647927,29281,256.59,15.553622625805977,38658.5,601.2797202797203,-6.7906022371580494,-9377.5,-344.68972027972035,8.398227207852367,39937,335.4,16.347843407863753,36862.5,602.6223776223776,-7.949616200011386,3074.5,-267.2223776223776,7.188482449975959,54074,388.71,17.832493752419182,33793.5,602.6223776223776,-10.644011302443223,20280.5,-213.91237762237762,9.712485884455695,39870.32821532915,387.24,19.445762745846867,29123.5,566.3286713286712,-9.733276861391172,10746.828215329151,-179.08867132867124
I041A,2010,572,DBE,DBE,DBE04,DBE004,I 41,I041A,2010,Socfindo,29.3,,29.3,0,0,0,1.78408826286,0,31.08408826286,0,0,3038,79,4,214,344,0,0,0,0,0,3679,125.56313993174061,0,0,0,0,0,0,0,0,0,0,0,0,,0,0,0,3038,641,0,3679,125.56313993174061,56,6,62,0.01685240554498505,I041A,2010.0,532,DBE004,I041A,29.3,0.17423212829573254,3679,2010,125.56313993174061,3.6568747249253395,37694,137.84223588133574,3.4766989597604403,55790,193.96503496503496,0.1801757651648992,-18096,-56.12279908369922,4.843591633649682,43412,210.27,4.343717616887764,50086,217.55944055944056,0.4998740167619182,-6674,-7.28944055944055,6.031815895372233,31808,191.86,5.868630802518223,52940,310.6853146853147,0.16318509285401017,-21132,-118.82531468531471,7.113930362039833,36101,256.82,7.485082315014289,55566,415.91608391608395,-0.371151952974456,-19465,-159.09608391608396,7.417475287929627,44108,327.17,10.030159364391626,53397,535.5804195804196,-2.6126840764619983,-9289,-208.4104195804196,8.359761404402557,47109,393.82,11.884642742914906,49588,589.3356643356643,-3.5248813385123494,-2479,-195.51566433566433,9.880040149827405,40847,403.57,13.105934992082918,46253,606.1888111888112,-3.2258948422555136,-5406,-202.6188111888112,9.381857990274701,39279,368.51,14.137156699468173,44093,623.3496503496502,-4.755298709193472,-4814,-254.83965034965024,9.209676334028666,29722,273.73,15.209259142787047,41972.5,638.3706293706293,-5.999582808758381,-12250.5,-364.6406293706293,10.663975432166032,40378,430.59,16.138450799965327,39854,643.1818181818181,-5.474475367799295,524,-212.59181818181816,7.936580500374034,48124,381.94,17.70704414998054,36323.5,643.1818181818181,-9.770463649606505,11800.5,-261.24181818181813,11.147389155070641,35700.73624091381,397.97,19.126368990250672,31406.5,600.6923076923077,-7.978979835180031,4294.236240913808,-202.7223076923077
I042A,2010,573,DBE,DBE,DBE04,DBE004,I 42,I042A,2010,Socfindo,19.2,,19.2,0,0,0,1.15107758427,0,20.351077584269998,0,0,1972,0,0,7,0,23,0,0,0,0,2002,104.27083333333334,0,0,0,0,0,0,0,0,0,0,0,0,,0,0,0,1972,30,0,2002,104.27083333333334,12,4,16,0.007992007992007992,I042A,2010.0,533,DBE004,I042A,19.2,0.10200364298724955,2196,2010,114.375,2.9289266144479145,12998,38.07018813459399,3.4965034965034967,35496,124.1118881118881,-0.5675768820555822,-22498,-86.04169997729412,5.086502493765585,12832,65.27,4.37062937062937,31552,137.9020979020979,0.7158731231362152,-18720,-72.6320979020979,6.814419225634179,11235,76.56,6.107668003402599,31650,193.3076923076923,0.7067512222315795,-20415,-116.74769230769229,6.957034811993777,18643,129.7,8.370845474460905,29706,248.66433566433565,-1.413810662467128,-11063,-118.96433566433566,7.470510646316186,26535,198.23,11.356840862582251,28042,318.46853146853147,-3.8863302162660647,-1507,-120.23853146853148,8.680326238313109,25135,218.18,13.259235222387886,26162,346.88811188811184,-4.578908984074777,-1027,-128.70811188811183,8.2596867591621,25731,212.53,14.386409050203225,24137,347.24475524475525,-6.1267222910411245,1594,-134.71475524475525,9.797214062351937,21106,206.78,15.042035392882266,23144,348.13286713286715,-5.244821330530328,-2038,-141.35286713286715,9.10856228327554,18745,170.74,15.766184285707062,22128,348.87412587412587,-6.657622002431522,-3383,-178.13412587412586,9.640328085995211,19629,189.23,16.56301258423274,21112,349.67832167832165,-6.92268449823753,-1483,-160.44832167832166,8.024703722250042,29955,240.38,18.311664530305805,19113.5,350,-10.286960808055763,10841.5,-109.62,9.77467621187196,26203.425509779445,256.13,19.99005396612192,16129,322.4195804195804,-10.21537775424996,10074.425509779445,-66.28958041958043
J039A,2010,580,DBE,DBE,DBE04,DBE004,J 39,J039A,2010,Socfindo,29.2,,29.2,0,0,0,1.51869903897,0,30.718699038969998,0,0,2248,1272,3,7,0,13,0,0,0,0,3543,121.33561643835617,0,0,0,0,0,0,0,0,0,0,0,0,,0,0,0,2248,1295,0,3543,121.33561643835617,35,15,50,0.014112334180073384,J039A,2010.0,534,DBE004,J039A,29.2,0.3655094552639007,3543,2010,121.33561643835617,2.872415191408893,40138,115.29300095277014,3.191207474568266,58272,185.95804195804197,-0.318792283159373,-18134,-70.66504100527183,4.59512132439552,46693,214.56,4.029532413737758,58906,237.36363636363637,0.5655889106577616,-12213,-22.80363636363637,6.531986531986532,46926,306.52,5.480034910549149,56472,309.4685314685315,1.0519516214373832,-9546,-2.9485314685315416,6.423733173283032,46652,299.68,7.523999062545684,54246,408.1468531468532,-1.1002658892626522,-7594,-108.46685314685317,7.06390977443609,47880,338.22,10.274611622511182,50894,522.9160839160841,-3.210701848075092,-3014,-184.69608391608404,8.45827920455681,50035,423.21,12.641029130918005,47423,599.4755244755246,-4.182749926361195,2612,-176.26552447552461,7.990503763752171,43175,344.99,14.080227566447274,43867,617.6573426573426,-6.089723802695103,-692,-272.6673426573426,9.9251258442314,39533,392.37,14.912995159491865,41461,618.3076923076923,-4.987869315260465,-1928,-225.93769230769226,9.711406447361195,36418,353.67,15.594768656918966,39678,618.7692307692307,-5.88336220955777,-3260,-265.0992307692307,9.5224089952716,44201,420.9,16.339867170418803,37896.5,619.2237762237762,-6.817458175147202,6304.5,-198.32377622377624,8.587070761116738,52331,449.37,17.700084139095985,34994.5,619.4055944055943,-9.113013377979247,17336.5,-170.03559440559434,10.846693505905971,42202.72286211018,457.76,19.383995218496164,30332.5,587.9650349650349,-8.537301712590192,11870.222862110182,-130.20503496503488
J040A,2010,581,DBE,DBE,DBE04,DBE004,J 40,J040A,2010,Socfindo,29.8,,29.8,0,0,0,1.53702624078,0,31.337026240780002,0,0,2413,597,2,48,0,41,0,0,0,0,3101,104.06040268456375,0,0,0,0,0,0,0,0,0,0,0,0,,0,0,0,2413,688,0,3101,104.06040268456375,42,19,61,0.019671073847146083,J040A,2010.0,535,DBE004,J040A,29.8,0.27384893168823354,3323,2010,111.51006711409396,3.0508831357780206,24158,73.70323479412542,3.3352884372346843,51792,172.74125874125875,-0.28440530145666365,-27634,-99.03802394713333,4.402896226644313,41157,181.21,4.179349062099862,49382,206.38461538461542,0.2235471645444509,-8225,-25.174615384615407,6.231025445014743,36628,228.23,5.72542788307706,48868,279.79020979020976,0.5055975619376829,-12240,-51.56020979020977,6.65798720833228,39557,263.37,7.832743548713793,46643,365.34265734265745,-1.1747563403815136,-7086,-101.97265734265744,7.164650876923415,45557,326.4,10.614988602338697,44111,468.2377622377623,-3.450337725415282,1446,-141.83776223776232,8.391618711908269,46415,389.49698251322224,12.733092465540423,41263,525.4055944055945,-4.341473753632155,5152,-135.90861189237222,9.245360401927613,39012,360.68,14.046183086869325,38121,535.4545454545455,-4.800822684941712,891,-174.7745454545455,10.345757013679574,34504,356.97,14.842701931693451,36267.5,538.3076923076923,-4.496944918013877,-1763.5,-181.33769230769224,8.12043625516577,32183,261.34,15.578382075360862,34671.5,540.1258741258741,-7.457945820195093,-2488.5,-278.78587412587416,8.685104886909645,42665,370.55,16.372936694010566,33076.5,541.5594405594405,-7.68783180710092,9588.5,-171.00944055944052,8.294403141075746,55013,456.3,17.892764353043574,30299,542.1328671328672,-9.598361211967829,24714,-85.8328671328672,10.75400752457489,41962.03126776578,451.26,19.540853511602844,26016.5,508.38461538461536,-8.786845987027954,15945.531267765778,-57.12461538461537
J041A,2010,582,DBE,DBE,DBE04,DBE004,J 41,J041A,2010,Socfindo,30.2,,30.2,0,0,0,1.7140985456,0,31.914098545599998,0,0,1526,0,0,497,1103,277,0,0,0,0,3403,112.68211920529802,0,0,0,0,0,0,0,0,0,0,0,0,,0,0,0,1526,1877,0,3403,112.68211920529802,10,0,10,0.0029385836027034967,J041A,2010.0,536,DBE004,J041A,30.2,0.5756395995550612,3596,2010,119.0728476821192,3.2646438862286624,10600,34.605225194023824,3.4965034965034967,27468,96.04195804195804,-0.23185961027483426,-16868,-61.436732847934216,4.997180499307941,19507,97.48,4.37062937062937,24416,106.71328671328669,0.626551128678571,-4909,-9.233286713286688,5.923546119104158,21477,127.22,5.315746279601702,31374,166.7762237762238,0.607799839502456,-9897,-39.55622377622379,6.360380307371711,30712,195.34,5.540210455816022,47278,261.9300699300699,0.820169851555689,-16566,-66.59006993006992,6.8814801018190845,48321,332.52,6.773124327037763,53048,359.3006993006993,0.1083557747813213,-4727,-26.780699300699325,8.270377242758142,49431,408.81301748677777,8.131187391063643,50424,410.00699300699307,0.13918985169449982,-993,-1.1939755202153037,8.02687779977081,47995,385.25,9.544993431130495,47847,456.69930069930075,-1.5181156313596844,148,-71.44930069930075,8.166360802175692,45227,369.34,11.271619067767162,45484,512.6783216783216,-3.10525826559147,-257,-143.33832167832162,8.033797274226686,34559,277.64,13.209412191766782,42844,565.944055944056,-5.175614917540097,-8285,-288.304055944056,8.535033274328352,44629,380.91,14.701421352500848,40204,591.0559440559441,-6.166388078172496,4425,-210.14594405594408,7.454231731515831,57955,432.01,16.057708469212,37049.5,594.93006993007,-8.603476737696168,20905.5,-162.92006993006999,8.373396236508581,54820.04995757848,459.03,17.0287355110785,33683.5,573.5874125874127,-8.65533927456992,21136.549957578478,-114.55741258741273
K039A,2010,598,DBE,DBE,DBE04,DBE004,K 39A,K039A,2010,Socfindo,28.099999999999998,,28.099999999999998,0,0,0,1.4,0,29.499999999999996,0,0,3157,136,0,0,100,0,0,0,0,0,3393,120.7473309608541,0,0,0,0,0,0,0,0,0,0,0,0,,0,0,0,3157,236,0,3393,120.7473309608541,9,1,10,0.0029472443265546712,K039A,2010.0,537,DBE004,K039A,28.099999999999998,0.06955496610669025,3393,2010,120.7473309608541,3.0049791739457143,19753,59.357353622949695,3.4641163365835594,58730,203.44755244755245,-0.4591371626378451,-38977,-144.09019882460277,4.711329239398482,41362,194.87,4.3302241565081445,52960,229.32867132867133,0.38110508289033707,-11598,-34.45867132867133,6.210119155785156,38521,239.22,6.046678799487788,52688,318.5874125874126,0.16344035629736808,-14167,-79.36741258741259,6.760365804310879,37069,250.6,8.132489136200041,50931,414.19580419580427,-1.3721233318891617,-13862,-163.59580419580428,6.7825646224024325,49325,334.55,11.057533997706365,48038,531.1818181818184,-4.274969375303932,1287,-196.63181818181835,7.760911605082032,48091,373.23,13.038280610398695,44545,580.7902097902099,-5.277369005316664,3546,-207.5602097902099,8.563044982698962,36125,309.34,14.192996957468987,41252,585.4895104895106,-5.629951974770025,-5127,-276.14951048951065,8.844143033292232,40550,358.63,14.916937262420623,39437.5,588.2867132867134,-6.072794229128391,1112.5,-229.6567132867134,8.493894165535957,32428,275.44,15.700915783163536,37691,591.7832167832169,-7.2070216176275785,-5263,-316.34321678321686,7.429065471979879,38169,283.56,16.502714411991214,35944.5,593.1818181818182,-9.073648940011335,2224.5,-309.62181818181824,7.733002060356321,49506,382.83,18.184883832732513,32619.5,593.1818181818182,-10.451881772376193,16886.5,-210.35181818181826,8.446257629139302,45444.97893075924,383.84,19.821935592027298,27698,549.027972027972,-11.375677962887996,17746.978930759236,-165.18797202797208
I043A,2011,574,DBE,DBE,DBE04,DBE004,I 43,I043A,2011,Socfindo,19.2,,19.2,0,0,0,1.13929586498,0,20.33929586498,0,0,0,1345,64,203,457,61,0,0,0,0,2130,110.9375,0,0,0,0,0,0,0,0,0,0,0,0,,0,0,0,1345,785,0,2130,110.9375,13,1,14,0.006572769953051643,I043A,2011.0,540,DBE004,I043A,19.2,0.4006238859180035,2244,2011,116.875,2.9871955919277533,8637,25.800408327480007,2.4975024975024973,18830,47.02797202797203,0.489693094425256,-10193,-21.22756370049202,4.03918791312559,16944,68.44,3.460850469533653,25106,86.8881118881119,0.5783374435919373,-8162,-18.448111888111896,5.6670571391383575,15366,87.08,4.122513842667484,25514,105.18181818181817,1.5445432964708736,-10148,-18.101818181818174,6.543363887834246,18437,120.64,5.0591818293376765,32596,164.9090909090909,1.48418205849657,-14159,-44.269090909090906,7.589182968929804,24332,184.66,6.581481870055258,33527,220.65734265734264,1.0077010988745458,-9195,-35.99734265734264,8.032967032967033,30940,248.54,8.905365812005343,31448,280.05594405594405,-0.8723987790383099,-508,-31.51594405594406,9.120733788395905,23440,213.79,10.769098976677894,29714,319.99300699300693,-1.6483651882819892,-6274,-106.20300699300694,9.246920615438565,22813,210.95,12.388335123006852,27645,342.4755244755244,-3.141414507568287,-4832,-131.52552447552443,8.079529045873597,18006,145.48,13.861575178997612,26187.5,362.99999999999994,-5.782046133124014,-8181.5,-217.51999999999995,6.349643923730761,21765,138.2,15.003815343044806,24762,371.5244755244755,-8.654171419314046,-2997,-233.32447552447553,5.79506030067735,24212,140.31,15.887772948955645,23438,372.3776223776224,-10.092712648278294,774,-232.0676223776224,8.078151885476396,22866.61635220126,184.72,17.1840157996134,21670,372.3776223776224,-9.105863914137005,1196.6163522012612,-187.6576223776224
J037A,2011,578,DBE,DBE,DBE04,DBE004,J 37,J037A,2011,Socfindo,31.4,,31.4,0,0,0,2.6,0,34,0,0,0,3480,95,32,260,0,0,0,0,0,3867,123.15286624203823,0,0,0,0,0,0,0,0,46,0,0,0,,0,0,0,3480,387,46,3913,124.61783439490446,30,5,35,0.008944543828264758,J037A,2011.0,541,DBE004,J037A,31.4,0.11065678507538973,3913,2011,124.61783439490446,2.9026992078224385,42033,122.00915580240056,2.4975024975024973,48720,121.67832167832168,0.4051967103199412,-6687,0.33083412407887636,3.784306088207095,66752,252.61,3.4757332709497786,63970,222.34265734265733,0.30857281725731633,2782,30.26734265734268,5.2454874216319505,63323,332.16,4.330276729045705,57838,250.45454545454547,0.9152106925862453,5485,81.70545454545456,5.858459437933781,61523,360.43,5.836387137676705,61416,358.4475524475525,0.02207230025707574,107,1.9824475524475247,7.4204267521295435,59285,439.92,7.909153584058528,58912,465.94405594405595,-0.48872683192898414,373,-26.02405594405593,8.960689473221352,56855,509.46,10.817684422588009,54817,592.9930069930069,-1.8569949493666567,2038,-83.53300699300695,8.700015320974414,52216,454.28,12.754419960043865,51210,653.1538461538464,-4.0544046390694515,1006,-198.87384615384644,9.776732429965596,42729,417.75,14.001523474940878,47343,662.874125874126,-4.224791044975282,-4614,-245.12412587412598,8.345468240020086,35847,299.16,14.871120563795724,45216,672.4125874125875,-6.525652323775638,-9369,-373.2525874125875,8.587160164869479,48038,412.51,15.672318130792974,43136.5,676.0489510489512,-7.085157965923495,4901.5,-263.53895104895116,7.527652850370731,41135,309.65,16.45969252426049,41073,676.0489510489512,-8.932039673889758,62,-366.3989510489512,9.5567177811692,38336.38372390831,366.37,18.0764168250632,37399.5,676.0489510489512,-8.519699043893999,936.8837239083077,-309.67895104895115
J038A,2011,579,DBE,DBE,DBE04,DBE004,J 38,J038A,2011,Socfindo,28.6,,28.6,0,0,0,1.52854106678,0,30.128541066780002,0,0,0,3438,0,67,195,0,0,0,0,0,3700,129.37062937062936,0,0,0,0,0,0,0,0,0,0,0,0,,0,0,0,3438,262,0,3700,129.37062937062936,33,0,33,0.00891891891891892,J038A,2011.0,542,DBE004,J038A,28.6,0.07081081081081081,3700,2011,129.37062937062936,2.8205526642948593,60006,169.25008317367733,2.4975024975024973,48132,120.2097902097902,0.323050166792362,11874,49.040292963887126,4.375822749606007,53935,236.01,3.4965034965034962,61884,216.37762237762234,0.8793192531025107,-7949,19.632377622377646,5.72488038277512,50160,287.16,4.3392242119586335,55946,242.76223776223773,1.3856561708164863,-5786,44.397762237762294,6.130070588235294,53125,325.66,5.897502334798752,58944,347.6223776223776,0.23256825343654253,-5819,-21.962377622377574,7.818732693928328,49838,389.67,8.008856081943414,56152,449.7132867132866,-0.19012338801508566,-6314,-60.04328671328659,8.240690478775377,55266,455.43,10.954071538124742,52324,573.160839160839,-2.7133810593493646,2942,-117.73083916083903,8.769322235434007,45414,398.25,12.875589966476712,48819,628.5734265734266,-4.1062677310427045,-3405,-230.32342657342656,9.880853792108567,37433,369.87,14.104271578949652,45119,636.3706293706293,-4.223417786841084,-7686,-266.5006293706293,8.130269022176877,37246,302.82,14.931750988128197,43138,644.1258741258741,-6.80148196595132,-5892,-341.30587412587414,9.456232062320623,39024,369.02,15.716722473774738,41157,646.8531468531469,-6.260490411454114,-2133,-277.8331468531469,7.886656557998483,42208,332.88,16.49735770293288,39209.5,646.8531468531469,-8.610701144934398,2998.5,-313.9731468531469,7.89199635079916,51629.522099150454,407.46,18.149384740762528,35640.5,646.8531468531469,-10.257388389963367,15989.022099150454,-239.3931468531469
N037A,0,543,DBE,DBE,DBE03,DBE003,N 37,N037A,0,0,0,,0,0,0,0,0.731988881101,18.400000000000002,19.131988881101,0,0,0,0,0,0,0,0,0,0,0,0,0,0,0,0,0,0,0,0,0,0,0,0,0,0,,0,0,0,0,0,0,0,0,0,0,0,0,,,,,,,,,,,,,,,,,,,,,,,,,,,,,,,,,,,,,,,,,,,,,,,,,,,,,,,,,,,,,,,,,,,,,,,,,,,,,,,,,,,,,,,,,,,,,,,,,,,,,,,,,,,,,,,,,,,,,,
K037A,2011,594,DBE,DBE,DBE04,DBE004,K 37A,K037A,2011,Socfindo,14.9,,14.9,0,0,0,1.7,0,16.6,0,0,0,1921,0,0,80,0,0,0,0,0,2001,134.29530201342283,0,0,0,0,0,0,0,0,0,0,0,0,,0,0,0,1921,80,0,2001,134.29530201342283,5,0,5,0.0024987506246876563,K037A,2011.0,543,DBE004,K037A,14.9,0.0399800099950025,2001,2011,134.29530201342283,2.6974221349171197,16598,44.77181259535435,2.497502497502498,26894,67.16783216783217,0.1999196374146215,-10296,-22.396019572477826,4.045684465908311,43691,176.76,3.4965034965034967,34578,120.90209790209792,0.549180969404814,9113,55.85790209790207,5.673554710256674,29181,165.56,4.370629370629372,30736,134.33566433566435,1.3029253396273024,-1555,31.224335664335655,6.322623658644994,31498,199.15,5.991559921745758,31856,190.86713286713288,0.3310637368992362,-358,8.282867132867125,7.524223520042474,30136,226.75,8.158623726298492,30255,246.83916083916088,-0.6344002062560179,-119,-20.089160839160883,8.990936963040328,29681,266.86,11.165132163215503,28174,314.5664335664336,-2.174195200175175,1507,-47.70643356643359,9.675941635561587,23576,228.12,13.090745007097427,26253,343.67132867132875,-3.4148033715358395,-2677,-115.55132867132875,9.33164532772788,20932,195.33,14.263116069152689,24252,345.909090909091,-4.931470741424809,-3320,-150.57909090909098,8.702616709638487,18229,158.64,15.022996950058968,23211.5,348.70629370629376,-6.32038024042048,-4982.5,-190.06629370629378,9.476036142211747,20364,192.97,15.778502314968874,22171,349.8251748251749,-6.302466172757127,-1807,-156.85517482517488,7.160948396094841,17925,128.36,16.555461291742972,21130.5,349.8251748251749,-9.39451289564813,-3205.5,-221.46517482517487,8.691630267937537,15766.892490299018,137.04,18.24905056601241,19169.5,349.8251748251749,-9.557420298074874,-3402.6075097009816,-212.7851748251749
K038A,2011,596,DBE,DBE,DBE04,DBE004,K 38A,K038A,2011,Socfindo,24,,24,0,0,0,1.4,0,25.4,0,0,0,2880,0,0,93,0,0,0,0,0,2973,123.875,0,0,0,0,0,0,0,0,0,0,0,0,,0,0,0,2880,93,0,2973,123.875,12,4,16,0.0053817692566431215,K038A,2011.0,544,DBE004,K038A,24,0.03128153380423814,2973,2011,123.875,3.0863875788143513,15240,47.03654670113071,2.4975024975024973,40320,100.6993006993007,0.588885081311854,-25080,-53.66275399816998,5.137782484176073,41551,213.48,3.4965034965034962,51840,181.25874125874125,1.6412789876725769,-10289,32.22125874125874,6.819933984257784,43323,295.46,4.37062937062937,46080,201.3986013986014,2.4493046136284145,-2757,94.0613986013986,7.210062689148292,37008,266.83,6.019370018356976,47382,285.20979020979024,1.1906926707913161,-10374,-18.379790209790258,7.528901734104046,40828,307.39,8.208999183728425,44874,368.37062937062933,-0.6800974496243786,-4046,-60.980629370629345,8.438667566959262,44430,374.93,11.235176992926707,41808,469.72027972027973,-2.796509425967445,2622,-94.79027972027973,9.964844903988183,33850,337.31,13.167935640192114,38928,512.6013986013986,-3.203090736203931,-5078,-175.2913986013986,10.437414030261348,29080,303.52,14.32910018642184,35955,515.2027972027972,-3.8916861561604925,-6875,-211.68279720279725,8.622332176353297,27082,233.51,15.061720569825848,34422,518.4545454545454,-6.4393883934725515,-7340,-284.9445454545454,8.261004147836315,32306,266.88,15.803315538789404,32889,519.7552447552447,-7.542311390953088,-583,-252.8752447552447,7.777984588467409,26863,208.94,16.575942236102968,31356,519.7552447552447,-8.79795764763556,-4493,-310.8152447552447,11.56502880404298,22804.958333333336,263.74,18.282250646520154,28429.5,519.7552447552447,-6.717221842477175,-5624.541666666664,-256.0152447552447
J042A,2013,583,DBE,DBE,DBE04,DBE004,J 42A,J042A,2013,Topaz,14.299999999999999,,14.299999999999999,0,0,0,1.60852547358,0,15.90852547358,0,0,0,0,0,731,0,299,0,355,0,0,1385,96.85314685314685,0,0,0,0,0,55,0,0,0,0,0,0,,0,74,0,731,783,0,1514,105.87412587412588,1,0,1,0.0006605019815059445,J042A,2013.0,546,DBE004,J042A,14.299999999999999,0.5411173885750157,1593,2013,111.3986013986014,,0,0,,0,0,,0,0,,0,0,,0,0,,0,0,,0,0,2.4975024975024978,10234,25.55944055944056,,-10234,-25.55944055944056,3.4820562560620756,2062,7.18,3.4965034965034962,13158,46.00699300699301,-0.01444724044142065,-11096,-38.82699300699301,4.544430135222151,6212,28.23,3.8769315308793963,15882,61.57342657342657,0.6674986043427547,-9670,-33.34342657342657,5.730042016806722,9520,54.55,5.292459034114965,17078,90.38461538461537,0.4375829826917572,-7558,-35.834615384615375,6.62507581665367,11541,76.46,6.049310504158711,20719,125.33566433566433,0.5757653124949584,-9178,-48.87566433566434,4.116950884931949,18589,76.53,7.903064797683633,21408,169.1888111888112,-3.7861139127516834,-2819,-92.6588111888112,7.910431576664498,9222,72.95,9.673517452651069,19668,190.25874125874122,-1.7630858759865706,-10446,-117.30874125874122,7.694697137785667,18028,138.72,11.301821903817824,18638,210.6433566433566,-3.6071247660321575,-610,-71.92335664335661,7.600053243411128,22538,171.29,12.756775250744655,17618.5,224.7552447552447,-5.156722007333527,4919.5,-53.4652447552447,10.604341888979338,21438.38838657826,227.34,13.76538137433986,17369,239.09090909090904,-3.161039485360522,4069.388386578259,-11.750909090909033
J043A,2013,587,DBE,DBE,DBE04,DBE004,J 43A,J043A,2013,Topaz/Lonsum,9.200000000000001,,9.200000000000001,0,0,0,0.249999,0,9.449999000000002,0,0,0,0,0,186,0,0,0,366,510,0,1062,115.43478260869564,0,0,0,0,0,0,0,0,0,0,0,0,,0,72,0,186,948,0,1134,123.26086956521738,2,0,2,0.001763668430335097,J043A,2013.0,547,DBE004,J043A,9.200000000000001,0.8248587570621468,1062,2013,115.43478260869564,,0,0,,0,0,,0,0,,0,0,,0,0,,0,0,,0,0,2.4975024975024978,2604,6.503496503496504,,-2604,-6.503496503496504,2.8005657708628005,707,1.98,3.4965034965034967,3348,11.706293706293707,-0.6959377256406962,-2641,-9.726293706293706,3.602992751928922,4277,15.41,4.370629370629371,2976,13.006993006993008,-0.7676366187004486,1301,2.4030069930069917,4.872705743043221,5067,24.69,6.118881118881119,2976,18.20979020979021,-1.2461753758378986,2091,6.480209790209791,6.373140921808275,6791,43.28,4.575409427570156,7914,36.209790209790214,1.7977314942381195,-1123,7.070209790209788,3.0924024640657084,12175,37.65,4.334020131228067,16332,70.78321678321679,-1.2416176671623589,-4157,-33.13321678321679,8.493571291498753,5211,44.26,5.168430744229988,17454,90.20979020979021,3.3251405472687656,-12243,-45.949790209790216,6.716717590571803,11455,76.94,6.401648572992738,16248,104.01398601398601,0.3150690175790647,-4793,-27.073986013986016,5.996184824077999,14154,84.87,8.13968474998306,15789,128.51748251748253,-2.1434999259050604,-1635,-43.64748251748253,8.209240769379578,13408.060878243512,110.07,10.498004020271226,14820,155.58041958041957,-2.2887632508916482,-1411.939121756488,-45.51041958041958
J044A,2013,590,DBE,DBE,DBE04,DBE004,J 44A,J044A,2013,Topaz/Lonsum,3.8,,3.8,0,0,0,0,0,3.8,0,0,0,0,0,194,0,0,0,0,196,0,390,102.63157894736842,0,0,0,0,0,51,0,0,0,0,0,0,,0,0,0,194,247,0,441,116.05263157894737,0,0,0,0,J044A,2013.0,548,DBE004,J044A,3.8,0.5600907029478458,441,2013,116.05263157894737,,0,0,,0,0,,0,0,,0,0,,0,0,,0,0,,0,0,2.4975024975024973,2716,6.7832167832167825,,-2716,-6.7832167832167825,2.7941176470588234,476,1.33,3.4965034965034967,3492,12.20979020979021,-0.7023858494446733,-3016,-10.87979020979021,3.473684210526316,3135,10.89,4.37062937062937,3104,13.566433566433565,-0.896945160103054,31,-2.6764335664335643,5.298846557147851,2861,15.16,6.118881118881119,3104,18.993006993006993,-0.8200345617332685,-243,-3.833006993006993,7.362567524626629,3147,23.17,8.391608391608392,2910,24.41958041958042,-1.029040866981763,237,-1.2495804195804183,4.543447722255669,4983,22.64,6.969953123799279,5460,38.05594405594406,-2.4265054015436096,-477,-15.41594405594406,9.04524886877828,2210,19.99,7.644917066404671,6050,46.25174825174825,1.4003318023736098,-3840,-26.261748251748255,10.01958041958042,3575,35.82,8.715662083158422,5464,47.62237762237762,1.3039183364219973,-1889,-11.80237762237762,7.011721974574872,6057,42.47,9.894707491130072,5367,53.1048951048951,-2.8829855165552,690,-10.6348951048951,8.399651579670248,5766.9058699101,48.44,10.430309151801895,5788,60.37062937062937,-2.0306575721316467,-21.094130089900318,-11.930629370629376
N042A,0,549,DBE,DBE,DBE03,DBE003,N 42,N042A,0,0,0,,0,0,0,0,0.202028,2.950000348878,3.152028348878,0,0,0,0,0,0,0,0,0,0,0,0,0,0,0,0,0,0,0,0,0,0,0,0,0,0,,0,0,0,0,0,0,0,0,0,0,0,0,,,,,,,,,,,,,,,,,,,,,,,,,,,,,,,,,,,,,,,,,,,,,,,,,,,,,,,,,,,,,,,,,,,,,,,,,,,,,,,,,,,,,,,,,,,,,,,,,,,,,,,,,,,,,,,,,,,,,,
K040A,2013,600,DBE,DBE,DBE04,DBE004,K 40,K040A,2013,Topaz,25.9,,25.9,0,0,0,0.836633623727,0,26.736633623727,0,0,0,0,0,2746,0,0,0,0,0,0,2746,106.02316602316603,0,0,0,391,0,0,0,0,0,0,0,0,,0,0,0,2746,391,0,3137,121.11969111969113,13,4,17,0.005419190309212623,K040A,2013.0,549,DBE004,K040A,25.9,0.12464137711189034,3137,2013,121.11969111969113,,0,0,,0,0,,0,0,,0,0,,0,0,,0,0,,0,0,2.4975024975024973,38444,96.01398601398601,,-38444,-96.01398601398601,4.4384507498111985,9269,41.14,3.4965034965034962,49428,172.82517482517483,0.9419472533077022,-40159,-131.68517482517484,6.0398982844454,27921,168.64,4.370629370629371,43936,192.02797202797203,1.6692689138160288,-16015,-23.38797202797204,6.684732065548536,31183,208.45,6.118881118881117,43936,268.8391608391608,0.5658509466674184,-12753,-60.38916083916081,7.277109234758327,30082,218.91,8.391608391608392,41190,345.65034965034965,-1.1144991568500648,-11108,-126.74034965034966,6.222291601623478,35233,219.23,11.488511488511488,38444,441.6643356643356,-5.26621988688801,-3211,-222.43433566433563,8.352567801500289,24262,202.65,13.448090371167295,35698,480.0699300699301,-5.095522569667006,-11436,-277.41993006993005,8.332307094014324,30857,257.11,14.56876456876457,32952,480.0699300699301,-6.236457474750246,-2095,-222.95993006993007,6.618786887577331,28126,186.16,13.325270794301643,37053,493.7412587412588,-6.706483906724312,-8927,-307.5812587412588,9.283743818185439,26048.758425053897,241.83,13.550593966231384,37244,504.6783216783217,-4.266850148045945,-11195.241574946103,-262.84832167832167
K041A,2013,601,DBE,DBE,DBE04,DBE004,K 41,K041A,2013,Topaz,8.2,,8.2,0,0,0,0,0,8.2,0,0,0,0,0,827,0,0,0,83,0,0,910,110.97560975609757,0,0,0,156,0,0,0,0,0,0,0,0,,0,0,0,827,239,0,1066,130,10,2,12,0.01125703564727955,K041A,2013.0,550,DBE004,K041A,8.2,0.22420262664165103,1066,2013,130,,0,0,,0,0,,0,0,,0,0,,0,0,,0,0,,0,0,2.4975024975024973,11578,28.916083916083913,,-11578,-28.916083916083913,3.2182916307161347,1159,3.73,3.4965034965034962,14886,52.04895104895105,-0.27821186578736157,-13727,-48.31895104895105,5.180600058258083,6866,35.57,4.37062937062937,13232,57.832167832167826,0.8099706876287129,-6366,-22.262167832167826,6.7924528301886795,11448,77.76,6.118881118881118,13232,80.96503496503495,0.6735717113075612,-1784,-3.2050349650349403,8.059341581044244,9538,76.87,7.886784108498563,13567,107,0.1725574725456811,-4029,-30.129999999999995,6.648997261242159,11319,75.26,10.575104210355127,13072,138.2377622377622,-3.9261069491129676,-1753,-62.97776223776221,6.732231404958678,6050,40.73,12.450088201392115,12079,150.38461538461536,-5.717856796433437,-6029,-109.65461538461537,7.913796702149864,9582,75.83,13.571480066325424,11252,152.70629370629368,-5.65768336417556,-1670,-76.87629370629368,6.499203528979292,8161,53.04,12.402528496658869,12939.5,160.48251748251744,-5.903324967679577,-4778.5,-107.44251748251745,9.820074722942783,8107.881278538812,79.62,12.837548920812099,13067,167.7482517482517,-3.0174741978693156,-4959.118721461188,-88.1282517482517
I045B,2015,577,DBE,DBE,DBE04,DBE004,I 45B,I045B,2015,Topaz,1.88855463897,,1.88855463897,0,0,0,0,0,1.88855463897,0,0,0,0,0,0,0,147,0,0,0,0,147,77.83730317708596,0,0,0,0,0,68,0,0,0,0,0,0,,0,0,0,147,68,0,215,113.84367471478558,0,0,0,0,I045B,2015.0,551,DBE004,I045B,1.88855463897,0.4024390243902439,246,2015,130.2583440922663,,0,0,,0,0,,0,0,,0,0,,0,0,,0,0,,0,0,,0,0,,0,0,,0,0,,0,0,,0,0,2.2222222222222223,180,0.4,2.497502497502498,2058,5.139860139860141,-0.2752802752802759,-1878,-4.7398601398601405,3.5559006211180124,1932,6.87,3.4965034965034962,2646,9.251748251748252,0.059397124614516184,-714,-2.3817482517482516,4.7420965058236275,1202,5.7,4.370629370629372,2352,10.279720279720282,0.3714671351942558,-1150,-4.579720279720282,7.368421052631579,1558,11.48,6.11888111888112,2352,14.391608391608393,1.2495399337504587,-794,-2.911608391608393,6.351084812623274,1014,6.44,8.391608391608392,2205,18.503496503496503,-2.040523578985118,-1191,-12.063496503496502,9.448621553884712,1197,11.31,11.488511488511492,2058,23.643356643356647,-2.03988993462678,-861,-12.333356643356646,8.642276422764228,1230,10.63,13.448090371167295,1911,25.6993006993007,-4.805813948403067,-681,-15.0693006993007,10.731289503219328,915.081081081081,9.82,10.337600543786111,2716,28.076923076923077,0.39368895943321647,-1800.918918918919,-18.256923076923076
J042B,2015,584,DBE,DBE,DBE04,DBE004,J 42B,J042B,2015,Topaz,1.5,,1.5,0,0,0,0,0,1.5,0,0,0,0,0,0,0,162,0,0,0,0,162,108,0,0,0,0,0,0,0,0,0,0,0,0,,0,49,0,162,49,0,211,140.66666666666666,0,0,0,0,J042B,2015.0,552,DBE004,J042B,1.5,0.2097560975609756,205,2015,136.66666666666666,,0,0,,0,0,,0,0,,0,0,,0,0,,0,0,,0,0,,0,0,,0,0,,0,0,,0,0,,0,0,2.1608040201005023,199,0.43,2.4975024975024973,2268,5.664335664335664,-0.336698477401995,-2069,-5.234335664335664,3.6586586586586587,1998,7.31,3.4965034965034967,2916,10.195804195804195,0.162155162155162,-918,-2.8858041958041953,5.2047244094488185,1270,6.61,4.37062937062937,2592,11.328671328671328,0.8340950388194486,-1322,-4.718671328671328,6.043165467625899,1668,10.08,6.118881118881119,2592,15.860139860139862,-0.07571565125522017,-924,-5.780139860139862,9.238578680203046,788,7.28,8.391608391608392,2430,20.39160839160839,0.8469702885946546,-1642,-13.111608391608389,9.385290889132822,911,8.55,11.488511488511488,2268,26.055944055944057,-2.103220599378666,-1357,-17.505944055944056,9.325153374233128,652,6.08,13.448090371167295,2106,28.321678321678323,-4.1229369969341665,-1454,-22.24167832167832,10.68704061254423,703.6559766763849,7.52,14.56876456876457,1944,28.321678321678323,-3.8817239562203394,-1240.3440233236151,-20.801678321678324
N043D,0,553,DBE,DBE,DBE03,DBE003,N 43A,N043D,0,0,0,,0,0,0,0,0,2.8000000000000003,2.8000000000000003,0,0,0,0,0,0,0,0,0,0,0,0,0,0,0,0,0,0,0,0,0,0,0,0,0,0,,0,0,0,0,0,0,0,0,0,0,0,0,,,,,,,,,,,,,,,,,,,,,,,,,,,,,,,,,,,,,,,,,,,,,,,,,,,,,,,,,,,,,,,,,,,,,,,,,,,,,,,,,,,,,,,,,,,,,,,,,,,,,,,,,,,,,,,,,,,,,,
J043B,2015,588,DBE,DBE,DBE04,DBE004,J 43B,J043B,2015,Topaz,2.7,,2.7,0,0,0,0,0,2.7,0,0,0,0,0,0,0,336,0,0,0,0,336,124.44444444444444,0,0,0,0,0,0,0,0,0,0,0,0,,0,49,0,336,49,0,385,142.59259259259258,0,0,0,0,J043B,2015.0,553,DBE004,J043B,2.7,0.056179775280898875,356,2015,131.85185185185185,,0,0,,0,0,,0,0,,0,0,,0,0,,0,0,,0,0,,0,0,,0,0,,0,0,,0,0,,0,0,2.1341463414634148,328,0.7,2.4975024975024978,4704,11.748251748251748,-0.363356156039083,-4376,-11.048251748251749,1.5435067774376914,2287,3.53,3.496503496503497,6048,21.14685314685315,-1.9529967190658057,-3761,-17.61685314685315,1.869114877589454,2124,3.97,4.370629370629371,5376,23.496503496503497,-2.5015144930399167,-3252,-19.526503496503498,4.689111313315135,3297,15.46,6.11888111888112,5376,32.8951048951049,-1.4297698055659849,-2079,-17.4351048951049,5.825242718446602,1545,9,8.391608391608393,5040,42.2937062937063,-2.5663656731617914,-3495,-33.2937062937063,5.857220118983234,1849,10.83,11.488511488511488,4704,54.04195804195804,-5.631291369528254,-2855,-43.21195804195804,6.010518407212622,1331,8,13.448090371167293,4368,58.74125874125874,-7.437571963954671,-3037,-50.74125874125874,7.5191413488095655,1069.271028037383,8.04,14.568764568764568,4032,58.74125874125874,-7.049623219955002,-2962.728971962617,-50.70125874125874
J044B,2015,591,DBE,DBE,DBE04,DBE004,J 44B,J044B,2015,Topaz,0.4,,0.4,0,0,0,0,0,0.4,0,0,0,0,0,0,0,53,0,0,0,0,53,132.5,0,0,0,0,0,4,0,0,0,0,0,0,,0,0,0,53,4,0,57,142.5,0,0,0,0,J044B,2015.0,554,DBE004,J044B,0.4,0.07017543859649122,57,2015,142.5,,0,0,,0,0,,0,0,,0,0,,0,0,,0,0,,0,0,,0,0,,0,0,,0,0,,0,0,,0,0,2,130,0.26,2.4975024975024973,742,1.8531468531468531,-0.4975024975024973,-612,-1.5931468531468531,3.225806451612903,1085,3.5,3.4965034965034967,954,3.335664335664336,-0.27069704489059365,131,0.16433566433566416,4.691358024691358,648,3.04,4.370629370629371,848,3.7062937062937062,0.3207286540619876,-200,-0.6662937062937062,6.591639871382637,622,4.1,6.118881118881119,848,5.188811188811189,0.4727587525015178,-226,-1.0888111888111895,7.311178247734139,331,2.42,8.391608391608392,795,6.671328671328672,-1.0804301438742527,-464,-4.251328671328672,6.018957345971564,422,2.54,11.48851148851149,742,8.524475524475525,-5.469554142539926,-320,-5.984475524475525,5.677966101694914,354,2.01,13.448090371167293,689,9.265734265734265,-7.770124269472379,-335,-7.255734265734265,6.225232558139535,547.7707006369427,3.41,13.591899430049718,692,9.405594405594405,-7.3666668719101835,-144.2292993630573,-5.995594405594405
G037A,2013,555,DBE,DBE,DBE04,DBE004,G 37,G037A,2013,Topaz,30.5,,30.5,0,0,0,2.301157,0,32.801157,0,0,0,0,0,1685,0,0,72,982,0,0,2739,89.80327868852459,0,0,0,997,0,0,0,0,0,0,0,0,,0,0,0,1685,2051,0,3736,122.49180327868852,7,4,11,0.0029443254817987153,G037A,2013.0,577,DBE005,G037A,30.5,0.548982869379015,3736,2013,122.49180327868852,,0,0,,0,0,,0,0,,0,0,,0,0,,0,0,3.235961858634781,6607,21.38,2.4975024975024978,23590,58.91608391608392,0.7384593611322834,-16983,-37.536083916083925,5.822018348623853,10900,63.46,3.496503496503497,30330,106.04895104895107,2.325514852120356,-19430,-42.58895104895107,6.89651268115942,17664,121.82,4.370629370629371,26960,117.83216783216784,2.525883310530049,-9296,3.9878321678321527,8.00215230740014,31594,252.82,5.98836232417468,27968,167.48251748251747,2.0137899832254593,3626,85.33748251748253,8.583918399788052,30196,259.2,6.224485601454277,40319,250.965034965035,2.359432798333775,-10123,8.234965034965,7.010442785110076,36293,254.43,7.964853289951125,42418,337.8531468531468,-0.9544105048410492,-6125,-83.42314685314682,8.3039020777297,25653,213.02,9.551463780357999,38769,370.3006993006993,-1.247561702628298,-13116,-157.2806993006993,7.409960112623182,34096,252.65,10.801448632422373,37012,399.78321678321686,-3.391488519799191,-2916,-147.13321678321685,6.850822050290136,33088,226.68,9.468030008647654,49073.5,464.62937062937067,-2.6172079583575183,-15985.5,-237.94937062937066,7.665276723069691,35291.61565502695,270.52,10.316820870910583,51165,527.86013986014,-2.651544147840892,-15873.384344973048,-257.34013986013997
I044A,2016,575,DBE,DBE,DBE04,DBE004,I 44,I044A,2016,Topaz,19.6,,19.6,0,0,0,0.96058136331,0,20.56058136331,0,0,0,0,0,0,0,0,1772,0,0,0,1772,90.40816326530611,0,0,0,0,0,590,0,0,0,0,0,0,,0,299,0,1772,889,0,2661,135.76530612244898,3,1,4,0.001503194287861706,I044A,2016.0,555,DBE004,I044A,19.6,0.3045525902668759,2548,2016,130,,0,0,,0,0,,0,0,,0,0,,0,0,,0,0,,0,0,,0,0,,0,0,,0,0,,0,0,,0,0,,0,0,,0,0,,0,0,4.425657745090605,13189,58.37,2.4975024975024978,24808,61.95804195804196,1.9281552475881076,-11619,-3.5880419580419627,5.646855531808467,21991,124.18,3.4965034965034962,31896,111.52447552447552,2.1503520353049708,-9905,12.655524475524487,6.159076138579213,20003,123.2,4.370629370629371,28352,123.91608391608392,1.788446767949842,-8349,-0.7160839160839174,7.70537813851172,13183,101.58,6.118881118881119,28352,173.4825174825175,1.5864970196306007,-15169,-71.9025174825175,9.480483782297966,18190,172.45,8.391608391608392,26580,223.04895104895104,1.0888753906895747,-8390,-50.59895104895105,5.971997147857652,15427,92.13,11.488511488511492,24808,285.00699300699307,-5.516514340653839,-9381,-192.87699300699308,9.620115129165056,13697.341271989175,131.77,10.557885366167573,31296,330.41958041958037,-0.9377702370025176,-17598.658728010825,-198.64958041958036
G038A,2013,556,DBE,DBE,DBE04,DBE004,G 38,G038A,2013,Topaz,29.3,,29.3,0,0,0,2.578258,0,31.878258000000002,0,0,0,0,0,1929,0,535,741,0,0,0,3205,109.38566552901024,0,0,0,0,0,258,0,0,0,0,0,0,,0,0,0,1929,1534,0,3463,118.19112627986348,6,5,11,0.0031764366156511693,G038A,2013.0,578,DBE005,G038A,29.3,0.4429685244008085,3463,2013,118.19112627986348,,0,0,,0,0,,0,0,,0,0,,0,0,,0,0,4.18086500655308,8393,35.09,2.4975024975024978,27006,67.44755244755245,1.683362509050582,-18613,-32.35755244755245,5.770553719565657,14827,85.56,3.4965034965034962,34722,121.4055944055944,2.274050223062161,-19895,-35.8455944055944,6.767638580407353,21161,143.21,4.004833879162502,38354,153.6013986013986,2.7628047012448507,-17193,-10.391398601398606,7.257728164867517,32608,236.66,4.883887049492144,50868,248.4335664335664,2.373841115375373,-18260,-11.773566433566401,7.0685231539424285,31960,225.91,6.43007770267621,50833,326.86013986013984,0.6384454512662181,-18873,-100.95013986013984,6.271732293370235,39745,249.27,8.73971037608168,47422,414.45454545454544,-2.4679780827114453,-7677,-165.18454545454543,8.0204848071014,29290,234.92,10.61270239169612,44958,477.12587412587413,-2.592217584594719,-15668,-242.20587412587415,8.59791054331694,34363,295.45,12.371792219946842,41753,516.5594405594405,-3.7738816766299017,-7390,-221.10944055944054,8.312475933769734,31164,259.05,13.918406806733287,39512.5,549.951048951049,-5.605930872963553,-8348.5,-290.90104895104895,10.145111124388304,32173.132063122684,326.4,13.925635073272291,40884,569.3356643356643,-3.780523948883987,-8710.867936877316,-242.93566433566434
I045A,2016,576,DBE,DBE,DBE04,DBE004,I 45A,I045A,2016,Topaz/Lonsum,6.7,,6.7,0,0,0,0,0,6.7,0,0,0,0,0,0,0,0,557,0,0,0,557,83.13432835820895,0,0,0,0,0,248,0,0,0,0,0,0,,0,0,0,557,248,0,805,120.14925373134328,2,0,2,0.002484472049689441,I045A,2016.0,556,DBE004,I045A,6.7,0.3605051664753157,871,2016,130,,0,0,,0,0,,0,0,,0,0,,0,0,,0,0,,0,0,,0,0,,0,0,,0,0,,0,0,,0,0,,0,0,,0,0,,0,0,4.287808453457122,4093,17.55,2.4975024975024978,7798,19.475524475524477,1.790305955954624,-3705,-1.925524475524476,5.510735198438517,6148,33.88,3.4965034965034962,10026,35.05594405594405,2.0142317019350204,-3878,-1.1759440559440506,7.452687991961145,5971,44.5,4.370629370629372,8912,38.95104895104895,3.0820586213317736,-2941,5.5489510489510465,7.880906971816063,4719,37.19,6.118881118881119,8912,54.53146853146853,1.7620258529349435,-4193,-17.341468531468536,11.39598898938262,5086,57.96,8.391608391608392,8355,70.1118881118881,3.0043805977742277,-3269,-12.151888111888105,5.489586571339758,6434,35.32,11.48851148851149,7798,89.5874125874126,-5.998924917171732,-1364,-54.2674125874126,8.312079971810816,4429.69751552795,36.82,9.89908998870074,10713,106.04895104895104,-1.5870100168899253,-6283.30248447205,-69.22895104895105
G039A,2013,557,DBE,DBE,DBE04,DBE004,G 39,G039A,2013,Topaz/Lonsum,29.7,,29.7,0,0,0,5.34861984425,0,35.04861984425,0,0,0,0,0,1465,0,0,1133,0,471,0,3069,103.33333333333334,0,956,0,0,0,0,0,0,0,0,0,0,,0,0,0,1465,2560,0,4025,135.52188552188554,5,0,5,0.0012422360248447205,G039A,2013.0,579,DBE005,G039A,29.7,0.6360248447204969,4025,2013,135.52188552188554,,0,0,,0,0,,0,0,,0,0,,0,0,,0,0,,0,0,2.4975024975024978,20510,51.22377622377623,,-20510,-51.22377622377623,5.62780269058296,8474,47.69,3.4965034965034962,26370,92.2027972027972,2.1312991940794634,-17896,-44.5127972027972,7.685165794066318,14325,110.09,4.370629370629371,23440,102.44755244755245,3.314536423436947,-9115,7.64244755244755,6.98798328108673,30624,214,4.6573191705754935,39302,183.04195804195805,2.3306641105112362,-8678,30.958041958041946,7.445282667411754,32211,239.82,6.035386407828524,42369,255.71328671328672,1.4098962595832303,-10158,-15.893286713286727,6.077942074384772,37669,228.95,7.325094431567724,45232,331.3286713286713,-1.2471523571829515,-7563,-102.37867132867132,7.9428091446935944,27382,217.49,8.689520814118305,45651,396.6853146853147,-0.7467116694247107,-18269,-179.1953146853147,6.931576957748117,34389,238.37,8.38089741594562,55495,465.09790209790214,-1.4493204581975032,-21106,-226.72790209790213,7.385132394692624,34518,254.92,9.479481156576547,57453.5,544.6293706293707,-2.094348761883923,-22935.5,-289.7093706293707,7.724464189392455,39852.60238797382,307.84,10.907539974357006,53205,580.3356643356644,-3.183075784964551,-13352.39761202618,-272.49566433566446
J042C,2016,585,DBE,DBE,DBE04,DBE004,J 42C,J042C,2016,Socfindo,0.8,,0.8,0,0,0,0,0,0.8,0,0,0,0,0,0,0,0,47,20,0,0,67,83.75,0,0,0,0,0,15,0,0,0,0,0,0,,0,0,0,47,35,0,82,102.5,0,0,0,0,J042C,2016.0,557,DBE004,J042C,0.8,0.5480769230769231,104,2016,130,,0,0,,0,0,,0,0,,0,0,,0,0,,0,0,,0,0,,0,0,,0,0,,0,0,,0,0,,0,0,,0,0,,0,0,,0,0,4.502923976608187,855,3.85,2.4975024975024978,658,1.6433566433566433,2.0054214791056895,197,2.2066433566433568,5.139949109414759,786,4.04,3.248084065135575,1126,3.6573426573426575,1.8918650442791836,-340,0.3826573426573425,6.356968215158925,818,5.2,4.087638979725311,1112,4.545454545454546,2.269329235433614,-294,0.6545454545454543,7.631027253668763,477,3.64,5.597014925373133,1072,5.999999999999999,2.0340123282956295,-595,-2.359999999999999,4.84725050916497,491,2.38,7.68207402353744,1025,7.874125874125875,-2.83482351437247,-534,-5.494125874125875,4.009111617312073,439,1.76,10.518708848562712,958,10.076923076923078,-6.5095972312506385,-519,-8.316923076923079,5.962391071701575,503.15384615384613,3,10.86107353137326,1101,11.958041958041958,-4.898682459671685,-597.8461538461538,-8.958041958041958
G040A,2016,558,DBE,DBE,DBE04,DBE004,G 40,G040A,2016,Topaz,29.1,,29.1,0,0,0,0.908031972694,0,30.008031972694003,0,0,0,0,0,0,0,0,1775,0,0,0,1775,60.99656357388316,0,0,0,1435,0,0,0,56,0,0,0,0,,0,0,0,1775,1491,0,3266,112.23367697594502,0,2,2,0.000612369871402327,G040A,2016.0,584,DBE005,G040A,29.1,0.5307956648162834,3783,2016,130,,0,0,,0,0,,0,0,,0,0,,0,0,,0,0,,0,0,,0,0,,0,0,,0,0,,0,0,,0,0,,0,0,,0,0,,0,0,5.541614076768877,13469,74.64,2.4975024975024978,24850,62.06293706293707,3.044111579266379,-11381,12.577062937062934,6.397407813070464,10956,70.09,3.4965034965034962,31950,111.7132867132867,2.9009043165669675,-20994,-41.6232867132867,6.898059579119979,21954,151.44,4.370629370629371,28400,124.12587412587413,2.5274302084906077,-6446,27.314125874125864,7.893786368804762,14951,118.02,6.118881118881119,28400,173.7762237762238,1.774905249923643,-13449,-55.75622377622379,7.998317029557168,19014,152.08,8.391608391608392,26625,223.4265734265734,-0.3932913620512233,-7611,-71.3465734265734,7.7475608388471455,17834,138.17,7.469166347671021,44940,335.6643356643357,0.27839449117612425,-27106,-197.4943356643357,9.469972808627857,20841.66491166491,197.37,8.19199203822453,48905,400.6293706293706,1.2779807704033264,-28063.33508833509,-203.2593706293706
J042D,2017,586,DBE,DBE,DBE04,DBE004,J 42D,J042D,2017,Topaz/Socfin,12.899999999999999,,12.899999999999999,0,0,0,0,0,12.899999999999999,0,0,0,0,0,0,0,0,0,1305,0,0,1305,101.16279069767442,0,0,0,0,0,144,0,0,0,0,0,0,,0,303,0,1305,447,0,1752,135.8139534883721,0,0,0,0,J042D,2017.0,558,DBE004,J042D,12.899999999999999,0.22182468694096602,1677,2017,130.00000000000003,,0,0,,0,0,,0,0,,0,0,,0,0,,0,0,,0,0,,0,0,,0,0,,0,0,,0,0,,0,0,,0,0,,0,0,,0,0,,0,0,,0,0,,0,0,2.9130518604202815,5187,15.11,2.4975024975024978,18270,45.629370629370634,0.41554936291778377,-13083,-30.519370629370634,3.0326360972950877,14677,44.51,3.496503496503497,23490,82.13286713286715,-0.46386739920840947,-8813,-37.62286713286715,6.911477240994135,7162,49.5,4.370629370629371,20880,91.25874125874127,2.5408478703647646,-13718,-41.75874125874127,6.355317679558011,11584,73.62,6.118881118881119,20880,127.76223776223777,0.2364365606768919,-9296,-54.14223776223777,5.662894470512467,10869,61.55,8.391608391608393,19575,164.2657342657343,-2.7287139210959266,-8706,-102.7157342657343,6.793983932472765,12622.932413793103,85.76,10.594995067044756,20286,214.93006993006995,-3.8010111345719917,-7663.0675862068965,-129.17006993006993
G041A,2016,559,DBE,DBE,DBE04,DBE004,G 41,G041A,2016,Topaz,23.60786531003,,23.60786531003,0,0,0,0.209659031477,0,23.817524341507,0,0,0,0,0,0,0,0,860,0,0,0,860,36.4285372144436,0,0,0,1844,0,0,0,0,0,0,0,0,,0,0,0,860,1844,0,2704,114.53809840448314,1,7,8,0.0029585798816568047,G041A,2016.0,585,DBE005,G041A,23.60786531003,0.7197784294558488,3069,2016,129.99904733852026,,0,0,,0,0,,0,0,,0,0,,0,0,,0,0,,0,0,,0,0,,0,0,,0,0,,0,0,,0,0,,0,0,,0,0,,0,0,4.714488636363637,7040,33.19,2.4975024975024973,12040,30.06993006993007,2.2169861388611394,-5000,3.1200699300699277,5.2990430622009566,6688,35.44,3.4965034965034967,15480,54.12587412587413,1.8025395656974599,-8792,-18.68587412587413,10.54765169694892,11668,123.07,4.370629370629371,13760,60.13986013986014,6.177022326319549,-2092,62.93013986013985,8.443343095291732,8878,74.96,6.118881118881119,13760,84.1958041958042,2.324461976410613,-4882,-9.235804195804207,8.82357959392595,11722,103.43,8.391608391608392,12900,108.25174825174825,0.43197120231755903,-1178,-4.821748251748247,6.894995622011181,14847,102.37,5.357068966536422,37856,202.7972027972028,1.5379266554747586,-23009,-100.4272027972028,10.718245803599197,16837.643333333333,180.47,6.00391225109516,44372,266.40559440559446,4.714333552504037,-27534.356666666667,-85.93559440559446
J043C,2017,589,DBE,DBE,DBE04,DBE004,J 43C,J043C,2017,Socfin,9.8,,9.8,0,0,0,0,0,9.8,0,0,0,0,0,0,0,0,0,1279,0,0,1279,130.51020408163265,0,0,0,0,0,0,0,0,0,0,0,0,,0,104,0,1279,104,0,1383,141.12244897959184,0,0,0,0,J043C,2017.0,559,DBE004,J043C,9.8,0.02366412213740458,1310,2017,133.6734693877551,,0,0,,0,0,,0,0,,0,0,,0,0,,0,0,,0,0,,0,0,,0,0,,0,0,,0,0,,0,0,,0,0,,0,0,,0,0,,0,0,,0,0,,0,0,3.220985691573927,3145,10.13,2.4975024975024978,17906,44.72027972027972,0.723483194071429,-14761,-34.59027972027972,2.3993545099371496,11774,28.25,3.4965034965034967,23022,80.49650349650351,-1.097148986566347,-11248,-52.24650349650351,5.865963855421687,5312,31.16,4.370629370629371,20464,89.44055944055944,1.4953344847923162,-15152,-58.28055944055944,6.759133126934985,8075,54.58,6.118881118881119,20464,125.21678321678323,0.6402520080538654,-12389,-70.63678321678323,6.1273356401384085,7225,44.27,8.391608391608392,19185,160.99300699300701,-2.264272751469983,-11960,-116.723006993007,8.54219763984966,6979.468576314665,59.62,11.48851148851149,17906,205.71328671328675,-2.9463138486618305,-10926.531423685334,-146.09328671328674
G042A,2016,560,DBE,DBE,DBE04,DBE004,G 42,G042A,2016,Topaz,5.2,,5.2,0,0,0,0.4,0,5.6000000000000005,0,0,0,0,0,0,0,0,358,0,0,0,358,68.84615384615384,0,0,0,0,0,0,0,0,0,0,0,0,,0,0,0,358,0,0,358,68.84615384615384,1,0,1,0.002793296089385475,G042A,2016.0,586,DBE005,G042A,5.2,0.5194630872483221,745,2016,143.26923076923077,,0,0,,0,0,,0,0,,0,0,,0,0,,0,0,,0,0,,0,0,,0,0,,0,0,,0,0,,0,0,,0,0,,0,0,,0,0,4.262295081967213,2196,9.36,2.4975024975024978,5012,12.517482517482518,1.7647925844647157,-2816,-3.157482517482519,5.411723656664341,2866,15.51,3.4965034965034967,6444,22.531468531468533,1.9152201601608443,-3578,-7.021468531468534,7.437155119558553,4893,36.39,4.370629370629371,5728,25.034965034965037,3.066525748929182,-835,11.355034965034964,7.950819672131147,1952,15.52,6.118881118881119,5728,35.048951048951054,1.831938553250028,-3776,-19.528951048951054,5.207641196013289,3612,18.81,8.391608391608392,5370,45.06293706293707,-3.1839671955951028,-1758,-26.252937062937068,5.7057313943541486,2338,13.34,11.48851148851149,5012,57.58041958041959,-5.782780094157341,-2674,-44.240419580419584,11.13487495589563,2185.924861878453,24.34,13.448090371167297,4654,62.587412587412594,-2.3132154152716673,-2468.075138121547,-38.2474125874126
J044C,2017,592,DBE,DBE,DBE04,DBE004,J 44C,J044C,2017,Socfin,0.2,,0.2,0,0,0,0,0,0.2,0,0,0,0,0,0,0,0,0,12,0,0,12,60,0,0,0,0,0,0,0,0,0,0,0,0,,0,0,0,12,0,0,12,60,0,0,0,0,J044C,2017.0,560,DBE004,J044C,0.2,0.5384615384615384,26,2017,130,,0,0,,0,0,,0,0,,0,0,,0,0,,0,0,,0,0,,0,0,,0,0,,0,0,,0,0,,0,0,,0,0,,0,0,,0,0,,0,0,,0,0,,0,0,2.905982905982906,351,1.02,2.4975024975024978,168,0.41958041958041964,0.4084804084804081,183,0.6004195804195804,3.8427947598253276,229,0.88,3.4965034965034967,216,0.7552447552447553,0.3462912633218309,13,0.12475524475524469,2.0303030303030303,330,0.67,4.370629370629371,192,0.8391608391608393,-2.3403263403263406,138,-0.16916083916083924,1.906158357771261,341,0.65,6.118881118881119,192,1.1748251748251748,-4.212722761109858,149,-0.5248251748251748,2.027972027972028,286,0.58,8.391608391608392,180,1.5104895104895106,-6.363636363636363,106,-0.9304895104895107,2.248344370860927,431.4285714285714,0.97,11.488511488511492,168,1.9300699300699304,-9.240167117650564,263.4285714285714,-0.9600699300699305
G043A,2016,561,DBE,DBE,DBE04,DBE004,G 43,G043A,2016,Topaz,0.3,,0.3,0,0,0,0,0,0.3,0,0,0,0,0,0,0,0,35,0,0,0,35,116.66666666666667,0,0,0,0,0,0,0,0,0,0,0,0,,0,0,0,35,0,0,35,116.66666666666667,0,0,0,0,G043A,2016.0,587,DBE005,G043A,0.3,0.10256410256410256,39,2016,130,,0,0,,0,0,,0,0,,0,0,,0,0,,0,0,,0,0,,0,0,,0,0,,0,0,,0,0,,0,0,,0,0,,0,0,,0,0,4.146023468057367,767,3.18,2.497502497502497,490,1.2237762237762235,1.6485209705548698,277,1.9562237762237766,5.681818181818182,484,2.75,3.496503496503496,630,2.2027972027972025,2.185314685314686,-146,0.5472027972027975,5.244897959183674,490,2.57,4.37062937062937,560,2.447552447552447,0.8742685885543038,-70,0.12244755244755279,5.631578947368421,380,2.14,6.118881118881118,560,3.4265734265734262,-0.48730217151269706,-180,-1.286573426573426,3.622047244094488,381,1.38,8.39160839160839,525,4.405594405594405,-4.769561147513902,-144,-3.025594405594405,3.442211055276382,398,1.37,11.488511488511488,490,5.629370629370629,-8.046300433235107,-92,-4.259370629370629,3.890042430260902,357.3225806451612,1.39,13.448090371167293,455,6.118881118881118,-9.558047940906391,-97.67741935483878,-4.728881118881119
K041B,2018,602,DBE,DBE,DBE04,DBE004,K 41B,K041B,2018,Lonsum,0.6,,0.6,0,0,0,0,0,0.6,0,0,0,0,0,0,0,0,0,0,89,0,89,148.33333333333334,0,0,0,0,0,0,0,0,0,0,0,0,,0,0,0,89,0,0,89,148.33333333333334,0,0,0,0,K041B,2018.0,561,DBE004,K041B,0.6,0,89,2018,148.33333333333334,,0,0,,0,0,,0,0,,0,0,,0,0,,0,0,,0,0,,0,0,,0,0,,0,0,,0,0,,0,0,,0,0,,0,0,,0,0,,0,0,,0,0,,0,0,,0,0,,0,0,,0,0,2.7548209366391183,363,1,2.4975024975024978,1246,3.111888111888112,0.25731843913662056,-883,-2.111888111888112,3.3415233415233416,407,1.36,3.496503496503496,1602,5.601398601398601,-0.15498015498015416,-1195,-4.2413986013986005,2.911392405063291,395,1.15,4.370629370629371,1424,6.223776223776224,-1.4592369655660797,-1029,-5.073776223776225,3.1325301204819276,332,1.04,6.118881118881121,1424,8.713286713286715,-2.9863509983991934,-1092,-7.673286713286715,3.5249130938586326,479.44444444444446,1.69,8.39160839160839,1335,11.202797202797202,-4.866695297749757,-855.5555555555555,-9.512797202797202
H037A,2011,562,DBE,DBE,DBE04,DBE004,H 37,H037A,2011,Socfindo,31.5,,31.5,0,0,0,2.20816072615,0,33.70816072615,0,0,0,3226,3,53,299,18,0,0,0,0,3599,114.25396825396825,0,0,0,0,0,0,0,160,0,0,0,0,,0,0,0,3226,533,0,3759,119.33333333333333,27,12,39,0.010375099760574621,H037A,2011.0,568,DBE005,H037A,31.5,0.1417930300611865,3759,2011,119.33333333333333,2.737020991248554,6306,17.259654370813383,2.4975024975024973,45164,112.79720279720279,0.23951849374605683,-38858,-95.5375484263894,4.821974507313861,21261,102.52,3.495781451382897,58110,203.13986013986013,1.3261930559309643,-36849,-100.61986013986014,5.485680190930788,33520,183.88,4.343210784483775,52412,227.63636363636363,1.1424694064470131,-18892,-43.75636363636363,6.375625680087051,45950,292.96,5.806495455111747,56804,329.8321678321677,0.5691302249753036,-10854,-36.87216783216775,6.939277731066587,48763,338.38,7.820784459531728,54920,429.5174825174825,-0.8815067284651406,-6157,-91.13748251748251,8.17214379161541,51213,418.52,10.680651313896693,51165,546.4755244755244,-2.508507522281283,48,-127.95552447552438,8.601711684970812,40428,347.75,12.574901846956518,47847,601.6713286713285,-3.9731901619857055,-7419,-253.92132867132852,9.299524215505624,36361,338.14,13.835303990276202,44266,612.4335664335664,-4.535779774770578,-7905,-274.2935664335664,8.192722777239467,29929,245.2,14.761893735403671,42280,624.1328671328672,-6.569170958164204,-12351,-378.9328671328672,7.784486075349966,33789,263.03,15.608295118414114,40295.5,628.9440559440559,-7.8238090430641485,-6506.5,-365.9140559440559,7.069523313952173,44201,312.48,16.412019672534832,38337.5,629.1958041958042,-9.34249635858266,5863.5,-316.71580419580414,9.857203216574755,34251.09461396682,337.62,18.020271628932413,34916,629.1958041958042,-8.163068412357658,-664.9053860331769,-291.57580419580415
K042A,2018,604,DBE,DBE,DBE04,DBE004,K 42,K042A,2018,Lonsum,0.8,,0.8,0,0,0,0.30000000000000426,4.699999999999999,5.800000000000003,0,0,0,0,0,0,0,0,0,0,87,0,87,108.75,0,0,0,0,0,0,0,0,0,0,0,0,,0,0,0,87,0,0,87,108.75,0,0,0,0,K042A,2018.0,562,DBE004,K042A,0.8,0.16346153846153846,104,2018,130,,0,0,,0,0,,0,0,,0,0,,0,0,,0,0,,0,0,,0,0,,0,0,,0,0,,0,0,,0,0,,0,0,,0,0,,0,0,,0,0,,0,0,,0,0,,0,0,,0,0,,0,0,2.36734693877551,490,1.16,2.4975024975024978,1218,3.041958041958042,-0.13015555872698759,-728,-1.8819580419580422,3.565891472868217,516,1.84,3.4965034965034967,1566,5.475524475524476,0.0693879763647205,-1050,-3.635524475524476,3.6082474226804124,582,2.1,4.370629370629371,1392,6.083916083916084,-0.7623819479489584,-810,-3.983916083916084,4.534883720930233,430,1.95,6.118881118881119,1392,8.517482517482518,-1.5839973979508866,-962,-6.567482517482518,6.407155133999618,515.0491803278688,3.3,8.391608391608392,1305,10.951048951048952,-1.9844532576087737,-789.9508196721312,-7.651048951048952
H038A,2011,563,DBE,DBE,DBE04,DBE004,H 38,H038A,2011,Socfindo,28.799999999999997,,28.799999999999997,0,0,0,2.15011647437,0,30.95011647437,0,0,0,2775,0,0,175,37,0,0,0,0,2987,103.71527777777779,0,0,0,0,0,0,0,307,0,0,0,0,,0,0,0,2775,519,0,3294,114.37500000000001,35,9,44,0.013357619914996965,H038A,2011.0,569,DBE005,H038A,28.799999999999997,0.1575591985428051,3294,2011,114.37500000000001,2.871289531973694,11060,31.756462223629057,2.4975024975024973,38850,97.02797202797203,0.37378703447119666,-27790,-65.27150980434297,4.901385098960312,28951,141.9,3.4965034965034962,49950,174.65034965034965,1.404881602456816,-20999,-32.75034965034965,5.788695583304733,37879,219.27,4.37062937062937,44400,194.05594405594405,1.4180662126753631,-6521,25.214055944055957,6.4206839627902825,44827,287.82,5.929502727795151,46850,277.79720279720283,0.4911812349951319,-2023,10.022797202797165,8.04553423140801,43352,348.79,7.983758894495654,45293,361.6083916083916,0.06177533691235482,-1941,-12.818391608391607,8.388038465312531,40764,341.93,10.89174555475718,42316,460.89510489510485,-2.5037070894446494,-1552,-118.96510489510484,8.990842369743454,30248,271.955,12.791956314392781,39467,504.8601398601399,-3.8011139446493267,-9219,-232.9051398601399,8.451027146001467,32712,276.45,13.987737486381954,36517,510.7902097902098,-5.536710340380488,-3805,-234.34020979020983,8.363043699704594,29451,246.3,14.833365961024011,34917.5,517.9440559440559,-6.470322261319417,-5466.5,-271.6440559440559,9.29777036882684,33593,312.34,15.65776201108454,33318,521.6853146853147,-6.3599916422577,275,-209.3453146853147,8.027986104347262,30801,247.27,16.46366622642298,31718.5,522.2027972027972,-8.435680122075718,-917.5,-274.93279720279725,9.885460972011982,28755.361111111113,284.26,18.120087345251303,28819,522.2027972027972,-8.23462637323932,-63.63888888888687,-237.94279720279724
H039A,2010,564,DBE,DBE,DBE04,DBE004,H 39,H039A,2010,Socfindo,31.400000000000002,,31.400000000000002,0,0,0,2.3691330115,0,33.7691330115,0,0,1102,1442,0,288,320,22,326,0,0,0,3500,111.46496815286623,0,0,0,0,0,0,0,352,0,0,0,0,,0,0,0,1102,2750,0,3852,122.67515923566879,25,3,28,0.007268951194184839,H039A,2010.0,563,DBE005,H039A,31.400000000000002,0.7139148494288682,3852,2010,122.67515923566879,2.6855188478677863,13902,37.334083023057964,2.9926100283885617,40024,119.77622377622379,-0.30709118052077544,-26122,-82.44214075316583,4.645753899480069,28850,134.03,3.8501005280852945,43588,167.8181818181818,0.7956533713947747,-14738,-33.78818181818181,5.802496075021877,36231,210.23023529411765,4.890853066818733,44736,218.79720279720283,0.9116430082031446,-8505,-8.56696750308518,6.882506672597865,35968,247.55,6.276190419412927,49266,309.2027972027972,0.6063162531849375,-13298,-61.65279720279722,7.4439690796830185,41138,306.23,8.375669246327478,47734,399.80419580419584,-0.9317001666444593,-6596,-93.57419580419582,8.674336484793256,43895,380.76,9.91715897614032,49202,487.94405594405595,-1.242822491347063,-5307,-107.18405594405596,10.088373919874313,35644,359.59,11.219643258274377,47630,534.3916083916085,-1.131269338400065,-11986,-174.80160839160857,8.962358631134126,40939,366.91,12.535946375547972,44377,556.3076923076924,-3.573587744413846,-3438,-189.39769230769235,8.349380622539016,34793,290.5,13.684726103796148,42475,581.2587412587413,-5.335345481257132,-7682,-290.75874125874134,9.696571117561684,44096,427.58,14.799174537788595,40247,595.6223776223776,-5.102603420226911,3849,-168.04237762237761,8.04820336003786,59166,476.18,16.147204916746553,37612,607.3286713286712,-8.099001556708693,21554,-131.14867132867124,8.911076047808455,55617.30113636364,495.61,17.613333071770985,33865,596.4755244755245,-8.70225702396253,21752.30113636364,-100.86552447552447
H040A,2010,565,DBE,DBE,DBE04,DBE004,H 40,H040A,2010,Socfindo,27.1,,27.1,0,0,0,1.95219729714,0,29.05219729714,0,0,1632,0,957,24,0,17,306,0,0,0,2936,108.33948339483395,0,0,0,0,0,0,0,0,0,0,0,0,,0,0,0,1632,1304,0,2936,108.33948339483395,18,5,23,0.007833787465940054,H040A,2010.0,564,DBE005,H040A,27.1,0.46701502286087526,3062,2010,112.98892988929889,3.0775541953730277,15451,47.55128987270865,3.4965034965034976,29376,102.71328671328673,-0.4189493011304699,-13925,-55.161996840578084,4.8940480531583,24681,120.79,3.7354445099319813,39510,147.5874125874126,1.1586035432263184,-14829,-26.79741258741258,6.114792380534811,24686,150.94976470588236,5.056696291756053,43674,220.84615384615384,1.0580960887787585,-18988,-69.89638914027148,7.311724393406187,26995,197.38,6.808376587612865,40224,273.8601398601399,0.5033478057933216,-13229,-76.4801398601399,6.996762521424491,31506,220.44,9.242807112953056,38782,358.45454545454544,-2.246044591528565,-7276,-138.01454545454544,8.225039236991428,41415,340.64,10.35627339733888,40545,419.8951048951049,-2.131234160347452,870,-79.25510489510492,9.272223979753242,31610,293.095,11.82726582757256,39122,462.70629370629376,-2.555041847819318,-7512,-169.61129370629374,9.500045395393881,33043,313.91,13.062006769957634,36713,479.54545454545456,-3.5619613745637526,-3670,-165.63545454545454,9.281449178128145,29810,276.68,14.009458262875269,34899,488.916083916084,-4.728009084747123,-5089,-212.236083916084,10.517558402411455,33175,348.92,14.976168685858232,33257.5,498.06993006993014,-4.458610283446777,-82.5,-149.14993006993012,9.205544907978682,38089,350.63,16.519764799655754,30812,509.006993006993,-7.314219891677071,7277,-158.37699300699302,11.094309912291267,32398.590163934423,359.44,17.80227358710508,27550.5,490.4615384615385,-6.707963674813813,4848.090163934423,-131.0215384615385
H041A,2010,566,DBE,DBE,DBE04,DBE004,H 41,H041A,2010,Socfindo,28.3,,28.3,0,0,0,1.09792403743,0,29.397924037430002,0,0,885,0,634,0,371,21,1042,0,0,0,2953,104.34628975265018,0,0,0,0,0,0,0,0,0,0,0,0,,0,0,0,885,2068,0,2953,104.34628975265018,8,2,10,0.0033863867253640365,H041A,2010.0,565,DBE005,H041A,28.3,0.7304294852269266,3283,2010,116.00706713780919,3.0906807425127973,12990,40.14794284524124,3.4965034965034967,15930,55.6993006993007,-0.40582275399069934,-2940,-15.55135785405946,4.965813276099954,32615,161.96,3.6488949494679663,23036,84.05594405594407,1.316918326631988,9579,77.90405594405594,6.424611669136616,18219,117.05,4.948594343244743,25572,126.54545454545456,1.4760173258918732,-7353,-9.495454545454564,6.267315448009819,22812,142.97,5.896141393992021,28613,168.7062937062937,0.3711740540177981,-5801,-25.736293706293708,7.154295882053889,39340,281.45,7.744069121416102,29506,228.4965034965035,-0.5897732393622128,9834,52.953496503496496,8.197004210671636,43461,356.25,7.114625956623239,41917,298.22377622377627,1.0823782540483977,1544,58.02622377622373,8.893551035300556,32889,292.5,8.086940460491805,44524,360.0629370629371,0.8066105748087509,-11635,-67.56293706293712,9.144625929303817,36183,330.88,9.445186758109855,40992.5,387.18181818181824,-0.30056082880603796,-4809.5,-56.30181818181825,8.617141461329425,32751,282.22,10.876634750736564,39524,429.88811188811195,-2.259493289407139,-6773,-147.66811188811192,8.820078730028044,38867,342.81,12.455178525817816,37330.5,464.95804195804203,-3.635099795789772,1536.5,-122.14804195804203,8.418253028508971,54895,462.12,14.460081992399797,34694.5,501.6853146853148,-6.041828963890826,20200.5,-39.565314685314775,10.424118757599539,42644.37218502739,444.53,15.84457081839281,31801.5,503.88111888111894,-5.420452060793272,10842.872185027387,-59.351118881118964
I038A,2010,569,DBE,DBE,DBE04,DBE004,I 38,I038A,2010,Socfindo,29,,29,0,0,0,1.45237305239,0,30.45237305239,0,0,920,1452,212,137,234,430,0,0,0,0,3385,116.72413793103448,0,0,0,0,0,0,0,0,0,0,0,0,,0,0,0,920,2465,0,3385,116.72413793103448,60,13,73,0.02156573116691285,I038A,2010.0,566,DBE005,I038A,29,0.7282127031019202,3385,2010,116.72413793103448,3.613904664149271,15331,55.404772406072475,2.945980499656492,36888,108.67132867132867,0.6679241644927791,-21557,-53.26655626525619,5.146261634448194,39108,201.26,3.7224549820387716,43824,163.13286713286712,1.4238066524094228,-4716,38.12713286713287,5.979884313217647,46332,277.06,4.801109251047447,43686,209.74125874125875,1.1787750621701996,2646,67.31874125874126,6.0393201727826895,49542,299.2,6.272742117303048,46166,289.58741258741253,-0.2334219445203587,3376,9.612587412587459,7.348112456041501,51469,378.2,7.743069198018084,50476,390.8391608391608,-0.3949567419765829,993,-12.639160839160809,8.348751339976973,50374,420.56,9.724525840430122,49144,477.9020979020979,-1.375774500453149,1230,-57.34209790209792,9.293180803833595,42571,395.62,11.390974979851919,45563,519.006993006993,-2.097794176018324,-2992,-123.38699300699295,9.751498061332393,39718,387.31,12.662200806530704,43068,545.3356643356643,-2.9107027451983107,-3350,-158.02566433566432,8.964875364195532,37068,332.31,13.884889242739938,40869,567.4615384615385,-4.920013878544406,-3801,-235.15153846153845,8.45324807317693,47228,399.23,15.106489343130564,38776,585.7692307692307,-6.653241269953634,8452,-186.5392307692307,7.972807065765122,54573,435.1,16.306386255272354,36291.5,591.7832167832167,-8.333579189507233,18281.5,-156.68321678321672,10.78666179271281,41413.18311303556,446.71,17.683306369237087,32738,578.9160839160838,-6.896644576524277,8675.183113035557,-132.20608391608386
I037A,2011,567,DBE,DBE,DBE04,DBE004,I 37A,I037A,2011,Socfindo,25.1,,25.1,0,0,0,1.58411512367,0,26.68411512367,0,0,0,2583,66,38,190,34,0,0,0,0,2911,115.97609561752988,0,0,0,0,0,0,0,0,0,0,0,0,,0,0,0,2583,328,0,2911,115.97609561752988,21,9,30,0.010305736860185504,I037A,2011.0,570,DBE005,I037A,25.1,0.11267605633802816,2911,2011,115.97609561752988,2.607862355477002,29149,76.01657979979913,2.4975024975024978,36162,90.31468531468532,0.1103598579745042,-7013,-14.298105514886188,3.9091470951792338,55012,215.05,3.4770366922714144,47418,164.87412587412592,0.4321104029078193,7594,50.17587412587409,5.113201060799528,40724,208.23,4.323357371118011,43048,186.11188811188813,0.7898436896815175,-2324,22.118111888111855,6.00296526748171,41143,246.98,5.828627285940092,45728,266.53146853146853,0.17433798154161817,-4585,-19.551468531468544,7.3137486358270785,44899,328.38,7.841069888242895,44305,347.3986013986015,-0.5273212524158168,594,-19.018601398601504,8.150518784271357,49057,399.84,10.695018301509176,41412,442.90209790209803,-2.544499517237819,7645,-43.06209790209806,8.955540983606557,38125,341.43,12.622579324599661,38657,487.9510489510491,-3.6670383409931038,-532,-146.52104895104907,9.821897262842144,32004,314.34,13.875587799567677,35780,496.46853146853147,-4.053690536725533,-3776,-182.1285314685315,9.276632302405499,29100,269.95,14.771282785509744,34160.5,504.5944055944056,-5.494650483104245,-5060.5,-234.6444055944056,9.238416350933296,28769,265.78,15.608784903314284,32574,508.44055944055947,-6.370368552380988,-3805,-242.6605594405595,7.448271608745259,32429,241.54,16.413206389501685,31006.5,508.91608391608395,-8.964934780756426,1422.5,-267.376083916084,8.938705965077103,31596.296052631576,282.43,18.019512575589413,28242.5,508.91608391608395,-9.08080661051231,3353.7960526315765,-226.48608391608394
I037B,2015,568,DBE,DBE,DBE04,DBE004,I 37B,I037B,2015,Topaz,0.4,,0.4,6.3,0,0,0,0,6.7,0,0,0,0,0,0,0,47,0,0,0,0,47,117.5,0,0,0,0,0,0,0,0,0,0,0,0,,0,0,0,47,0,0,47,117.5,0,0,0,0,I037B,2015.0,583,DBE005,I037B,0.4,0.09615384615384616,52,2015,130,,0,0,,0,0,,0,0,,0,0,,0,0,,0,0,,0,0,,0,0,,0,0,,0,0,,0,0,,0,0,2.0714285714285716,140,0.29,2.4975024975024978,658,1.6433566433566433,-0.42607392607392613,-518,-1.3533566433566433,2.695829094608342,983,2.65,3.496503496503497,846,2.9580419580419584,-0.8006744018951553,137,-0.30804195804195844,3.0173775671406005,633,1.91,4.370629370629371,752,3.2867132867132867,-1.3532518034887704,-119,-1.3767132867132867,4.539007092198582,564,2.56,6.118881118881117,752,4.601398601398601,-1.5798740266825355,-188,-2.0413986013986007,3.9696312364425164,461,1.83,8.391608391608393,705,5.916083916083917,-4.421977155165877,-244,-4.086083916083917,4.504249291784703,353,1.59,11.48851148851149,658,7.55944055944056,-6.984262196726787,-305,-5.96944055944056,3.5904255319148937,376,1.35,13.448090371167295,611,8.216783216783217,-9.8576648392524,-235,-6.866783216783217,8.762535293544934,410.8399999999999,3.6,14.568764568764568,564,8.216783216783217,-5.806229275219634,-153.16000000000008,-4.616783216783217
E036A,2012,620,DBE,DBE,DBE05,DBE005,E 36A,E036A,2012,Topaz,30.5,,30.5,0,0,0,2.59531780659,0,33.09531780659,0,0,0,0,456,1996,934,0,0,0,0,0,3386,111.01639344262296,0,0,0,0,0,0,0,0,0,0,0,0,,0,0,0,456,2930,0,3386,111.01639344262296,28,7,35,0.010336680448907265,E036A,2012.0,589,DBE006,E036A,30.5,0.8729451100585122,3589,2012,117.67213114754098,,0,0,,0,0,,0,0,3.7863029269678887,17595,66.62,2.4975024975024978,6384,15.944055944055945,1.288800429465391,11211,50.67594405594406,4.023382112951122,37379,150.39,2.7243170637726952,36152,98.48951048951048,1.2990650491784268,1227,51.90048951048951,5.596568873477209,43834,245.32,3.37775900830963,56300,190.1678321678322,2.218809865167579,-12466,55.152167832167805,6.677884150469007,51705,345.28,4.336003729337539,56044,243.006993006993,2.341880421131468,-4339,102.27300699300696,7.985670922239086,44804,357.79,5.921926175090733,53720,318.1258741258742,2.0637447471483528,-8916,39.66412587412583,8.31120817979941,40979,340.585,8.11476890122439,51268,416.02797202797206,0.19643927857501886,-10289,-75.44297202797208,9.245203192535504,43727,404.265,10.824979706814217,47882,518.3216783216783,-1.5797765142787128,-4155,-114.0566783216783,8.591885840323497,29923,257.095,13.010048204222963,44496,578.895104895105,-4.418162363899466,-14573,-321.80010489510494,9.284089734312003,38692,359.22,14.319948762834246,41338,591.958041958042,-5.035859028522243,-2646,-232.738041958042,10.484236817289803,39237,411.37,15.109450251621881,39178,591.958041958042,-4.625213434332078,59,-180.58804195804203,10.684060110704632,40014.75053211811,427.52,15.791864531360332,37485,591.958041958042,-5.1078044206557,2529.750532118109,-164.43804195804205
C038A,2013,607,DBE,DBE,DBE05,DBE005,C 38,C038A,2013,Topaz,24.5,,24.5,0,0,0,1.11107044859,0,25.61107044859,0,0,0,0,0,1708,1082,0,0,0,0,0,2790,113.87755102040816,0,0,0,0,0,251,0,69,0,0,0,0,,0,0,0,1708,1402,0,3110,126.93877551020408,6,0,6,0.0019292604501607716,C038A,2013.0,592,DBE006,C038A,24.5,0.4508038585209003,3110,2013,126.93877551020408,,0,0,,0,0,,0,0,,0,0,,0,0,,0,0,,0,0,2.4975024975024978,23912,59.72027972027972,,-23912,-59.72027972027972,4.94400735082984,17413,86.09,3.1667539294140883,45892,145.32867132867133,1.7772534214157516,-28479,-59.23867132867133,5.652476453192177,40239,227.45,4.006889614957302,46804,187.53846153846155,1.645586838234875,-6565,39.91153846153844,5.823628562672387,52208,304.04,5.440885279594958,44640,242.88111888111888,0.38274328307742955,7568,61.15888111888114,7.428929018415877,50337,373.95,7.475148535429909,42932,320.9230769230769,-0.04621951701403226,7405,53.02692307692308,8.460278673182906,38468,325.45,10.236388094990057,40142,410.9090909090909,-1.776109421807151,-1674,-85.45909090909089,9.054228534538412,40274,364.65,12.653388590420075,37352,472.6293706293706,-3.599160055881663,2922,-107.97937062937064,8.422935404742436,48920,412.05,14.112673970321097,34562,487.76223776223776,-5.689738565578661,14358,-75.71223776223775,10.565065936800199,40190,424.61,14.950108433833071,32626,487.76223776223776,-4.385042497032872,7564,-63.152237762237746,11.26673626931273,43622.39323366893,491.482,14.290932840364414,34745,496.53846153846155,-3.024196571051684,8877.393233668932,-5.0564615384615195
J044D,0,593,DBE,DBE,DBE04,DBE004,J 44C,J044D,0,0,0,,0,0,0,0,0,1.2,1.2,0,0,0,0,0,0,0,0,0,0,0,0,0,0,0,0,0,0,0,0,0,0,0,0,0,0,,0,0,0,0,0,0,0,0,0,0,0,0,,,,,,,,,,,,,,,,,,,,,,,,,,,,,,,,,,,,,,,,,,,,,,,,,,,,,,,,,,,,,,,,,,,,,,,,,,,,,,,,,,,,,,,,,,,,,,,,,,,,,,,,,,,,,,,,,,,,,,
D035A,2013,609,DBE,DBE,DBE05,DBE005,D 35,D035A,2013,Topaz,24.1,,24.1,0,0,0,2.0755248281900003,0,26.175524828190003,0,0,0,0,0,2112,595,0,0,0,0,0,2707,112.32365145228215,0,0,0,336,0,0,0,0,0,0,0,0,,0,0,0,2112,931,0,3043,126.2655601659751,17,2,19,0.006243838317449885,D035A,2013.0,593,DBE006,D035A,24.1,0.3059480775550444,3043,2013,126.2655601659751,,0,0,,0,0,,0,0,,0,0,,0,0,,0,0,3.420376024425518,24892,85.14,2.4975024975024978,29568,73.84615384615385,0.9228735269230204,-4676,11.293846153846147,4.801739683886709,47135,226.33,3.316948015519629,46346,153.72727272727275,1.4847916683670794,789,72.60272727272726,5.612328740947395,52333,293.71,4.16025931733091,44502,185.13986013986016,1.4520694236164848,7831,108.57013986013982,6.97325644858926,42141,293.86,5.734614480458588,43312,248.37762237762237,1.238641968130672,-1171,45.48237762237764,7.368853684053206,40146,295.83,7.866453934415101,41200,324.09790209790214,-0.49760025036189504,-1054,-28.26790209790215,8.703736341205499,34044,296.31,10.770462488956762,38493,414.58741258741264,-2.066726147751263,-4449,-118.27741258741264,9.860717888639396,30729,303.01,12.991954114180684,35786,464.93006993007,-3.131236225541288,-5057,-161.92006993006999,8.81634006940192,39192,345.53,14.306712665187833,33079,473.2517482517483,-5.490372595785914,6113,-127.72174825174835,9.275712454393059,40564,376.26,13.423004538912876,36132,485.00000000000006,-4.147292084519817,4432,-108.74000000000007,9.45075232220727,41869.68259343636,395.7,13.68672161114545,36122.5,494.3986013986015,-4.235969288938179,5747.182593436359,-98.69860139860151
D036A,2013,610,DBE,DBE,DBE05,DBE005,D 36,D036A,2013,Topaz/Lonsum,32.8,,32.8,0,0,0,2.08369076035,0,34.88369076035,0,0,0,0,0,1707,1396,87,0,0,764,0,3954,120.54878048780489,0,0,0,0,0,0,0,0,0,0,0,0,,0,0,0,1707,2247,0,3954,120.54878048780489,5,0,5,0.0012645422357106728,D036A,2013.0,594,DBE006,D036A,32.8,0.5884763741562198,4148,2013,126.46341463414635,,0,0,,0,0,,0,0,3.117359413202934,25358,79.05,,0,0,,25358,79.05,3.3804390180542927,38495,130.13,2.4975024975024973,23898,59.68531468531468,0.8829365205517954,14597,70.44468531468532,4.487499083510522,54556,244.82,3.1081113038542916,50270,156.24475524475525,1.3793877796562302,4286,88.57524475524474,5.971392429697382,51385,306.84,3.9187581958464213,53658,210.27272727272725,2.052634233850961,-2273,96.56727272727272,7.207852403889849,55015,396.54,5.276228828382537,51214,270.21678321678326,1.9316235755073112,3801,126.32321678321676,7.6729024308278255,44635,342.48,7.249151229853803,49333,357.62237762237766,0.4237512009740225,-4698,-15.142377622377637,9.07211629224089,42376,384.44,8.528677519999587,56926,485.5034965034965,0.5434387722413039,-14550,-101.06349650349648,8.477049846225265,34466,292.17,10.247799108906305,56792,581.9930069930069,-1.77074926268104,-22326,-289.8230069930069,7.959914712153518,46900,373.32,11.712219109384682,52074,609.9020979020979,-3.752304397231164,-5174,-236.58209790209793,9.205106611032424,52246,480.93,12.716552108359092,49737.5,632.4895104895104,-3.511445497326669,2508.5,-151.5595104895104,8.94728115579418,57414.08938148015,513.7,13.81346022731889,47335,653.8601398601397,-4.86617907152471,10079.089381480153,-140.16013986013968
D037A,2013,611,DBE,DBE,DBE05,DBE005,D 37,D037A,2013,Topaz,31.6,,31.6,0,0,0,2.07097974829,0,33.67097974829,0,0,0,0,0,3153,820,0,0,0,0,0,3973,125.72784810126582,0,0,0,0,0,61,0,0,0,0,0,0,,0,0,0,3153,881,0,4034,127.65822784810126,6,0,6,0.001487357461576599,D037A,2013.0,595,DBE006,D037A,31.6,0.21839365394149726,4034,2013,127.65822784810126,,0,0,,0,0,,0,0,,0,0,,0,0,,0,0,2.7410885278309753,16187,44.37,2.4975024975024978,44142,110.24475524475525,0.2435860303284776,-27955,-65.87475524475525,4.412311855234229,59130,260.9,3.328427002841518,68234,227.11188811188813,1.083884852392711,-9104,33.78811188811184,5.587855938089096,70553,394.24,4.172768710862197,65208,272.09790209790214,1.4150872272268993,5345,122.14209790209787,6.928132744316345,55686,385.8,5.758053926943935,63568,366.02797202797206,1.17007881737241,-7882,19.772027972027956,6.638399740322973,49292,327.22,7.898052456523036,60415,477.1608391608392,-1.2596527162000628,-11123,-149.94083916083918,7.683870305766468,48730,374.435,10.813625621747235,56442,610.3426573426574,-3.129755315980767,-7712,-235.9076573426574,8.341597929416318,41341,344.85,13.019342623489834,52469,683.1118881118881,-4.677744694073516,-11128,-338.2618881118881,7.962110753183003,52152,415.24,14.322426995637159,48496,694.5804195804196,-6.3603162424541555,3656,-279.3404195804196,8.730756765516125,49368,431.02,15.066983797664175,46099.5,694.5804195804196,-6.3362270321480505,3268.5,-263.56041958041965,9.696743947637016,50444.76812437645,489.15,15.493879660935503,44967,696.7132867132867,-5.797135713298488,5477.768124376453,-207.56328671328674
D038A,2013,612,DBE,DBE,DBE05,DBE005,D 38,D038A,2013,Topaz/Lonsum,32.1,,32.1,0,0,0,2.28025589242,0,34.38025589242,0,0,0,0,0,1798,1106,156,0,0,180,0,3240,100.93457943925233,0,0,0,0,0,0,0,0,0,0,0,0,,0,0,0,1798,1442,0,3240,100.93457943925233,4,0,4,0.0012345679012345679,D038A,2013.0,596,DBE006,D038A,32.1,0.47641234711706465,3434,2013,106.97819314641744,,0,0,,0,0,,0,0,,0,0,,0,0,,0,0,,0,0,2.4975024975024978,25172,62.867132867132874,,-25172,-62.867132867132874,4.949296357615894,19328,95.66,3.173218689018723,47848,151.83216783216784,1.7760776685971709,-28520,-56.172167832167844,5.52772266313933,36288,200.59,3.9480378056862526,50860,200.7972027972028,1.5796848574530773,-14572,-0.20720279720279677,7.252338719475155,41155,298.47,5.341549179834616,49272,263.1888111888112,1.9107895396405388,-8117,35.28118881118883,8.456095992192871,45087,381.26,7.3260355691126255,47162,345.5104895104896,1.1300604230802458,-2075,35.749510489510385,8.318471337579618,41605,346.09,9.619308819787676,46778,449.97202797202794,-1.300837482208058,-5173,-103.88202797202797,8.362641059359614,32699,273.45,11.773455402781655,44438,523.1888111888112,-3.4108143434220413,-11739,-249.7388111888112,7.740207769109503,49478,382.97,13.295885449574076,41018,545.3706293706294,-5.555677680464573,8460,-162.40062937062942,8.597747093023257,55040,473.22,14.221051871925589,38857,552.5874125874126,-5.623304778902332,16183,-79.36741258741256,9.471471020194942,58477.71680017242,553.87,15.042822240210892,37069,557.6223776223776,-5.57135122001595,21408.71680017242,-3.752377622377594
D039A,2013,613,DBE,DBE,DBE05,DBE005,D 39,D039A,2013,Topaz/Lonsum,27.5,,27.5,0,0,0,2,0,29.5,0,0,0,0,0,1069,239,0,0,0,1054,0,2362,85.89090909090909,0,0,0,456,0,547,0,157,0,0,0,27,,0,0,0,1069,2453,27,3549,129.05454545454546,4,0,4,0.0011270780501549732,D039A,2013.0,597,DBE006,D039A,27.5,0.6987883910960834,3549,2013,129.05454545454546,,0,0,,0,0,,0,0,,0,0,,0,0,,0,0,,0,0,2.497502497502497,14966,37.37762237762237,,-14966,-37.37762237762237,3.598676527831841,5138,18.49,3.348519728898691,22588,75.63636363636363,0.2501567989331499,-17450,-57.14636363636363,3.577062322213602,15468,55.33,4.19495481627594,21406,89.79720279720279,-0.617892494062338,-5938,-34.46720279720279,6.1188013623722775,32003,195.82,5.799437565492612,20928,121.37062937062937,0.31936379687966543,11075,74.44937062937062,7.944709079751015,34219,271.86,7.953977640265971,19859,157.95804195804192,-0.009268560514955837,14360,113.9019580419581,9.831200538811247,23756,233.55,7.171889568983273,33307,238.87412587412587,2.659310969827974,-9551,-5.324125874125855,8.608140171564154,27395,235.82,8.053688683262063,36215,291.6643356643356,0.5544514883020906,-8820,-55.84433566433563,7.352085354025219,41240,303.2,9.219111020995223,32799,302.37762237762234,-1.8670256669700045,8441,0.822377622377644,8.599630787778322,53086,456.52,9.055160723367807,38409.5,347.8041958041958,-0.4555299355894853,14676.5,108.7158041958042,8.655578390200647,59440.279644682814,514.49,8.859610730408741,46183.5,409.1678321678321,-0.20403234020809435,13256.779644682814,105.3221678321679
E035A,2013,619,DBE,DBE,DBE05,DBE005,E 35,E035A,2013,Topaz/Lonsum,28.6,,28.6,0,0,0,1.7,0,30.3,0,0,0,0,0,2446,0,0,0,0,152,0,2598,90.83916083916084,0,0,0,833,0,0,0,0,0,0,0,0,,0,0,0,2446,985,0,3431,119.96503496503496,9,1,10,0.002914602156805596,E035A,2013.0,598,DBE006,E035A,28.6,0.2870883124453512,3431,2013,119.96503496503496,,0,0,,0,0,,0,0,2.689564068692206,7570,20.36,,0,0,,7570,20.36,3.2317617359818445,39217,126.74,2.4975024975024978,34244,85.52447552447553,0.7342592384793467,4973,41.21552447552446,4.821383114128129,47140,227.28,3.4965034965034967,44028,153.94405594405595,1.3248796176246325,3112,73.33594405594405,7.00638115106148,48894,342.57,4.370629370629371,39136,171.04895104895107,2.635751780432109,9758,171.52104895104893,7.540194366071029,44658,336.73,6.118881118881118,39136,239.46853146853144,1.4213132471899108,5522,97.26146853146858,7.585829780165015,36118,273.985,8.391608391608392,36690,307.8881118881119,-0.8057786114433769,-572,-33.90311188811188,9.748087148229802,30844,300.67,10.96247862991512,36372,398.72727272727275,-1.2143914816853183,-5528,-98.05727272727273,8.836219131422084,28184,249.04,12.659663264863935,34534,437.18881118881114,-3.8234441334418516,-6350,-188.14881118881115,7.866000270160746,37015,291.16,13.78843909677033,31784,438.2517482517482,-5.922438826609585,5231,-147.0917482517482,8.690079671720536,37529,326.13,11.169963541893532,42223,471.6293706293706,-2.479883870172996,-4694,-145.49937062937062,9.144733578256929,42815.9001735107,391.54,11.29881888143545,44180,499.1818181818182,-2.1540853031785208,-1364.0998264892987,-107.64181818181817
K041C,0,603,DBE,DBE,DBE04,DBE004,K 41B,K041C,0,0,0,,0,0,0,0,0.4,4.4,4.800000000000001,0,0,0,0,0,0,0,0,0,0,0,0,0,0,0,0,0,0,0,0,0,0,0,0,0,0,,0,0,0,0,0,0,0,0,0,0,0,0,,,,,,,,,,,,,,,,,,,,,,,,,,,,,,,,,,,,,,,,,,,,,,,,,,,,,,,,,,,,,,,,,,,,,,,,,,,,,,,,,,,,,,,,,,,,,,,,,,,,,,,,,,,,,,,,,,,,,,
E036B,2015,621,DBE,DBE,DBE05,DBE005,E 36B,E036B,2015,Topaz,0.7,,0.7,0,0,0,0,0,0.7,0,0,0,0,0,0,0,87,0,0,0,0,87,124.28571428571429,0,0,0,6,0,0,0,0,0,0,0,0,,0,0,0,87,6,0,93,132.85714285714286,0,0,0,0,E036B,2015.0,604,DBE006,E036B,0.7,0.06451612903225806,93,2015,132.85714285714286,,0,0,,0,0,,0,0,,0,0,,0,0,,0,0,,0,0,,0,0,,0,0,,0,0,,0,0,,0,0,2.535211267605634,142,0.36,2.4975024975024973,1218,3.0419580419580416,0.03770877010313667,-1076,-2.6819580419580418,3.1369150779896016,1154,3.62,3.4965034965034962,1566,5.475524475524475,-0.35958841851389467,-412,-1.8555244755244749,4.742063492063492,504,2.39,4.37062937062937,1392,6.083916083916083,0.37143412143412213,-888,-3.693916083916083,5.152671755725191,1048,5.4,6.118881118881118,1392,8.517482517482517,-0.9662093631559276,-344,-3.1174825174825163,9.125799573560768,469,4.28,8.39160839160839,1305,10.95104895104895,0.7341911819523776,-836,-6.67104895104895,13.16546762589928,417,5.49,11.488511488511488,1218,13.993006993006993,1.6769561373877924,-801,-8.503006993006993,9.026963657678781,853,7.7,12.691012691012693,1215,15.419580419580422,-3.664049033333912,-362,-7.719580419580422,9.159995416073212,881.0048076923077,8.07,13.530740093240095,1152,15.58741258741259,-4.370744677166883,-270.99519230769226,-7.51741258741259
C036A,0,605,DBE,DBE,DBE05,DBE005,C 36,C036A,0,0,0,,0,0,0,0,0.971820763331,9.4,10.371820763331,0,0,0,0,0,0,0,0,0,0,0,0,0,0,0,0,0,0,0,0,0,0,0,0,0,0,,0,0,0,0,0,0,0,0,0,0,0,0,,,,,,,,,,,,,,,,,,,,,,,,,,,,,,,,,,,,,,,,,,,,,,,,,,,,,,,,,,,,,,,,,,,,,,,,,,,,,,,,,,,,,,,,,,,,,,,,,,,,,,,,,,,,,,,,,,,,,,
C037A,0,606,DBE,DBE,DBE05,DBE005,C 37,C037A,0,0,0,,0,0,0,0,2.3941153582,21.714116198000177,24.108231556200177,0,0,0,0,0,0,0,0,0,0,0,0,0,0,0,0,0,0,0,0,0,0,0,0,0,0,,0,0,0,0,0,0,0,0,0,0,0,0,,,,,,,,,,,,,,,,,,,,,,,,,,,,,,,,,,,,,,,,,,,,,,,,,,,,,,,,,,,,,,,,,,,,,,,,,,,,,,,,,,,,,,,,,,,,,,,,,,,,,,,,,,,,,,,,,,,,,,
C039A,2016,608,DBE,DBE,DBE05,DBE005,C 39,C039A,2016,Topaz,17.700000000000003,,17.700000000000003,0,0,0,0.996854062455,0,18.696854062455003,0,0,0,0,0,0,0,0,1287,210,0,0,1497,84.57627118644066,0,0,0,582,0,0,0,0,0,0,0,0,,0,0,0,1287,792,0,2079,117.45762711864406,0,0,0,0,C039A,2016.0,606,DBE006,C039A,17.700000000000003,0.44067796610169496,2301,2016,129.99999999999997,,0,0,,0,0,,0,0,,0,0,,0,0,,0,0,,0,0,,0,0,,0,0,,0,0,,0,0,,0,0,,0,0,,0,0,,0,0,3.4485467399842893,2546,8.78,2.497502497502497,18018,44.999999999999986,0.9510442424817924,-15472,-36.219999999999985,4.264487369985141,11441,48.79,3.3839982127732067,26106,88.34265734265733,0.8804891572119344,-14665,-39.552657342657334,3.886095661846496,22475,87.34,4.235055933726538,24372,103.21678321678318,-0.348960271880042,-1897,-15.876783216783181,7.922784408999683,18934,150.01,5.873635382653418,23952,140.68531468531467,2.0491490263462655,-5018,9.324685314685325,7.490159759203519,17276,129.4,8.054685222124004,22665,182.55944055944053,-0.5645254629204848,-5389,-53.159440559440526,9.24772428007099,17467,161.53,8.65681596340622,29316,253.78321678321674,0.5909083166647697,-11849,-92.25321678321674,9.257465572689084,18685.459712679574,172.98,9.79883883655403,30147,295.40559440559434,-0.541373263864946,-11461.540287320426,-122.42559440559435
D040A,2016,614,DBE,DBE,DBE05,DBE005,D 40,D040A,2016,Topaz,21.7,,21.7,0,0,0,1.7217,0,23.421699999999998,0,0,0,0,0,0,0,0,1551,358,0,0,1909,87.97235023041475,0,0,0,757,0,0,0,0,0,0,0,10,,0,0,0,1551,1115,10,2676,123.31797235023042,0,0,0,0,D040A,2016.0,607,DBE006,D040A,21.7,0.4501949663239986,2821,2016,130,,0,0,,0,0,,0,0,,0,0,,0,0,,0,0,,0,0,,0,0,,0,0,,0,0,,0,0,,0,0,,0,0,,0,0,,0,0,3.459504592262733,7186,24.86,2.4975024975024978,21714,54.23076923076923,0.9620020947602352,-14528,-29.370769230769234,5.47530095475301,21681,118.71,3.344453906251659,32930,110.13286713286713,2.1308470485013506,-11249,8.57713286713286,5.797297297297297,25160,145.86,4.190435284485188,31260,130.993006993007,1.6068620128121092,-6100,14.866993006993027,7.591856757419671,20385,154.76,5.7910266789261025,30544,176.88111888111885,1.8008300784935685,-10159,-22.12111888111886,6.661423515532835,27973,186.34,7.94259718827718,28993,230.27972027972027,-1.2811736727443446,-1020,-43.93972027972026,8.53589131632091,21788,185.98,8.518470542779228,37682,320.99300699300693,0.01742077354168181,-15894,-135.01300699300694,10.078457901704843,23846.90220905172,240.34,9.700204179727903,38801,376.37762237762234,0.3782537219769395,-14954.097790948279,-136.03762237762234
D041A,2016,615,DBE,DBE,DBE05,DBE005,D 41,D041A,2016,Topaz,18.2,,18.2,0,0,0,1.67705361624,0,19.877053616239998,0,0,0,0,0,0,0,0,1723,85,0,0,1808,99.34065934065934,0,0,0,0,0,0,0,0,0,0,0,0,,0,0,0,1723,85,0,1808,99.34065934065934,0,0,0,0,D041A,2016.0,608,DBE006,D041A,18.2,0.27176669484361793,2366,2016,130,,0,0,,0,0,,0,0,,0,0,,0,0,,0,0,,0,0,,0,0,,0,0,,0,0,,0,0,,0,0,,0,0,,0,0,,0,0,3.134897360703812,3410,10.69,2.4975024975024973,24122,60.24475524475525,0.6373948632013149,-20712,-49.55475524475525,4.279994571118349,14736,63.07,3.4595884800828283,32204,111.4125874125874,0.8204060910355211,-17468,-48.3425874125874,3.785307200444815,28776,108.926,4.324667016260941,29098,125.83916083916084,-0.5393598158161259,-322,-16.913160839160838,6.144173496920023,19643,120.69,6.036690079831672,28928,174.6293706293706,0.10748341708835074,-9285,-53.939370629370615,6.57649212088746,22401,147.32,8.27799291317027,27205,225.20279720279717,-1.7015007922828094,-4804,-77.88279720279718,9.11740412979351,16950,154.54,11.333038344102643,25397,287.8251748251748,-2.2156342143091337,-8447,-133.28517482517483,8.367069708149387,20194.644707623986,168.97,13.34923502035291,23589,314.89510489510485,-4.982165312203524,-3394.3552923760144,-145.92510489510485
D042A,2016,616,DBE,DBE,DBE05,DBE005,D 42,D042A,2016,Topaz,22.7,,22.7,0,0,0,1.5990614153,0,24.2990614153,0,0,0,0,0,0,0,0,2285,0,0,0,2285,100.66079295154185,0,0,0,419,0,0,0,0,0,0,0,0,,0,0,0,2285,419,0,2704,119.11894273127754,0,0,0,0,D042A,2016.0,609,DBE006,D042A,22.7,0.2256862080650627,2951,2016,130,,0,0,,0,0,,0,0,,0,0,,0,0,,0,0,,0,0,,0,0,,0,0,,0,0,,0,0,,0,0,,0,0,,0,0,,0,0,3.2403503081414207,3083,9.99,2.4975024975024973,31990,79.8951048951049,0.7428478106389234,-28907,-69.9051048951049,4.143955276030748,17172,71.16,3.4965034965034962,41130,143.8111888111888,0.6474517795272514,-23958,-72.6511888111888,3.651466836734694,31360,114.51,4.37062937062937,36560,159.7902097902098,-0.7191625338946759,-5200,-45.28020979020978,7.033716089482593,21859,153.75,6.118881118881118,36560,223.70629370629368,0.9148349706014747,-14701,-69.95629370629368,6.620298083747339,28180,186.56,8.39160839160839,34275,287.6223776223776,-1.771310307861051,-6095,-101.0623776223776,7.093290201398309,19166,135.95,10.095304104179844,37856,382.16783216783216,-3.0020139027815347,-18690,-246.21783216783217,7.29411131423779,25255.989669421488,184.22,11.433032293772754,37247,425.8461538461538,-4.138920979534965,-11991.010330578512,-241.6261538461538
D043A,2016,617,DBE,DBE,DBE05,DBE005,D 43,D043A,2016,Topaz,15.0812528149,,15.0812528149,0,0,0,1.86725101886,0,16.94850383376,0,0,0,0,0,0,0,0,480,0,0,0,480,31.82759455671805,0,0,0,900,0,0,0,0,0,0,0,0,,0,0,0,480,900,0,1380,91.50433435056439,0,0,0,0,D043A,2016.0,610,DBE006,D043A,15.0812528149,0.7552269250382457,1961,2016,130.02898526192521,,0,0,,0,0,,0,0,,0,0,,0,0,,0,0,,0,0,,0,0,,0,0,,0,0,,0,0,,0,0,,0,0,,0,0,,0,0,6.961290322580645,1550,10.79,2.4975024975024973,6720,16.783216783216783,4.463787825078148,-5170,-5.993216783216784,7.2123268306474415,3537,25.51,3.4965034965034967,8640,30.20979020979021,3.715823334143945,-5103,-4.6997902097902085,10.147109134450906,5846,59.32,4.370629370629371,7680,33.56643356643357,5.776479763821535,-1834,25.753566433566434,8.551336146272854,2844,24.32,6.118881118881119,7680,46.99300699300699,2.432455027391735,-4836,-22.673006993006993,10.806060606060607,3300,35.66,8.391608391608392,7200,60.41958041958042,2.414452214452215,-3900,-24.759580419580423,9.427409988385598,8610,81.17,5.62480997263606,19320,108.67132867132868,3.8026000157495385,-10710,-27.50132867132868,10.611581218151022,10827.792544570502,114.9,6.263789686249579,22440,140.55944055944056,4.347791531901443,-11612.207455429498,-25.659440559440554
D043B,2017,618,DBE,DBE,DBE05,DBE005,D 43B,D043B,2017,Topaz,1,,1,0,0,0,0,0,1,0,0,0,0,0,0,0,0,0,0,0,0,0,0,0,0,0,68,0,0,0,0,0,0,0,0,,0,0,0,0,68,0,68,68,0,0,0,0,D043B,2017.0,617,DBE006,D043B,1,0,130,2017,130,,0,0,,0,0,,0,0,,0,0,,0,0,,0,0,,0,0,,0,0,,0,0,,0,0,,0,0,,0,0,,0,0,,0,0,,0,0,,0,0,,0,0,,0,0,1.4411764705882353,340,0.49,,0,0,,340,0.49,4.806763285024155,414,1.99,,0,0,,414,1.99,3.5555555555555554,315,1.12,,0,0,,315,1.12,3.668032786885246,488,1.79,,0,0,,488,1.79,5.107632093933463,511,2.61,2.4975024975024973,952,2.3776223776223775,2.610129596430966,-441,0.23237762237762238,6.469932784587183,695.525,4.5,3.4965034965034967,1224,4.27972027972028,2.973429288083686,-528.475,0.22027972027971998
E037A,2011,622,DBE,DBE,DBE05,DBE005,E 37A,E037A,2011,Socfindo,18.3,,18.3,0,0,0,2,0,20.3,0,0,0,110,1242,600,430,0,0,0,0,0,2382,130.1639344262295,0,0,0,0,0,0,0,0,0,0,0,0,,0,0,0,110,2272,0,2382,130.1639344262295,17,16,33,0.013853904282115869,E037A,2011.0,588,DBE006,E037A,18.3,0.9538203190596137,2382,2011,130.1639344262295,2.5055371633558163,5217,13.071387381227295,2.4975024975024973,1540,3.846153846153846,0.008034665853319023,3677,9.22523353507345,4.269845971563981,27008,115.32,2.599630852418956,19368,50.34965034965035,1.6702151191450252,7640,64.97034965034965,5.295712173484475,28406,150.43,3.285741199383714,32516,106.83916083916083,2.009970974100761,-4110,43.59083916083918,6.497251206103444,35652,231.64,3.911879236959857,38452,150.41958041958043,2.585371969143587,-2800,81.22041958041956,9.992805108373055,22238,222.22,5.261220175532356,38862,204.46153846153845,4.731584932840699,-16624,17.758461538461546,9.579200700116687,27424,262.7,7.171600568599203,36650,262.8391608391608,2.4076001315174835,-9226,-0.1391608391608088,9.395154336954647,23196,217.93,9.701290697313521,34698,336.6153846153846,-0.3061363603588738,-11502,-118.68538461538458,9.392829392829393,27027,253.86,11.975275621766523,32316,386.993006993007,-2.5824462289371297,-5289,-133.13300699300697,9.55492106147128,17862,170.67,13.685670759931321,29989,410.41958041958037,-4.130749698460042,-12127,-239.74958041958038,11.024646805896806,26048,287.17,14.723811704330036,28283,416.4335664335664,-3.6991648984332297,-2235,-129.26356643356638,10.674688440051568,25597,273.24,15.494049426407948,26877,416.4335664335664,-4.819360986356379,-1280,-143.1935664335664,10.498975371471806,25943.865030880213,272.384,16.24726177026126,25631,416.4335664335664,-5.748286398789455,312.86503088021345,-144.04956643356638
E037B,2015,623,DBE,DBE,DBE05,DBE005,E 37B,E037B,2015,Topaz,6.6,,6.6,3.7,0,0,2.1,0,12.4,0,0,0,0,0,0,0,369,0,0,0,0,369,55.909090909090914,0,0,0,208,0,0,0,0,0,0,0,0,,0,0,0,369,208,0,577,87.42424242424242,1,0,1,0.0017331022530329288,E037B,2015.0,605,DBE006,E037B,6.6,0.56993006993007,858,2015,130,,0,0,,0,0,,0,0,,0,0,,0,0,,0,0,,0,0,,0,0,,0,0,,0,0,,0,0,,0,0,1.6731517509727627,257,0.43,2.4975024975024973,5166,12.902097902097902,-0.8243507465297346,-4909,-12.472097902097902,2.1974063400576367,2776,6.1,3.496503496503496,6642,23.22377622377622,-1.299097156445859,-3866,-17.12377622377622,2.6885823304960375,3407,9.16,4.37062937062937,5904,25.804195804195803,-1.6820470401333325,-2497,-16.644195804195803,6.459943066287108,4918,31.77,6.118881118881118,5904,36.12587412587412,0.34106194740598994,-986,-4.35587412587412,6.686159844054581,3078,20.58,8.39160839160839,5535,46.44755244755244,-1.705448547553809,-2457,-25.86755244755244,7.747218139827839,4763,36.9,11.488511488511488,5166,59.34965034965034,-3.741293348683649,-403,-22.44965034965034,8.77209447833568,6393,56.08,9.311611983813306,7709,71.78321678321677,-0.539517505477626,-1316,-15.703216783216774,10.873669404932109,5571.624236848707,60.584,9.496010597332184,8172,77.6013986013986,1.377658807599925,-2600.3757631512926,-17.017398601398597
E038A,2013,624,DBE,DBE,DBE05,DBE005,E 38,E038A,2013,Topaz/Lonsum,29.6,,29.6,0,0,0,2.1822373627,0,31.782237362700002,0,0,0,0,0,2992,327,0,493,0,0,0,3812,128.78378378378378,0,0,0,69,0,0,0,0,0,0,0,0,,0,0,0,2992,889,0,3881,131.11486486486487,5,0,5,0.0012883277505797476,E038A,2013.0,599,DBE006,E038A,29.6,0.2290646740530791,3881,2013,131.11486486486487,,0,0,,0,0,,0,0,,0,0.69,,0,0,,0,0.69,2.9830371021152935,29594,88.28,2.4975024975024978,41888,104.61538461538463,0.48553460461279574,-12294,-16.335384615384626,5.18905364582305,50647,262.81,3.4182369637755206,58434,199.74125874125875,1.770816682047529,-7787,63.068741258741255,5.856852562655227,62006,363.16,4.274920733866379,53758,229.81118881118883,1.5819318287888482,8248,133.3488111888112,6.816190785204412,49312,336.12,5.549911209345266,60006,333.02797202797206,1.266279575859146,-10694,3.0920279720279495,6.846736508893579,53072,363.37,7.453588015077183,58986,439.6573426573427,-0.6068515061836042,-5914,-76.28734265734272,7.507469154104044,43847,329.18,10.183923718789577,54681,556.8671328671329,-2.6764545646855336,-10834,-227.6871328671329,8.097625264817461,40594,328.715,12.147834253671258,51362,623.9370629370632,-4.050208988853797,-10768,-295.2220629370632,9.050986141985527,42286,382.73,13.507901141970548,47550,642.3006993006995,-4.45691499998502,-5264,-259.5706993006995,9.051852575531838,40943,370.61,14.32794478249024,46200,661.9510489510491,-5.276092206958403,-5257,-291.34104895104906,7.992466959828373,48773.42652266289,389.82,15.133647473151354,44323.5,670.776223776224,-7.141180513322982,4449.926522662892,-280.956223776224
E039A,2013,625,DBE,DBE,DBE05,DBE005,E 39,E039A,2013,Topaz/Lonsum,27.5,,27.5,0,0,0,2.24029783518,0,29.74029783518,0,0,0,0,0,350,943,0,0,0,1296,0,2589,94.14545454545454,0,0,0,983,0,0,0,0,0,0,0,0,,0,0,0,350,3222,0,3572,129.8909090909091,3,0,3,0.0008398656215005599,E039A,2013.0,600,DBE006,E039A,27.5,0.9020156774916013,3572,2013,129.8909090909091,,0,0,,0,0,,0,0,2.749643067103385,11907,32.74,,0,0,,11907,32.74,3.317554842978572,19647,65.18,2.4975024975024978,4900,12.237762237762238,0.8200523454760744,14747,52.94223776223777,4.55508585146913,19161,87.28,2.82022356681366,19502,55,1.73486228465547,-341,32.28,5.186343497524107,23022,119.4,3.713350528270347,22574,83.82517482517483,1.47299296925376,448,35.57482517482518,6.520692974013475,33248,216.8,4.84386070232938,20688,100.20979020979021,1.6768322716840949,12560,116.5902097902098,7.1004011824324325,37888,269.02,6.705557202164538,20338,136.37762237762237,0.39484398026789425,17550,132.6423776223776,8.420083225322328,29318,246.86,5.924001514095359,37189,220.30769230769232,2.496081711226969,-7871,26.552307692307693,8.00584063412599,33558,268.66,7.1671512518640075,41080,294.42657342657344,0.8386893822619825,-7522,-25.766573426573416,8.267231809466143,39636,327.68,8.514002464802305,37195,316.6783216783217,-0.24677065533616194,2441,11.001678321678298,8.14067263251057,40676,331.13,7.771036724266122,49839,387.3006993006993,0.36963590824444825,-9163,-56.17069930069931,8.422315774975722,43549.78010796054,366.79,8.702720531154693,51828.5,451.04895104895104,-0.28040475617897087,-8278.719892039459,-84.25895104895102
E040A,2013,626,DBE,DBE,DBE05,DBE005,E 40,E040A,2013,Topaz/Lonsum,30.400000000000002,,30.400000000000002,0,0,0,2.2539372075,0,32.6539372075,0,0,0,0,0,308,0,2137,0,0,396,0,2841,93.45394736842104,0,1322,0,0,0,0,0,0,0,0,0,0,,0,0,0,308,3855,0,4163,136.9407894736842,1,1,2,0.00048042277203939464,E040A,2013.0,601,DBE006,E040A,30.400000000000002,0.9260148931059333,4163,2013,136.9407894736842,,0,0,,0,0,,0,0,7.269826800364631,4388,31.9,,0,0,,4388,31.9,2.806382507202482,13537,37.99,2.4975024975024973,4312,10.769230769230768,0.30888000969998464,9225,27.220769230769235,4.254092261904762,10752,45.74,3.4965034965034953,5544,19.38461538461538,0.7575887654012665,5208,26.355384615384622,5.588192944564435,6945,38.81,2.7624043292986644,34846,96.25874125874125,2.8257886152657705,-27901,-57.44874125874125,7.269833948339484,21680,157.61,3.794311417485128,43394,164.65034965034965,3.475522530854356,-21714,-7.04034965034964,6.922063777513234,39481,273.29,4.849268015299139,38812,188.20979020979019,2.0727957622140947,669,85.08020979020984,6.179877966830632,37203,229.91,6.188734984594048,44048,272.6013986013986,-0.008857017763416408,-6845,-42.69139860139862,7.8382993466640265,40408,316.73,8.052474998546733,43187,347.76223776223776,-0.21417565188270693,-2779,-31.03223776223774,8.505703675702119,44971,382.51,8.065201075567492,58458,471.4755244755244,0.44050260013462683,-13487,-88.96552447552443,8.600882087252245,37638,323.72,8.940193319007085,61455,549.4195804195804,-0.3393112317548397,-23817,-225.69958041958034,8.933015218619472,41410.42984332543,369.92,10.151472787778111,56124,569.7412587412588,-1.2184575691586392,-14713.57015667457,-199.82125874125876
E041A,2012,627,DBE,DBE,DBE05,DBE005,E 41,E041A,2012,Topaz,29,,29,0,0,0,2.20141540988,0,31.20141540988,0,0,0,0,1961,0,0,1232,0,0,0,0,3193,110.10344827586206,0,0,0,0,0,0,0,0,0,0,0,0,,0,0,0,1961,1232,0,3193,110.10344827586206,5,3,8,0.002505480739116818,E041A,2012.0,590,DBE006,E041A,29,0.41410218105766355,3347,2012,115.41379310344827,,0,0,,0,0,,0,0,3.122704166821268,26951,84.16,2.4975024975024973,27454,68.56643356643356,0.6252016693187707,-503,15.593566433566437,4.260873922629785,39912,170.06,3.496503496503496,35298,123.4195804195804,0.7643704261262894,4614,46.640419580419604,4.771606540358163,46236,220.62,4.370629370629371,31376,137.13286713286712,0.40097716972879205,14860,83.48713286713289,7.369738915147423,35544,261.95,4.834298639826773,48624,235.06293706293704,2.5354402753206493,-13080,26.88706293706295,8.057513071152535,35192,283.56,6.287484684879579,51591,324.37762237762234,1.7700283862729558,-16399,-40.81762237762234,7.260641238253179,36180,262.69,8.513748050702636,47166,401.55944055944053,-1.2531068124494578,-10986,-138.86944055944053,8.331542674458216,38161,317.94,10.252130349464714,45205,463.4475524475524,-1.920587675006498,-7044,-145.50755244755243,8.045426011527706,35046,281.96,11.851592185782417,42012,497.9090909090909,-3.8061661742547113,-6966,-215.9490909090909,6.5977370269215765,41008,270.56,13.592784180354375,39799.5,540.986013986014,-6.9950471534327985,1208.5,-270.42601398601397,8.658493338061705,39478,341.82,14.851325809901914,37587,558.2167832167831,-6.192832471840209,1891,-216.39678321678315,8.102405410411874,45521.049776902124,368.83,15.780202779312306,35374.5,558.2167832167831,-7.677797368900432,10146.549776902124,-189.38678321678316
E042A,2016,628,DBE,DBE,DBE05,DBE005,E 42,E042A,2016,Topaz/Lonsum,30.200000000000003,,30.200000000000003,0,0,0,1.44554507511,0,31.645545075110004,0,0,0,0,0,0,0,0,2941,0,47,0,2988,98.94039735099336,0,0,0,469,0,0,0,0,0,0,0,40,,0,0,0,2941,516,40,3497,115.79470198675496,1,0,1,0.00028595939376608524,E042A,2016.0,611,DBE006,E042A,30.200000000000003,0.2508914926133469,3926,2016,130,,0,0,,0,0,,0,0,,0,0,,0,0,,0,0,,0,0,,0,0,,0,0,,0,0,,0,0,,0,0,,0,0,,0,0,,0,0,4.715438290449193,9172,43.25,2.4975024975024978,41174,102.83216783216785,2.2179357929466956,-32002,-59.582167832167855,5.160673297628156,20912,107.92,3.4965034965034967,52938,185.0979020979021,1.6641698011246593,-32026,-77.1779020979021,6.120326735783852,31830,194.81,4.3447980112271525,47714,207.30769230769235,1.7755287245566995,-15884,-12.497692307692347,6.725826898697707,26031,175.08,6.072567155611707,47902,290.88811188811195,0.6532597430860001,-21871,-115.80811188811194,7.507077697389116,31790,238.65,8.32421417706817,44867,373.4825174825175,-0.8171364796790535,-13077,-134.8325174825175,7.391645280866838,28056,207.38,10.18782421900462,48492,494.02797202797206,-2.796178938137782,-20436,-286.64797202797206,7.552923064562841,30335.275236020338,229.12,11.599713077129712,47380,549.5944055944058,-4.046790012566871,-17044.724763979662,-320.47440559440577
E043A,2016,629,DBE,DBE,DBE05,DBE005,E 43,E043A,2016,Topaz,12.4,,12.4,0,0,0,1.31510259187,0,13.71510259187,0,0,0,0,0,0,0,0,1227,0,0,0,1227,98.95161290322581,0,0,0,0,0,0,0,0,0,0,0,0,,0,0,0,1227,0,0,1227,98.95161290322581,0,0,0,0,E043A,2016.0,612,DBE006,E043A,12.4,0.23883374689826303,1612,2016,130,,0,0,,0,0,,0,0,,0,0,,0,0,,0,0,,0,0,,0,0,,0,0,,0,0,,0,0,,0,0,,0,0,,0,0,,0,0,3.7266791044776117,2144,7.99,2.4975024975024978,17178,42.90209790209791,1.229176606975114,-15034,-34.912097902097905,4.997269997269997,7326,36.61,3.496503496503497,22086,77.22377622377624,1.5007665007665003,-14760,-40.61377622377624,2.988862414805785,18047,53.94,4.370629370629371,19632,85.80419580419581,-1.3817669558235859,-1585,-31.864195804195816,7.390106980192776,9441,69.77,6.118881118881118,19632,120.12587412587412,1.2712258613116578,-10191,-50.355874125874124,8.46744538178672,9246,78.29,8.391608391608393,18405,154.44755244755248,0.07583699017832579,-9159,-76.15755244755248,10.432952982115399,12357,128.92,11.48851148851149,17178,197.34965034965037,-1.0555585063960908,-4821,-68.42965034965039,11.0234687018045,12127.761561849897,133.69,13.448090371167295,15951,214.51048951048952,-2.4246216693627947,-3823.2384381501033,-80.82048951048952
E043B,2017,630,DBE,DBE,DBE05,DBE005,E 43B,E043B,2017,Topaz,1.13882709099,,1.13882709099,0,0,0,0.51510259187,0,1.6539296828599999,0,0,0,0,0,0,0,0,0,57,0,0,57,50.05149636056604,0,0,0,100,0,0,0,0,0,0,0,0,,0,0,0,57,100,0,157,137.8611390984012,0,0,0,0,E043B,2017.0,618,DBE006,E043B,1.13882709099,0.6369426751592356,157,2017,137.8611390984012,,0,0,,0,0,,0,0,,0,0,,0,0,,0,0,,0,0,,0,0,,0,0,,0,0,,0,0,,0,0,,0,0,,0,0,,0,0,,0,0,,0,0,,0,0,2.146892655367232,354,0.76,2.497502497502497,798,1.9930069930069927,-0.350609842135265,-444,-1.2330069930069927,3.4390243902439024,410,1.41,3.4965034965034962,1026,3.587412587412587,-0.05747910625959385,-616,-2.1774125874125874,2.9194630872483223,298,0.87,4.37062937062937,912,3.9860139860139854,-1.4511662833810477,-614,-3.1160139860139853,2.751004016064257,498,1.37,6.118881118881117,912,5.580419580419579,-3.3678771028168604,-414,-4.210419580419579,4.101338432122371,1046,4.29,4.7322965283053975,2255,10.67132867132867,-0.6309580961830266,-1209,-6.38132867132867,4.264793678665495,1392.7989130434785,5.94,5.951323503286551,2598,15.46153846153846,-1.6865298246210552,-1205.2010869565215,-9.521538461538459
E044A,2016,631,DBE,DBE,DBE05,DBE005,E 44,E044A,2016,Topaz,4.8,,4.8,0,0,0,1.20257538927,0,6.00257538927,0,0,0,0,0,0,0,0,471,0,0,0,471,98.125,0,0,0,70,0,0,0,0,0,0,0,0,,0,0,0,471,70,0,541,112.70833333333334,0,0,0,0,E044A,2016.0,613,DBE006,E044A,4.8,0.2451923076923077,624,2016,130,,0,0,,0,0,,0,0,,0,0,,0,0,,0,0,,0,0,,0,0,,0,0,,0,0,,0,0,,0,0,,0,0,,0,0,,0,0,2.0154373927958833,1166,2.35,2.4975024975024978,6594,16.46853146853147,-0.48206510470661446,-5428,-14.11853146853147,1.795020266357846,3454,6.2,3.4965034965034962,8478,29.64335664335664,-1.7014832301456502,-5024,-23.44335664335664,2.508971758464659,6409,16.08,4.370629370629371,7536,32.93706293706294,-1.861657612164712,-1127,-16.857062937062942,5.238242574257426,3232,16.93,6.118881118881117,7536,46.111888111888106,-0.8806385446236913,-4304,-29.181888111888107,4.480584135413209,3013,13.5,8.391608391608392,7065,59.28671328671328,-3.9110242561951827,-4052,-45.78671328671328,4.6260601387818046,5188,24,10.325164668972434,7574,78.20279720279721,-5.699104530190629,-2386,-54.202797202797214,4.99612060541548,4751.686733556299,23.74,11.749729344203132,7383,86.74825174825173,-6.753608738787652,-2631.3132664437007,-63.00825174825174
F035A,2011,632,DBE,DBE,DBE05,DBE005,F 35,F035A,2011,Socfindo/Lonsum,29,,29,0,0,0,1.66180024408,0,30.66180024408,0,0,0,2748,0,295,0,20,0,0,393,0,3456,119.17241379310344,0,0,0,0,0,0,0,0,0,0,0,0,,0,0,0,2748,708,0,3456,119.17241379310344,71,12,83,0.024016203703703703,F035A,2011.0,571,DBE005,F035A,29,0.2048611111111111,3456,2011,119.17241379310344,2.565921719504999,11468,29.42599027928333,2.4975024975024973,38472,96.08391608391608,0.06841922200250172,-27004,-66.65792580463275,3.540016480836823,59463,210.5,3.4965034965034962,49464,172.95104895104893,0.04351298433332662,9999,37.54895104895107,4.623162707542607,68239,315.48,4.209790791353434,48098,202.48251748251747,0.4133719161891731,20141,112.99748251748255,6.023926591713382,63862,384.7,5.836304204744482,49278,287.60139860139856,0.18762238696889977,14584,97.09860139860143,7.356111821670017,60203,442.86,7.945278434244249,46220,367.23076923076917,-0.5891666125742319,13983,75.62923076923084,8.923363666264663,54726,488.34,10.840509600612464,43552,472.125874125874,-1.9171459343478006,11174,16.214125874125955,9.371584699453551,43188,404.74,12.823421605452294,40469,518.9510489510488,-3.451836905998743,2719,-114.21104895104884,10.609190868300379,40562,430.33,12.662281810623218,42928,543.5664335664335,-2.0530909423228394,-2366,-113.2364335664335,9.258953168044076,32670,302.49,13.063108902963144,42811,559.2447552447552,-3.8041557349190676,-10141,-256.7547552447552,9.094807710043346,43372,394.46,13.950126628627222,40336,562.6923076923076,-4.855318918583876,3036,-168.23230769230764,10.32851222658287,36437,376.34,14.795010503165008,38794.5,573.9650349650349,-4.466498276582138,-2357.5,-197.6250349650349,10.536712190792493,35879.31350448758,378.05,16.48419213092605,35486,584.9580419580418,-5.947479940133558,393.31350448758167,-206.9080419580418
F036A,2011,633,DBE,DBE,DBE05,DBE005,F 36,F036A,2011,Socfindo,31,,31,0,0,0,2.122818,0,33.122818,0,0,0,1475,1044,511,654,0,0,0,0,0,3684,118.83870967741936,0,0,0,0,0,0,0,0,0,0,0,0,,0,0,0,1475,2209,0,3684,118.83870967741936,95,3,98,0.026601520086862108,F036A,2011.0,572,DBE005,F036A,31,0.6107152282924253,3789,2011,122.2258064516129,4.787640124755263,2168,10.37960379046941,2.4975024975024978,20650,51.57342657342658,2.290137627252765,-18482,-41.19382278295717,3.241609339170315,33579,108.85,3.1418079078769936,41166,129.33566433566432,0.09980143129332131,-7587,-20.485664335664325,3.768917949126864,62705,236.33,3.7686247067428194,49546,186.72027972027973,0.00029324238404448977,13159,49.60972027972028,5.638330541596873,71640,403.93,4.644559300360725,58658,272.4405594405594,0.9937712412361481,12982,131.4894405594406,6.702189106451799,69252,464.14,6.205985857890513,58777,364.7692307692307,0.4962032485612857,10475,99.37076923076927,8.036815691682948,52206,419.57,8.451548451548451,54950,464.4125874125874,-0.41473275986550284,-2744,-44.84258741258742,8.37978301825505,46179,386.97,10.672821015656146,51920,554.1328671328671,-2.293037997401095,-5741,-167.16286713286706,9.61275464172088,42118,404.87,12.540324755267951,48236,604.8951048951049,-2.9275701135470715,-6118,-200.02510489510485,10.04695885509839,35776,359.44,14.018902635469388,45289.5,634.9090909090909,-3.9719437803709976,-9513.5,-275.4690909090909,9.05920270114722,52126,472.22,15.02521740478115,42865,644.055944055944,-5.966014703633931,9261,-171.83594405594397,10.299457453554735,42577,438.52,15.826025753291331,40696,644.055944055944,-5.526568299736596,1881,-205.53594405594401,11.489036017045256,39760.515966898514,456.81,16.897037872206106,38116.5,644.055944055944,-5.408001855160849,1644.0159668985143,-187.245944055944
F037A,2011,634,DBE,DBE,DBE05,DBE005,F 37,F037A,2011,Socfindo,28.599999999999998,,28.599999999999998,0,0,0,3.42430402978,0,32.02430402978,0,0,0,556,2184,547,0,0,0,0,0,0,3287,114.93006993006993,0,0,0,0,0,0,0,0,0,0,0,0,,0,0,0,556,2731,0,3287,114.93006993006993,44,2,46,0.013994523881959233,F037A,2011.0,573,DBE005,F037A,28.599999999999998,0.8373793506873355,3419,2011,119.54545454545456,1.898885053729748,9939,18.873018549019967,2.4975024975024973,7784,19.44055944055944,-0.5986174437727494,2155,-0.5675408915394726,3.7319888006191526,43931,163.95,2.7438557893909756,40584,111.35664335664336,0.988133011228177,3347,52.59335664335663,4.474010254846273,52463,234.72,3.498756640202242,55866,195.46153846153848,0.9752536146440307,-3403,39.25846153846152,5.516139780099171,51023,281.45,4.50000768519563,53686,241.58741258741262,1.0161320949035408,-2663,39.862587412587374,8.07198539426783,34507,278.54,6.18909877884434,52036,322.05594405594405,1.882886615423491,-17529,-43.51594405594403,7.720320619359182,47533,366.97,8.477120088609867,49296,417.88811188811195,-0.7567994692506854,-1763,-50.91811188811192,7.950069601332695,43821,348.38,11.244075535844537,46009,517.3286713286714,-3.2940059345118424,-2188,-168.94867132867137,8.966360620322506,38883,348.639,13.271850568793598,42722,567.0000000000001,-4.305489948471092,-3839,-218.3610000000001,9.192590192266149,37032,340.42,14.47008157657064,39713,574.6503496503498,-5.277491384304492,-2681,-234.23034965034975,8.985133625504854,46548,418.24,15.203999091182924,37796,574.6503496503498,-6.2188654656780695,8752,-156.41034965034976,9.506449803701626,39226,372.9,15.89517598092386,36152.5,574.6503496503498,-6.3887261772222335,3073.5,-201.7503496503498,10.562840513498553,36221.317505557774,382.6,16.787425130739674,34231,574.6503496503498,-6.2245846172411206,1990.317505557774,-192.05034965034974
F038A,2013,635,DBE,DBE,DBE05,DBE005,F 38,F038A,2013,Topaz,29.8,,29.8,0,0,0,2.73819532897,0,32.53819532897,0,0,0,0,0,2450,0,1605,0,0,0,0,4055,136.0738255033557,0,0,0,0,0,0,0,0,0,0,0,0,,0,0,0,2450,1605,0,4055,136.0738255033557,30,0,30,0.007398273736128237,F038A,2013.0,580,DBE005,F038A,29.8,0.3958076448828607,4055,2013,136.0738255033557,,0,0,,0,0,,0,0,2.746059773723105,15291,41.99,,0,0,,15291,41.99,3.5716630710064723,42644,152.31,2.4975024975024978,34300,85.66433566433567,1.0741605735039745,8344,66.64566433566434,5.787815367631839,43481,251.66,3.496503496503496,44100,154.1958041958042,2.291311871128343,-619,97.46419580419581,6.458080863721494,45385,293.1,3.688139329456015,61670,227.44755244755245,2.769941534265479,-16285,65.65244755244757,6.976127320954907,49010,341.9,5.006228901073958,68090,340.8741258741258,1.9698984198809493,-19080,1.025874125874168,6.990465341939839,47406,331.39,6.737616060057194,62430,420.6293706293706,0.25284928188264466,-15024,-89.23937062937063,6.609994568169473,46025,304.225,9.18954336760272,59980,551.1888111888112,-2.5795487994332476,-13955,-246.96381118881118,8.733630105077902,38638,337.45,11.271339299949043,55925,630.3496503496502,-2.537709194871141,-17287,-292.89965034965024,7.32892998678996,49205,360.62,13.234403922663033,51870,686.4685314685314,-5.905473935873072,-2665,-325.8485314685314,7.877493546115935,42610,335.66,14.455874468109377,49040,708.9160839160838,-6.578380921993442,-6430,-373.2560839160838,8.74028542636553,41773.23533378287,365.11,15.341183378404756,46210,708.9160839160838,-6.600897952039226,-4436.764666217132,-343.8060839160838
F039A,2013,636,DBE,DBE,DBE05,DBE005,F 39,F039A,2013,Topaz/Lonsum,28.4,,28.4,0,0,0,2.11581557259,0,30.51581557259,0,0,0,0,0,1966,0,0,0,521,507,0,2994,105.42253521126761,0,0,0,0,0,0,0,0,0,0,190,0,,0,0,0,1966,1218,0,3184,112.11267605633803,13,0,13,0.004082914572864322,F039A,2013.0,581,DBE005,F039A,28.4,0.4183431952662722,3380,2013,119.01408450704226,,0,0,,0,0,,0,0,,0,0,,0,0,,0,0,3.924668051666516,11071,43.45,2.4975024975024978,27524,68.74125874125875,1.4271655541640182,-16453,-25.291258741258744,5.4472212244060145,19487,106.15,3.4965034965034962,35388,123.73426573426572,1.9507177279025183,-15901,-17.584265734265713,6.288508788508788,21164,133.09,4.370629370629371,31456,137.4825174825175,1.9178794178794174,-10292,-4.392517482517491,7.625519063797659,31788,242.4,6.11888111888112,31456,192.4755244755245,1.5066379449165392,332,49.9244755244755,7.6706980807556855,36629,280.97,7.222850007756488,36784,265.68531468531467,0.4478480729991974,-155,15.284685314685362,8.350486082523195,31579,263.7,8.334710743801654,44000,366.72727272727275,0.015775338721541132,-12421,-103.02727272727276,8.385945649190228,32787,274.95,9.578078824940748,43020,412.04895104895104,-1.19213317575052,-10233,-137.09895104895105,7.419697033988204,47134,349.72,10.74345235184396,40040,430.16783216783216,-3.323755317855756,7094,-80.44783216783213,7.817947247706422,34880,272.69,11.908944283866433,38536,458.9230769230769,-4.090997036160011,-3656,-186.2330769230769,7.771876620799646,36881.6971737397,286.64,13.451654437280721,36525,491.32167832167835,-5.679777816481075,356.69717373970343,-204.68167832167836
F040A,2013,637,DBE,DBE,DBE05,DBE005,F 40,F040A,2013,Topaz/Lonsum,30.599999999999998,,30.599999999999998,0,0,0,2.09495282956,0,32.694952829559995,0,0,0,0,0,2090,0,0,0,0,956,0,3046,99.54248366013073,0,0,0,0,0,0,0,403,0,0,0,0,,0,0,0,2090,1359,0,3449,112.7124183006536,45,1,46,0.013337199188170484,F040A,2013.0,582,DBE005,F040A,30.599999999999998,0.3940272542766019,3449,2013,112.7124183006536,,0,0,,0,0,,0,0,,0,0,,0,0,,0,0,3.9477281865701648,12435,49.09,2.497502497502497,29260,73.07692307692307,1.450225689067668,-16825,-23.986923076923063,5.510974627466774,19864,109.47,3.4965034965034962,37620,131.53846153846152,2.0144711309632775,-17756,-22.06846153846152,7.927153981411705,19905,157.79,4.37062937062937,33440,146.15384615384613,3.5565246107823354,-13535,11.63615384615386,8.898913427215314,25493,226.86,6.118881118881119,33440,204.6153846153846,2.780032308334195,-7947,22.2446153846154,9.23164918970448,31470,290.52,8.391608391608392,31350,263.07692307692304,0.8400407980960889,120,27.443076923076944,9.33040408592459,26628,248.45,8.666645239199408,42644,369.5804195804196,0.663758846725182,-16016,-121.13041958041958,8.743285626734922,27739,242.53,9.589266022633906,44378,425.5524475524475,-0.8459803958989838,-16639,-183.02244755244752,6.650461060896558,43812,291.37,10.705314103372354,40376,432.2377622377622,-4.054853042475796,3436,-140.86776223776218,8.22653989251757,38704,318.4,11.669650427881848,39331,458.97902097902096,-3.443110535364278,-627,-140.57902097902098,7.053200688261844,45826.00358131206,323.22,13.011526378791313,37330,485.7202797202797,-5.958325690529469,8496.003581312063,-162.50027972027965
F041A,2013,638,DBE,DBE,DBE05,DBE005,F 41,F041A,2013,Topaz/Lonsum,29.4,,29.4,0,0,0,2.19564644076,0,31.59564644076,0,0,0,0,0,1534,0,0,0,0,909,0,2443,83.0952380952381,0,0,0,0,0,163,0,1165,0,0,0,0,,0,0,0,1534,2237,0,3771,128.26530612244898,3,0,3,0.0007955449482895784,F041A,2013.0,602,DBE006,F041A,29.4,0.5932113497745957,3771,2013,128.26530612244898,,0,0,,0,0,,0,0,,0,0,,0,0,,0,0,,0,0,2.4975024975024973,21476,53.63636363636363,,-21476,-53.63636363636363,5.424433610553485,6974,37.83,3.496503496503496,27612,96.54545454545453,1.927930114049989,-20638,-58.715454545454534,7.829778958968043,15427,120.79,4.37062937062937,24544,107.27272727272727,3.459149588338673,-9117,13.51727272727274,8.542350907519447,23140,197.67,6.118881118881117,24544,150.18181818181816,2.4234697886383296,-1404,47.48818181818183,8.099054070800115,24209,196.07,8.39160839160839,23010,193.09090909090907,-0.29255432080827504,1199,2.979090909090928,8.077936596662141,25046,202.32,8.143105359642403,34202,278.51048951048944,-0.06516876298026197,-9156,-76.19048951048944,8.497902476431053,22169,188.39,8.962968499107767,36304,325.3916083916084,-0.46506602267671404,-14135,-137.00160839160839,8.894848554382744,34864,310.11,10.067621138269354,32952,331.74825174825173,-1.1727725838866103,1912,-21.63825174825172,8.242266030545803,33327,274.69,11.09755554372612,32185,357.1748251748252,-2.855289513180317,1142,-82.48482517482518,8.005019924043673,35187.919914346894,281.68,11.841685197179082,32791,388.3006993006993,-3.8366652731354094,2396.919914346894,-106.6206993006993
F042A,2013,639,DBE,DBE,DBE05,DBE005,F 42,F042A,2013,Topaz/Lonsum,28.7,,28.7,0,0,0,2.18232216461,0,30.88232216461,0,0,0,0,0,2030,0,0,424,536,0,0,2990,104.18118466898954,0,0,0,0,0,0,0,406,0,0,0,0,,0,0,0,2030,1366,0,3396,118.32752613240419,0,0,0,0,F042A,2013.0,603,DBE006,F042A,28.7,0.40223792697290933,3396,2013,118.32752613240419,,0,0,,0,0,,0,0,,0,0,,0,0,,0,0,,0,0,2.4975024975024973,28420,70.97902097902097,,-28420,-70.97902097902097,4.449728260869565,4416,19.65,3.4965034965034962,36540,127.76223776223776,0.9532247643660692,-32124,-108.11223776223775,6.39859406148358,19062,121.97,4.370629370629371,32480,141.95804195804195,2.0279646908542093,-13418,-19.988041958041947,7.688976220074588,24937,191.74,5.559309495169555,38416,213.5664335664336,2.129666724905033,-13479,-21.826433566433593,8.61954794278651,22652,195.25,6.601830582877395,45586,300.9510489510489,2.0177173599091143,-22934,-105.7010489510489,6.021993004920268,33738,203.17,8.692769818249173,44852,389.8881118881119,-2.6707768133289056,-11114,-186.7181118881119,7.883029360478816,21219,167.27,10.392529626062561,41750,433.88811188811195,-2.5095002655837453,-20531,-266.6181118881119,7.57979182241647,34778,263.61,11.724889524156627,39296,460.74125874125883,-4.1450977017401565,-4518,-197.13125874125882,7.6344716400410375,34115,260.45,13.144327337408983,37321,490.55944055944065,-5.509855697367946,-3206,-230.10944055944066,7.508894225341223,37443.59576289322,281.16,14.576777265624662,35346,515.2307692307693,-7.067883040283439,2097.595762893223,-234.07076923076926
F043A,2016,640,DBE,DBE,DBE05,DBE005,F 43,F043A,2016,Topaz,23.700000000000003,,23.700000000000003,0,0,0,2.67223640743,0,26.37223640743,0,0,0,0,0,0,0,0,3005,0,0,0,3005,126.79324894514767,0,0,0,0,0,0,0,135,0,0,0,0,,0,0,0,3005,135,0,3140,132.48945147679322,0,0,0,0,F043A,2016.0,614,DBE006,F043A,23.700000000000003,0.055031446540880505,3180,2016,134.1772151898734,,0,0,,0,0,,0,0,,0,0,,0,0,,0,0,,0,0,,0,0,,0,0,,0,0,,0,0,,0,0,,0,0,,0,0,,0,0,4.325268146669993,8018,34.68,2.4975024975024973,42070,105.06993006993007,1.8277656491674956,-34052,-70.38993006993007,5.781356457107464,16145,93.34,3.4965034965034967,54090,189.12587412587413,2.284852960603967,-37945,-95.78587412587413,5.984717771752527,28399,169.96,4.370629370629371,48080,210.13986013986013,1.6140884011231558,-19681,-40.179860139860125,7.267334833299243,14667,106.59,6.118881118881119,48080,294.1958041958042,1.1484537144181237,-33413,-187.6058041958042,5.0281371747390695,20791,104.54,8.391608391608392,45075,378.25174825174827,-3.363471216869322,-24284,-273.71174825174825,6.9587139933103686,20031,139.39,11.48851148851149,42070,483.32167832167835,-4.529797495201121,-22039,-343.93167832167836,8.394368850098825,15660.498406434968,131.46,13.448090371167293,39065,525.3496503496503,-5.053721521068468,-23404.50159356503,-393.8896503496503
F044A,2016,641,DBE,DBE,DBE05,DBE005,F 44,F044A,2016,Topaz,24.5,,24.5,0,0,0,2.74407442656,0,27.24407442656,0,0,0,0,0,0,0,0,1731,0,0,0,1731,70.65306122448979,0,0,0,413,0,0,0,940,103,0,0,0,,0,0,0,1731,1353,103,3187,130.08163265306123,0,0,0,0,F044A,2016.0,615,DBE006,F044A,24.5,0.4568559774082209,3187,2016,130.08163265306123,,0,0,,0,0,,0,0,,0,0,,0,0,,0,0,,0,0,,0,0,,0,0,,0,0,,0,0,,0,0,,0,0,,0,0,,0,0,3.2671558049201552,2317,7.57,2.497502497502497,24234,60.52447552447551,0.7696533074176584,-21917,-52.95447552447551,4.109898381633421,13285,54.6,3.4965034965034967,31158,108.94405594405595,0.6133948851299245,-17873,-54.344055944055945,3.19447880077178,20213,64.57,4.37062937062937,27696,121.04895104895103,-1.1761505698575898,-7483,-56.47895104895103,7.5768107882663704,14386,109,6.118881118881119,27696,169.46853146853147,1.4579296693852513,-13310,-60.46853146853147,6.926722202823365,20047,138.86,8.391608391608392,25965,217.8881118881119,-1.4648861887850266,-5918,-79.02811188811188,9.206488126495127,17139,157.79,9.756568058806865,30016,292.8531468531468,-0.5500799323117374,-12877,-135.06314685314683,9.307079753643464,16080.231819375163,149.66,10.976897638887817,29937,328.6153846153846,-1.6698178852443526,-13856.768180624837,-178.9553846153846
F045A,2016,642,DBE,DBE,DBE05,DBE005,F 45,F045A,2016,Topaz,17.1,,17.1,0,0,0,1.8,0,18.900000000000002,0,0,0,0,0,0,0,0,1315,0,0,0,1315,76.90058479532163,0,0,0,389,0,0,0,0,0,0,0,0,,0,0,0,1315,389,0,1704,99.64912280701753,0,0,0,0,F045A,2016.0,616,DBE006,F045A,17.1,0.40845704003598743,2223,2016,130,,0,0,,0,0,,0,0,,0,0,,0,0,,0,0,,0,0,,0,0,,0,0,,0,0,,0,0,,0,0,,0,0,,0,0,,0,0,2.3535564853556483,1912,4.5,2.4975024975024978,18410,45.97902097902099,-0.14394601214684943,-16498,-41.47902097902099,3.1338170092704556,9924,31.1,3.4965034965034967,23670,82.76223776223777,-0.3626864872330411,-13746,-51.66223776223777,2.1301472157030084,23435,49.92,4.370629370629371,21040,91.95804195804197,-2.2404821549263625,2395,-42.03804195804197,6.501714391622649,10791,70.16,6.118881118881119,21040,128.74125874125875,0.38283327274152956,-10249,-58.58125874125875,9.475843531159368,14137,133.96,8.391608391608392,19725,165.52447552447555,1.0842351395509766,-5588,-31.56447552447554,6.066044508255564,12537,76.05,9.435986548662607,23856,225.10489510489515,-3.369942040407043,-11319,-149.05489510489514,5.702427214095339,13580.182103610676,77.44,10.556402140416749,24097,254.3776223776224,-4.85397492632141,-10516.817896389324,-176.9376223776224
